{
  "resource_category": "Resourceful user",
  "validation_results": {
    "Accuracy": [
      [
        0.6666666865348816,
        0.5,
        1.0
      ],
      [
        0.6666666865348816,
        0.5,
        1.0
      ],
      [
        0.6666666865348816,
        0.5,
        1.0
      ],
      [
        0.6666666865348816,
        0.5,
        1.0
      ],
      [
        0.6666666865348816,
        0.5,
        1.0
      ],
      [
        0.6666666865348816,
        0.5,
        1.0
      ],
      [
        0.4166666865348816,
        0.5,
        1.0
      ],
      [
        0.6666666865348816,
        0.5,
        1.0
      ],
      [
        0.6666666865348816,
        0.5,
        1.0
      ],
      [
        0.6666666865348816,
        0.5,
        1.0
      ],
      [
        0.6666666865348816,
        0.5,
        1.0
      ],
      [
        0.6666666865348816,
        0.5,
        1.0
      ],
      [
        0.6666666865348816,
        0.5,
        1.0
      ],
      [
        0.6666666865348816,
        0.5,
        1.0
      ],
      [
        0.6666666865348816,
        0.5,
        1.0
      ],
      [
        0.6666666865348816,
        0.5,
        1.0
      ],
      [
        0.6666666865348816,
        0.5,
        1.0
      ],
      [
        0.6666666865348816,
        0.5,
        1.0
      ],
      [
        0.6666666865348816,
        0.5,
        1.0
      ],
      [
        0.6666666865348816,
        0.5,
        1.0
      ],
      [
        0.6666666865348816,
        0.5,
        1.0
      ],
      [
        0.6666666865348816,
        0.5,
        1.0
      ],
      [
        0.6666666865348816,
        0.5,
        1.0
      ],
      [
        0.6666666865348816,
        0.5,
        1.0
      ],
      [
        0.6666666865348816,
        0.5,
        1.0
      ],
      [
        0.6666666865348816,
        0.5,
        1.0
      ],
      [
        0.6666666865348816,
        0.5,
        1.0
      ],
      [
        0.6666666865348816,
        0.5,
        1.0
      ],
      [
        0.6666666865348816,
        0.5,
        1.0
      ],
      [
        0.6666666865348816,
        0.5,
        1.0
      ]
    ],
    "Precision": [
      [
        0.375,
        0.25,
        1.0
      ],
      [
        0.375,
        0.25,
        1.0
      ],
      [
        0.375,
        0.25,
        1.0
      ],
      [
        0.5416666865348816,
        0.25,
        1.0
      ],
      [
        0.5416666865348816,
        0.25,
        1.0
      ],
      [
        0.375,
        0.25,
        1.0
      ],
      [
        0.1666666716337204,
        0.25,
        1.0
      ],
      [
        0.375,
        0.25,
        1.0
      ],
      [
        0.375,
        0.25,
        1.0
      ],
      [
        0.375,
        0.25,
        1.0
      ],
      [
        0.375,
        0.25,
        1.0
      ],
      [
        0.375,
        0.25,
        1.0
      ],
      [
        0.375,
        0.25,
        1.0
      ],
      [
        0.375,
        0.25,
        1.0
      ],
      [
        0.375,
        0.25,
        1.0
      ],
      [
        0.375,
        0.25,
        1.0
      ],
      [
        0.375,
        0.25,
        1.0
      ],
      [
        0.375,
        0.25,
        1.0
      ],
      [
        0.375,
        0.25,
        1.0
      ],
      [
        0.375,
        0.25,
        1.0
      ],
      [
        0.375,
        0.25,
        1.0
      ],
      [
        0.375,
        0.25,
        1.0
      ],
      [
        0.375,
        0.25,
        1.0
      ],
      [
        0.375,
        0.25,
        1.0
      ],
      [
        0.375,
        0.25,
        1.0
      ],
      [
        0.375,
        0.25,
        1.0
      ],
      [
        0.375,
        0.25,
        1.0
      ],
      [
        0.375,
        0.25,
        1.0
      ],
      [
        0.375,
        0.25,
        1.0
      ],
      [
        0.375,
        0.25,
        1.0
      ]
    ],
    "Recall": [
      [
        0.5,
        0.5,
        1.0
      ],
      [
        0.5,
        0.5,
        1.0
      ],
      [
        0.5,
        0.5,
        1.0
      ],
      [
        0.8333333730697632,
        0.5,
        1.0
      ],
      [
        0.8333333730697632,
        0.5,
        1.0
      ],
      [
        0.5,
        0.5,
        1.0
      ],
      [
        0.3333333432674408,
        0.5,
        1.0
      ],
      [
        0.5,
        0.5,
        1.0
      ],
      [
        0.5,
        0.5,
        1.0
      ],
      [
        0.5,
        0.5,
        1.0
      ],
      [
        0.5,
        0.5,
        1.0
      ],
      [
        0.5,
        0.5,
        1.0
      ],
      [
        0.5,
        0.5,
        1.0
      ],
      [
        0.5,
        0.5,
        1.0
      ],
      [
        0.5,
        0.5,
        1.0
      ],
      [
        0.5,
        0.5,
        1.0
      ],
      [
        0.5,
        0.5,
        1.0
      ],
      [
        0.5,
        0.5,
        1.0
      ],
      [
        0.5,
        0.5,
        1.0
      ],
      [
        0.5,
        0.5,
        1.0
      ],
      [
        0.5,
        0.5,
        1.0
      ],
      [
        0.5,
        0.5,
        1.0
      ],
      [
        0.5,
        0.5,
        1.0
      ],
      [
        0.5,
        0.5,
        1.0
      ],
      [
        0.5,
        0.5,
        1.0
      ],
      [
        0.5,
        0.5,
        1.0
      ],
      [
        0.5,
        0.5,
        1.0
      ],
      [
        0.5,
        0.5,
        1.0
      ],
      [
        0.5,
        0.5,
        1.0
      ],
      [
        0.5,
        0.5,
        1.0
      ]
    ],