{
  "resource_category": "Resourceful user",
  "validation_results": {
    "Accuracy": [
      [
        0.0,
        0.4444444477558136,
        0.0
      ],
      [
        0.0,
        0.6666666865348816,
        0.0
      ],
      [
        1.0,
        0.6666666865348816,
        0.0
      ],
      [
        1.0,
        0.5555555820465088,
        1.0
      ],
      [
        1.0,
        0.5555555820465088,
        1.0
      ],
      [
        1.0,
        0.5555555820465088,
        1.0
      ],
      [
        1.0,
        0.5555555820465088,
        1.0
      ],
      [
        1.0,
        0.5555555820465088,
        1.0
      ],
      [
        1.0,
        0.5555555820465088,
        1.0
      ],
      [
        1.0,
        0.5555555820465088,
        1.0
      ],
      [
        1.0,
        0.5555555820465088,
        1.0
      ],
      [
        1.0,
        0.5555555820465088,
        1.0
      ],
      [
        1.0,
        0.5555555820465088,
        1.0
      ],
      [
        1.0,
        0.5555555820465088,
        1.0
      ],
      [
        1.0,
        0.5555555820465088,
        1.0
      ],
      [
        1.0,
        0.5555555820465088,
        1.0
      ],
      [
        1.0,
        0.5555555820465088,
        1.0
      ],
      [
        1.0,
        0.5555555820465088,
        1.0
      ],
      [
        1.0,
        0.5555555820465088,
        1.0
      ],
      [
        1.0,
        0.5555555820465088,
        1.0
      ],
      [
        1.0,
        0.5555555820465088,
        1.0
      ],
      [
        1.0,
        0.5555555820465088,
        1.0
      ],
      [
        1.0,
        0.5555555820465088,
        1.0
      ],
      [
        1.0,
        0.5555555820465088,
        1.0
      ],
      [
        1.0,
        0.5555555820465088,
        1.0
      ],
      [
        1.0,
        0.5555555820465088,
        0.0
      ],
      [
        1.0,
        0.5555555820465088,
        1.0
      ],
      [
        1.0,
        0.5555555820465088,
        1.0
      ],
      [
        1.0,
        0.5555555820465088,
        1.0
      ],
      [
        1.0,
        0.5555555820465088,
        1.0
      ]
    ],
    "Precision": [
      [
        0.0,
        0.2222222238779068,
        0.0
      ],
      [
        0.0,
        0.0,
        0.0
      ],
      [
        1.0,
        0.0,
        0.0
      ],
      [
        1.0,
        0.1111111119389534,
        1.0
      ],
      [
        1.0,
        0.1111111119389534,
        1.0
      ],
      [
        1.0,
        0.1111111119389534,
        1.0
      ],
      [
        1.0,
        0.1111111119389534,
        1.0
      ],
      [
        1.0,
        0.1111111119389534,
        1.0
      ],
      [
        1.0,
        0.1111111119389534,
        1.0
      ],
      [
        1.0,
        0.1111111119389534,
        1.0
      ],
      [
        1.0,
        0.1111111119389534,
        1.0
      ],
      [
        1.0,
        0.1111111119389534,
        1.0
      ],
      [
        1.0,
        0.1111111119389534,
        1.0
      ],
      [
        1.0,
        0.1111111119389534,
        1.0
      ],
      [
        1.0,
        0.1111111119389534,
        1.0
      ],
      [
        1.0,
        0.1111111119389534,
        1.0
      ],
      [
        1.0,
        0.1111111119389534,
        1.0
      ],
      [
        1.0,
        0.1111111119389534,
        1.0
      ],
      [
        1.0,
        0.1111111119389534,
        1.0
      ],
      [
        1.0,
        0.1111111119389534,
        1.0
      ],
      [
        1.0,
        0.1111111119389534,
        1.0
      ],
      [
        1.0,
        0.1111111119389534,
        1.0
      ],
      [
        1.0,
        0.1111111119389534,
        1.0
      ],
      [
        1.0,
        0.1111111119389534,
        1.0
      ],
      [
        1.0,
        0.1111111119389534,
        1.0
      ],
      [
        1.0,
        0.1111111119389534,
        0.0
      ],
      [
        1.0,
        0.1111111119389534,
        1.0
      ],
      [
        1.0,
        0.1111111119389534,
        1.0
      ],
      [
        1.0,
        0.1111111119389534,
        1.0
      ],
      [
        1.0,
        0.1111111119389534,
        1.0
      ]
    ],
    "Recall": [
      [
        0.0,
        0.6666666865348816,
        0.0
      ],
      [
        0.0,
        0.0,
        0.0
      ],
      [
        1.0,
        0.0,
        0.0
      ],
      [
        1.0,
        0.3333333432674408,
        1.0
      ],
      [
        1.0,
        0.3333333432674408,
        1.0
      ],
      [
        1.0,
        0.3333333432674408,
        1.0
      ],
      [
        1.0,
        0.3333333432674408,
        1.0
      ],
      [
        1.0,
        0.3333333432674408,
        1.0
      ],
      [
        1.0,
        0.3333333432674408,
        1.0
      ],
      [
        1.0,
        0.3333333432674408,
        1.0
      ],
      [
        1.0,
        0.3333333432674408,
        1.0
      ],
      [
        1.0,
        0.3333333432674408,
        1.0
      ],
      [
        1.0,
        0.3333333432674408,
        1.0
      ],
      [
        1.0,
        0.3333333432674408,
        1.0
      ],
      [
        1.0,
        0.3333333432674408,
        1.0
      ],
      [
        1.0,
        0.3333333432674408,
        1.0
      ],
      [
        1.0,
        0.3333333432674408,
        1.0
      ],
      [
        1.0,
        0.3333333432674408,
        1.0
      ],
      [
        1.0,
        0.3333333432674408,
        1.0
      ],
      [
        1.0,
        0.3333333432674408,
        1.0
      ],
      [
        1.0,
        0.3333333432674408,
        1.0
      ],
      [
        1.0,
        0.3333333432674408,
        1.0
      ],
      [
        1.0,
        0.3333333432674408,
        1.0
      ],
      [
        1.0,
        0.3333333432674408,
        1.0
      ],
      [
        1.0,
        0.3333333432674408,
        1.0
      ],
      [
        1.0,
        0.3333333432674408,
        0.0
      ],
      [
        1.0,
        0.3333333432674408,
        1.0
      ],
      [
        1.0,
        0.3333333432674408,
        1.0
      ],
      [
        1.0,
        0.3333333432674408,
        1.0
      ],
      [
        1.0,
        0.3333333432674408,
        1.0
      ]
    ],