{
  "resource_category": "Resourceless user",
  "validation_results": {
    "Accuracy": [
      [
        0.75,
        0.5,
        0.25
      ],
      [
        0.25,
        0.5,
        0.25
      ],
      [
        0.25,
        0.5,
        0.25
      ],
      [
        0.25,
        0.5,
        0.25
      ],
      [
        0.25,
        0.5,
        0.25
      ],
      [
        0.25,
        0.5,
        0.25
      ],
      [
        0.25,
        0.5,
        0.25
      ],
      [
        0.75,
        0.5,
        0.25
      ],
      [
        0.25,
        0.5,
        0.25
      ],
      [
        0.25,
        0.5,
        0.25
      ],
      [
        0.75,
        0.5,
        0.25
      ],
      [
        0.25,
        0.5,
        0.25
      ],
      [
        0.25,
        0.5,
        0.25
      ],
      [
        0.25,
        0.5,
        0.25
      ],
      [
        0.25,
        0.5,
        0.25
      ],
      [
        0.75,
        0.5,
        0.75
      ],
      [
        0.75,
        0.5,
        0.25
      ],
      [
        0.25,
        0.5,
        0.25
      ],
      [
        0.75,
        0.5,
        0.25
      ],
      [
        0.25,
        0.5,
        0.25
      ],
      [
        0.75,
        0.5,
        0.25
      ],
      [
        0.25,
        0.5,
        0.25
      ],
      [
        0.25,
        0.5,
        0.25
      ],
      [
        0.25,
        0.5,
        0.25
      ],
      [
        0.25,
        0.5,
        0.25
      ],
      [
        0.25,
        0.5,
        0.25
      ],
      [
        0.75,
        0.5,
        0.75
      ],
      [
        0.25,
        0.5,
        0.25
      ],
      [
        0.25,
        0.5,
        0.25
      ],
      [
        0.75,
        0.5,
        0.25
      ]
    ],
    "Precision": [
      [
        0.625,
        0.0,
        0.125
      ],
      [
        0.125,
        0.0,
        0.0
      ],
      [
        0.125,
        0.0,
        0.0
      ],
      [
        0.25,
        0.0,
        0.0
      ],
      [
        0.125,
        0.0,
        0.0
      ],
      [
        0.0,
        0.1666666716337204,
        0.0
      ],
      [
        0.0,
        0.3333333432674408,
        0.0
      ],
      [
        0.625,
        0.0,
        0.0
      ],
      [
        0.125,
        0.0,
        0.0
      ],
      [
        0.125,
        0.0,
        0.0
      ],
      [
        0.75,
        0.1666666716337204,
        0.0
      ],
      [
        0.125,
        0.0,
        0.0
      ],
      [
        0.125,
        0.0,
        0.0
      ],
      [
        0.125,
        0.3333333432674408,
        0.0
      ],
      [
        0.125,
        0.1666666716337204,
        0.0
      ],
      [
        0.75,
        0.1666666716337204,
        0.5
      ],
      [
        0.625,
        0.1666666716337204,
        0.0
      ],
      [
        0.25,
        0.1666666716337204,
        0.0
      ],
      [
        0.5,
        0.0,
        0.0
      ],
      [
        0.25,
        0.1666666716337204,
        0.0
      ],
      [
        0.625,
        0.0,
        0.0
      ],
      [
        0.125,
        0.0,
        0.0
      ],
      [
        0.125,
        0.0,
        0.0
      ],
      [
        0.125,
        0.1666666716337204,
        0.0
      ],
      [
        0.125,
        0.0,
        0.0
      ],
      [
        0.125,
        0.0,
        0.0
      ],
      [
        0.75,
        0.0,
        0.5
      ],
      [
        0.25,
        0.1666666716337204,
        0.0
      ],
      [
        0.125,
        0.0,
        0.0
      ],
      [
        0.5,
        0.0,
        0.0
      ]
    ],
    "Recall": [
      [
        0.75,
        0.0,
        0.25
      ],
      [
        0.25,
        0.0,
        0.0
      ],
      [
        0.25,
        0.0,
        0.0
      ],
      [
        0.5,
        0.0,
        0.0
      ],
      [
        0.25,
        0.0,
        0.0
      ],
      [
        0.0,
        0.3333333432674408,
        0.0
      ],
      [
        0.0,
        0.6666666865348816,
        0.0
      ],
      [
        0.75,
        0.0,
        0.0
      ],
      [
        0.25,
        0.0,
        0.0
      ],
      [
        0.25,
        0.0,
        0.0
      ],
      [
        1.0,
        0.3333333432674408,
        0.0
      ],
      [
        0.25,
        0.0,
        0.0
      ],
      [
        0.25,
        0.0,
        0.0
      ],
      [
        0.25,
        0.6666666865348816,
        0.0
      ],
      [
        0.25,
        0.3333333432674408,
        0.0
      ],
      [
        1.0,
        0.3333333432674408,
        0.5
      ],
      [
        0.75,
        0.3333333432674408,
        0.0
      ],
      [
        0.5,
        0.3333333432674408,
        0.0
      ],
      [
        0.5,
        0.0,
        0.0
      ],
      [
        0.5,
        0.3333333432674408,
        0.0
      ],
      [
        0.75,
        0.0,
        0.0
      ],
      [
        0.25,
        0.0,
        0.0
      ],
      [
        0.25,
        0.0,
        0.0
      ],
      [
        0.25,
        0.3333333432674408,
        0.0
      ],
      [
        0.25,
        0.0,
        0.0
      ],
      [
        0.25,
        0.0,
        0.0
      ],
      [
        1.0,
        0.0,
        0.5
      ],
      [
        0.5,
        0.3333333432674408,
        0.0
      ],
      [
        0.25,
        0.0,
        0.0
      ],
      [
        0.5,
        0.0,
        0.0
      ]
    ],
    "F1Score": [
      [
        0.6666666865348816,
        0.0,
        0.1666666716337204
      ],
      [
        0.1666666716337204,
        0.0,
        0.0
      ],
      [
        0.1666666716337204,
        0.0,
        0.0
      ],
      [
        0.3333333432674408,
        0.0,
        0.0
      ],
      [
        0.1666666716337204,
        0.0,
        0.0
      ],
      [
        0.0,
        0.2222222238779068,
        0.0
      ],
      [
        0.0,
        0.4444444477558136,
        0.0
      ],
      [
        0.6666666865348816,
        0.0,
        0.0
      ],
      [
        0.1666666716337204,
        0.0,
        0.0
      ],
      [
        0.1666666716337204,
        0.0,
        0.0
      ],
      [
        0.8333333730697632,
        0.2222222238779068,
        0.0
      ],
      [
        0.1666666716337204,
        0.0,
        0.0
      ],
      [
        0.1666666716337204,
        0.0,
        0.0
      ],
      [
        0.1666666716337204,
        0.4444444477558136,
        0.0
      ],
      [
        0.1666666716337204,
        0.2222222238779068,
        0.0
      ],
      [
        0.8333333730697632,
        0.2222222238779068,
        0.5
      ],
      [
        0.6666666865348816,
        0.2222222238779068,
        0.0
      ],
      [
        0.3333333432674408,
        0.2222222238779068,
        0.0
      ],
      [
        0.5,
        0.0,
        0.0
      ],
      [
        0.3333333432674408,
        0.2222222238779068,
        0.0
      ],
      [
        0.6666666865348816,
        0.0,
        0.0
      ],
      [
        0.1666666716337204,
        0.0,
        0.0
      ],
      [
        0.1666666716337204,
        0.0,
        0.0
      ],
      [
        0.1666666716337204,
        0.2222222238779068,
        0.0
      ],
      [
        0.1666666716337204,
        0.0,
        0.0
      ],
      [
        0.1666666716337204,
        0.0,
        0.0
      ],
      [
        0.8333333730697632,
        0.0,
        0.5
      ],
      [
        0.3333333432674408,
        0.2222222238779068,
        0.0
      ],
      [
        0.1666666716337204,
        0.0,
        0.0
      ],
      [
        0.5,
        0.0,
        0.0
      ]
    ],