{
  "resource_category": "Resourceful user",
  "validation_results": {
    "Accuracy": [
      [
        0.8333333730697632,
        0.0,
        0.0
      ],
      [
        0.8333333730697632,
        1.0,
        0.0
      ],
      [
        0.8333333730697632,
        1.0,
        1.0
      ],
      [
        0.8333333730697632,
        1.0,
        1.0
      ],
      [
        0.8333333730697632,
        1.0,
        1.0
      ],
      [
        0.8333333730697632,
        1.0,
        0.0
      ],
      [
        0.8333333730697632,
        1.0,
        1.0
      ],
      [
        0.8333333730697632,
        1.0,
        1.0
      ],
      [
        0.8333333730697632,
        0.0,
        1.0
      ],
      [
        0.8333333730697632,
        1.0,
        0.0
      ],
      [
        0.8333333730697632,
        1.0,
        1.0
      ],
      [
        0.8333333730697632,
        1.0,
        1.0
      ],
      [
        0.8333333730697632,
        1.0,
        1.0
      ],
      [
        0.8333333730697632,
        1.0,
        1.0
      ],
      [
        0.8333333730697632,
        1.0,
        1.0
      ],
      [
        0.8333333730697632,
        1.0,
        1.0
      ],
      [
        0.8333333730697632,
        1.0,
        1.0
      ],
      [
        0.8333333730697632,
        1.0,
        1.0
      ],
      [
        0.8333333730697632,
        1.0,
        1.0
      ],
      [
        0.8333333730697632,
        1.0,
        1.0
      ],
      [
        0.8333333730697632,
        1.0,
        1.0
      ],
      [
        0.8333333730697632,
        1.0,
        1.0
      ],
      [
        0.8333333730697632,
        1.0,
        1.0
      ],
      [
        0.8333333730697632,
        1.0,
        1.0
      ],
      [
        0.8333333730697632,
        1.0,
        1.0
      ],
      [
        0.8333333730697632,
        1.0,
        1.0
      ],
      [
        0.8333333730697632,
        1.0,
        1.0
      ],
      [
        0.8333333730697632,
        1.0,
        1.0
      ],
      [
        0.8333333730697632,
        1.0,
        1.0
      ],
      [
        0.8333333730697632,
        1.0,
        1.0
      ]
    ],
    "Precision": [
      [
        0.7222222089767456,
        0.0,
        0.0
      ],
      [
        0.7222222089767456,
        1.0,
        0.0
      ],
      [
        0.7222222089767456,
        1.0,
        1.0
      ],
      [
        0.7222222089767456,
        1.0,
        1.0
      ],
      [
        0.7222222089767456,
        1.0,
        1.0
      ],
      [
        0.7222222089767456,
        1.0,
        0.0
      ],
      [
        0.7222222089767456,
        1.0,
        1.0
      ],
      [
        0.7222222089767456,
        1.0,
        1.0
      ],
      [
        0.7222222089767456,
        0.0,
        1.0
      ],
      [
        0.7222222089767456,
        1.0,
        0.0
      ],
      [
        0.7222222089767456,
        1.0,
        1.0
      ],
      [
        0.7222222089767456,
        1.0,
        1.0
      ],
      [
        0.7222222089767456,
        1.0,
        1.0
      ],
      [
        0.7222222089767456,
        1.0,
        1.0
      ],
      [
        0.7222222089767456,
        1.0,
        1.0
      ],
      [
        0.7222222089767456,
        1.0,
        1.0
      ],
      [
        0.7222222089767456,
        1.0,
        1.0
      ],
      [
        0.7222222089767456,
        1.0,
        1.0
      ],
      [
        0.7222222089767456,
        1.0,
        1.0
      ],
      [
        0.7222222089767456,
        1.0,
        1.0
      ],
      [
        0.7222222089767456,
        1.0,
        1.0
      ],
      [
        0.7222222089767456,
        1.0,
        1.0
      ],
      [
        0.7222222089767456,
        1.0,
        1.0
      ],
      [
        0.7222222089767456,
        1.0,
        1.0
      ],
      [
        0.7222222089767456,
        1.0,
        1.0
      ],
      [
        0.7222222089767456,
        1.0,
        1.0
      ],
      [
        0.7222222089767456,
        1.0,
        1.0
      ],
      [
        0.7222222089767456,
        1.0,
        1.0
      ],
      [
        0.7222222089767456,
        1.0,
        1.0
      ],
      [
        0.7222222089767456,
        1.0,
        1.0
      ]
    ],
    "Recall": [
      [
        0.8333333730697632,
        0.0,
        0.0
      ],
      [
        0.8333333730697632,
        1.0,
        0.0
      ],
      [
        0.8333333730697632,
        1.0,
        1.0
      ],
      [
        0.8333333730697632,
        1.0,
        1.0
      ],
      [
        0.8333333730697632,
        1.0,
        1.0
      ],
      [
        0.8333333730697632,
        1.0,
        0.0
      ],
      [
        0.8333333730697632,
        1.0,
        1.0
      ],
      [
        0.8333333730697632,
        1.0,
        1.0
      ],
      [
        0.8333333730697632,
        0.0,
        1.0
      ],
      [
        0.8333333730697632,
        1.0,
        0.0
      ],
      [
        0.8333333730697632,
        1.0,
        1.0
      ],
      [
        0.8333333730697632,
        1.0,
        1.0
      ],
      [
        0.8333333730697632,
        1.0,
        1.0
      ],
      [
        0.8333333730697632,
        1.0,
        1.0
      ],
      [
        0.8333333730697632,
        1.0,
        1.0
      ],
      [
        0.8333333730697632,
        1.0,
        1.0
      ],
      [
        0.8333333730697632,
        1.0,
        1.0
      ],
      [
        0.8333333730697632,
        1.0,
        1.0
      ],
      [
        0.8333333730697632,
        1.0,
        1.0
      ],
      [
        0.8333333730697632,
        1.0,
        1.0
      ],
      [
        0.8333333730697632,
        1.0,
        1.0
      ],
      [
        0.8333333730697632,
        1.0,
        1.0
      ],
      [
        0.8333333730697632,
        1.0,
        1.0
      ],
      [
        0.8333333730697632,
        1.0,
        1.0
      ],
      [
        0.8333333730697632,
        1.0,
        1.0
      ],
      [
        0.8333333730697632,
        1.0,
        1.0
      ],
      [
        0.8333333730697632,
        1.0,
        1.0
      ],
      [
        0.8333333730697632,
        1.0,
        1.0
      ],
      [
        0.8333333730697632,
        1.0,
        1.0
      ],
      [
        0.8333333730697632,
        1.0,
        1.0
      ]
    ],