{
  "resource_category": "Resourceful user",
  "validation_results": {
    "Accuracy": [
      [
        0.5,
        0.8999999761581421,
        1.0
      ],
      [
        0.5,
        0.8999999761581421,
        1.0
      ],
      [
        0.5,
        0.8999999761581421,
        0.0
      ],
      [
        0.5,
        0.8999999761581421,
        0.0
      ],
      [
        0.5,
        0.8999999761581421,
        0.0
      ],
      [
        0.5,
        0.8999999761581421,
        0.0
      ],
      [
        0.5,
        0.8999999761581421,
        0.0
      ],
      [
        0.5,
        0.8999999761581421,
        0.0
      ],
      [
        0.5,
        0.8999999761581421,
        0.0
      ],
      [
        0.5,
        0.8999999761581421,
        0.0
      ],
      [
        0.5,
        0.8999999761581421,
        0.0
      ],
      [
        0.5,
        0.8999999761581421,
        0.0
      ],
      [
        0.5,
        0.8999999761581421,
        0.0
      ],
      [
        0.5,
        0.8999999761581421,
        0.0
      ],
      [
        0.5,
        0.8999999761581421,
        0.0
      ],
      [
        0.5,
        0.10000000149011612,
        0.0
      ],
      [
        0.5,
        0.8999999761581421,
        0.0
      ],
      [
        0.5,
        0.8999999761581421,
        0.0
      ],
      [
        0.5,
        0.8999999761581421,
        0.0
      ],
      [
        0.5,
        0.8999999761581421,
        0.0
      ],
      [
        0.5,
        0.8999999761581421,
        0.0
      ],
      [
        0.5,
        0.8999999761581421,
        0.0
      ],
      [
        0.5,
        0.8999999761581421,
        0.0
      ],
      [
        0.5,
        0.8999999761581421,
        0.0
      ],
      [
        0.5,
        0.8999999761581421,
        0.0
      ],
      [
        0.5,
        0.8999999761581421,
        0.0
      ],
      [
        0.5,
        0.8999999761581421,
        0.0
      ],
      [
        0.5,
        0.8999999761581421,
        0.0
      ],
      [
        0.5,
        0.8999999761581421,
        0.0
      ],
      [
        0.5,
        0.8999999761581421,
        0.0
      ]
    ],
    "Precision": [
      [
        0.25,
        0.800000011920929,
        1.0
      ],
      [
        0.375,
        0.800000011920929,
        1.0
      ],
      [
        0.25,
        0.800000011920929,
        0.0
      ],
      [
        0.25,
        0.8999999761581421,
        0.0
      ],
      [
        0.25,
        0.800000011920929,
        0.0
      ],
      [
        0.125,
        0.800000011920929,
        0.0
      ],
      [
        0.25,
        0.8999999761581421,
        0.0
      ],
      [
        0.125,
        0.800000011920929,
        0.0
      ],
      [
        0.25,
        0.800000011920929,
        0.0
      ],
      [
        0.125,
        0.8999999761581421,
        0.0
      ],
      [
        0.125,
        0.800000011920929,
        0.0
      ],
      [
        0.125,
        0.800000011920929,
        0.0
      ],
      [
        0.25,
        0.800000011920929,
        0.0
      ],
      [
        0.125,
        0.800000011920929,
        0.0
      ],
      [
        0.125,
        0.800000011920929,
        0.0
      ],
      [
        0.25,
        0.0,
        0.0
      ],
      [
        0.125,
        0.800000011920929,
        0.0
      ],
      [
        0.25,
        0.800000011920929,
        0.0
      ],
      [
        0.125,
        0.800000011920929,
        0.0
      ],
      [
        0.25,
        0.800000011920929,
        0.0
      ],
      [
        0.25,
        0.800000011920929,
        0.0
      ],
      [
        0.125,
        0.800000011920929,
        0.0
      ],
      [
        0.25,
        0.800000011920929,
        0.0
      ],
      [
        0.25,
        0.800000011920929,
        0.0
      ],
      [
        0.125,
        0.800000011920929,
        0.0
      ],
      [
        0.25,
        0.800000011920929,
        0.0
      ],
      [
        0.25,
        0.800000011920929,
        0.0
      ],
      [
        0.25,
        0.800000011920929,
        0.0
      ],
      [
        0.25,
        0.800000011920929,
        0.0
      ],
      [
        0.25,
        0.800000011920929,
        0.0
      ]
    ],
    "Recall": [
      [
        0.5,
        0.800000011920929,
        1.0
      ],
      [
        0.75,
        0.800000011920929,
        1.0
      ],
      [
        0.5,
        0.800000011920929,
        0.0
      ],
      [
        0.5,
        1.0,
        0.0
      ],
      [
        0.5,
        0.800000011920929,
        0.0
      ],
      [
        0.25,
        0.800000011920929,
        0.0
      ],
      [
        0.5,
        1.0,
        0.0
      ],
      [
        0.25,
        0.800000011920929,
        0.0
      ],
      [
        0.5,
        0.800000011920929,
        0.0
      ],
      [
        0.25,
        1.0,
        0.0
      ],
      [
        0.25,
        0.800000011920929,
        0.0
      ],
      [
        0.25,
        0.800000011920929,
        0.0
      ],
      [
        0.5,
        0.800000011920929,
        0.0
      ],
      [
        0.25,
        0.800000011920929,
        0.0
      ],
      [
        0.25,
        0.800000011920929,
        0.0
      ],
      [
        0.5,
        0.0,
        0.0
      ],
      [
        0.25,
        0.800000011920929,
        0.0
      ],
      [
        0.5,
        0.800000011920929,
        0.0
      ],
      [
        0.25,
        0.800000011920929,
        0.0
      ],
      [
        0.5,
        0.800000011920929,
        0.0
      ],
      [
        0.5,
        0.800000011920929,
        0.0
      ],
      [
        0.25,
        0.800000011920929,
        0.0
      ],
      [
        0.5,
        0.800000011920929,
        0.0
      ],
      [
        0.5,
        0.800000011920929,
        0.0
      ],
      [
        0.25,
        0.800000011920929,
        0.0
      ],
      [
        0.5,
        0.800000011920929,
        0.0
      ],
      [
        0.5,
        0.800000011920929,
        0.0
      ],
      [
        0.5,
        0.800000011920929,
        0.0
      ],
      [
        0.5,
        0.800000011920929,
        0.0
      ],
      [
        0.5,
        0.800000011920929,
        0.0
      ]
    ],