{
  "resource_category": "Resourceless user",
  "validation_results": {
    "Accuracy": [
      [
        0.5,
        0.5,
        0.1666666716337204
      ],
      [
        0.5,
        0.5,
        0.1666666716337204
      ],
      [
        0.5,
        0.5,
        0.1666666716337204
      ],
      [
        0.5,
        0.5,
        0.1666666716337204
      ],
      [
        0.5,
        0.5,
        0.1666666716337204
      ],
      [
        0.5,
        0.5,
        0.1666666716337204
      ],
      [
        0.5,
        0.5,
        0.1666666716337204
      ],
      [
        0.5,
        0.5,
        0.1666666716337204
      ],
      [
        0.5,
        0.5,
        0.8333333730697632
      ],
      [
        0.5,
        0.5,
        0.8333333730697632
      ],
      [
        0.5,
        0.5,
        0.1666666716337204
      ],
      [
        0.5,
        0.5,
        0.1666666716337204
      ],
      [
        0.5,
        0.5,
        0.1666666716337204
      ],
      [
        0.5,
        0.5,
        0.1666666716337204
      ],
      [
        0.5,
        0.5,
        0.1666666716337204
      ],
      [
        0.5,
        0.5,
        0.1666666716337204
      ],
      [
        0.5,
        0.5,
        0.1666666716337204
      ],
      [
        0.5,
        0.5,
        0.8333333730697632
      ],
      [
        0.5,
        0.5,
        0.1666666716337204
      ],
      [
        0.5,
        0.5,
        0.1666666716337204
      ],
      [
        0.5,
        0.5,
        0.8333333730697632
      ],
      [
        0.5,
        0.5,
        0.1666666716337204
      ],
      [
        0.5,
        0.5,
        0.1666666716337204
      ],
      [
        0.5,
        0.5,
        0.1666666716337204
      ],
      [
        0.5,
        0.5,
        0.8333333730697632
      ],
      [
        0.5,
        0.5,
        0.1666666716337204
      ],
      [
        0.5,
        0.5,
        0.1666666716337204
      ],
      [
        0.5,
        0.5,
        0.1666666716337204
      ],
      [
        0.5,
        0.5,
        0.1666666716337204
      ],
      [
        0.5,
        0.5,
        0.1666666716337204
      ]
    ],
    "Precision": [
      [
        0.0,
        0.1666666716337204,
        0.0
      ],
      [
        0.125,
        0.1666666716337204,
        0.0
      ],
      [
        0.25,
        0.1666666716337204,
        0.0
      ],
      [
        0.0,
        0.1666666716337204,
        0.0
      ],
      [
        0.0,
        0.1666666716337204,
        0.0
      ],
      [
        0.125,
        0.1666666716337204,
        0.0
      ],
      [
        0.0,
        0.1666666716337204,
        0.0
      ],
      [
        0.125,
        0.0,
        0.0
      ],
      [
        0.0,
        0.1666666716337204,
        0.6666666865348816
      ],
      [
        0.25,
        0.1666666716337204,
        0.6666666865348816
      ],
      [
        0.0,
        0.1666666716337204,
        0.0
      ],
      [
        0.25,
        0.1666666716337204,
        0.0
      ],
      [
        0.125,
        0.1666666716337204,
        0.0
      ],
      [
        0.125,
        0.3333333432674408,
        0.0
      ],
      [
        0.25,
        0.1666666716337204,
        0.0
      ],
      [
        0.125,
        0.1666666716337204,
        0.0
      ],
      [
        0.125,
        0.3333333432674408,
        0.0
      ],
      [
        0.25,
        0.0,
        0.6666666865348816
      ],
      [
        0.25,
        0.1666666716337204,
        0.0
      ],
      [
        0.125,
        0.3333333432674408,
        0.0
      ],
      [
        0.375,
        0.1666666716337204,
        0.8333333730697632
      ],
      [
        0.125,
        0.1666666716337204,
        0.0
      ],
      [
        0.0,
        0.1666666716337204,
        0.0
      ],
      [
        0.375,
        0.1666666716337204,
        0.0
      ],
      [
        0.125,
        0.1666666716337204,
        0.6666666865348816
      ],
      [
        0.125,
        0.1666666716337204,
        0.0
      ],
      [
        0.0,
        0.1666666716337204,
        0.0
      ],
      [
        0.125,
        0.1666666716337204,
        0.0
      ],
      [
        0.125,
        0.1666666716337204,
        0.0
      ],
      [
        0.25,
        0.1666666716337204,
        0.0
      ]
    ],
    "Recall": [
      [
        0.0,
        0.3333333432674408,
        0.0
      ],
      [
        0.25,
        0.3333333432674408,
        0.0
      ],
      [
        0.5,
        0.3333333432674408,
        0.0
      ],
      [
        0.0,
        0.3333333432674408,
        0.0
      ],
      [
        0.0,
        0.3333333432674408,
        0.0
      ],
      [
        0.25,
        0.3333333432674408,
        0.0
      ],
      [
        0.0,
        0.3333333432674408,
        0.0
      ],
      [
        0.25,
        0.0,
        0.0
      ],
      [
        0.0,
        0.3333333432674408,
        0.6666666865348816
      ],
      [
        0.5,
        0.3333333432674408,
        0.6666666865348816
      ],
      [
        0.0,
        0.3333333432674408,
        0.0
      ],
      [
        0.5,
        0.3333333432674408,
        0.0
      ],
      [
        0.25,
        0.3333333432674408,
        0.0
      ],
      [
        0.25,
        0.6666666865348816,
        0.0
      ],
      [
        0.5,
        0.3333333432674408,
        0.0
      ],
      [
        0.25,
        0.3333333432674408,
        0.0
      ],
      [
        0.25,
        0.6666666865348816,
        0.0
      ],
      [
        0.5,
        0.0,
        0.6666666865348816
      ],
      [
        0.5,
        0.3333333432674408,
        0.0
      ],
      [
        0.25,
        0.6666666865348816,
        0.0
      ],
      [
        0.75,
        0.3333333432674408,
        1.0
      ],
      [
        0.25,
        0.3333333432674408,
        0.0
      ],
      [
        0.0,
        0.3333333432674408,
        0.0
      ],
      [
        0.75,
        0.3333333432674408,
        0.0
      ],
      [
        0.25,
        0.3333333432674408,
        0.6666666865348816
      ],
      [
        0.25,
        0.3333333432674408,
        0.0
      ],
      [
        0.0,
        0.3333333432674408,
        0.0
      ],
      [
        0.25,
        0.3333333432674408,
        0.0
      ],
      [
        0.25,
        0.3333333432674408,
        0.0
      ],
      [
        0.5,
        0.3333333432674408,
        0.0
      ]
    ],