{
  "resource_category": "Resourceful user",
  "validation_results": {
    "Accuracy": [
      [
        0.9166666865348816,
        1.0,
        1.0
      ],
      [
        0.9166666865348816,
        1.0,
        1.0
      ],
      [
        0.9166666865348816,
        1.0,
        1.0
      ],
      [
        0.9166666865348816,
        1.0,
        1.0
      ],
      [
        0.9166666865348816,
        1.0,
        1.0
      ],
      [
        0.9166666865348816,
        1.0,
        1.0
      ],
      [
        0.9166666865348816,
        1.0,
        1.0
      ],
      [
        0.9166666865348816,
        1.0,
        1.0
      ],
      [
        0.9166666865348816,
        1.0,
        1.0
      ],
      [
        0.9166666865348816,
        1.0,
        1.0
      ],
      [
        0.9166666865348816,
        1.0,
        1.0
      ],
      [
        0.9166666865348816,
        1.0,
        1.0
      ],
      [
        0.9166666865348816,
        1.0,
        1.0
      ],
      [
        0.9166666865348816,
        1.0,
        1.0
      ],
      [
        0.9166666865348816,
        1.0,
        1.0
      ],
      [
        0.9166666865348816,
        1.0,
        1.0
      ],
      [
        0.9166666865348816,
        1.0,
        1.0
      ],
      [
        0.9166666865348816,
        1.0,
        1.0
      ],
      [
        0.9166666865348816,
        1.0,
        1.0
      ],
      [
        0.9166666865348816,
        1.0,
        1.0
      ],
      [
        0.9166666865348816,
        1.0,
        1.0
      ],
      [
        0.9166666865348816,
        1.0,
        1.0
      ],
      [
        0.9166666865348816,
        1.0,
        1.0
      ],
      [
        0.9166666865348816,
        1.0,
        1.0
      ],
      [
        0.9166666865348816,
        1.0,
        1.0
      ],
      [
        0.9166666865348816,
        1.0,
        1.0
      ],
      [
        0.9166666865348816,
        1.0,
        1.0
      ],
      [
        0.9166666865348816,
        1.0,
        1.0
      ],
      [
        0.9166666865348816,
        1.0,
        1.0
      ],
      [
        0.9166666865348816,
        1.0,
        1.0
      ]
    ],
    "Precision": [
      [
        0.75,
        1.0,
        1.0
      ],
      [
        0.75,
        1.0,
        1.0
      ],
      [
        0.75,
        1.0,
        1.0
      ],
      [
        0.75,
        1.0,
        1.0
      ],
      [
        0.75,
        1.0,
        1.0
      ],
      [
        0.75,
        1.0,
        1.0
      ],
      [
        0.75,
        1.0,
        1.0
      ],
      [
        0.75,
        1.0,
        1.0
      ],
      [
        0.75,
        1.0,
        1.0
      ],
      [
        0.75,
        1.0,
        1.0
      ],
      [
        0.75,
        1.0,
        1.0
      ],
      [
        0.75,
        1.0,
        1.0
      ],
      [
        0.75,
        1.0,
        1.0
      ],
      [
        0.75,
        1.0,
        1.0
      ],
      [
        0.75,
        1.0,
        1.0
      ],
      [
        0.75,
        1.0,
        1.0
      ],
      [
        0.75,
        1.0,
        1.0
      ],
      [
        0.75,
        1.0,
        1.0
      ],
      [
        0.75,
        1.0,
        1.0
      ],
      [
        0.75,
        1.0,
        1.0
      ],
      [
        0.75,
        1.0,
        1.0
      ],
      [
        0.75,
        1.0,
        1.0
      ],
      [
        0.75,
        1.0,
        1.0
      ],
      [
        0.75,
        1.0,
        1.0
      ],
      [
        0.75,
        1.0,
        1.0
      ],
      [
        0.75,
        1.0,
        1.0
      ],
      [
        0.75,
        1.0,
        1.0
      ],
      [
        0.75,
        1.0,
        1.0
      ],
      [
        0.75,
        1.0,
        1.0
      ],
      [
        0.75,
        1.0,
        1.0
      ]
    ],
    "Recall": [
      [
        0.75,
        1.0,
        1.0
      ],
      [
        0.75,
        1.0,
        1.0
      ],
      [
        0.75,
        1.0,
        1.0
      ],
      [
        0.75,
        1.0,
        1.0
      ],
      [
        0.75,
        1.0,
        1.0
      ],
      [
        0.75,
        1.0,
        1.0
      ],
      [
        0.75,
        1.0,
        1.0
      ],
      [
        0.75,
        1.0,
        1.0
      ],
      [
        0.75,
        1.0,
        1.0
      ],
      [
        0.75,
        1.0,
        1.0
      ],
      [
        0.75,
        1.0,
        1.0
      ],
      [
        0.75,
        1.0,
        1.0
      ],
      [
        0.75,
        1.0,
        1.0
      ],
      [
        0.75,
        1.0,
        1.0
      ],
      [
        0.75,
        1.0,
        1.0
      ],
      [
        0.75,
        1.0,
        1.0
      ],
      [
        0.75,
        1.0,
        1.0
      ],
      [
        0.75,
        1.0,
        1.0
      ],
      [
        0.75,
        1.0,
        1.0
      ],
      [
        0.75,
        1.0,
        1.0
      ],
      [
        0.75,
        1.0,
        1.0
      ],
      [
        0.75,
        1.0,
        1.0
      ],
      [
        0.75,
        1.0,
        1.0
      ],
      [
        0.75,
        1.0,
        1.0
      ],
      [
        0.75,
        1.0,
        1.0
      ],
      [
        0.75,
        1.0,
        1.0
      ],
      [
        0.75,
        1.0,
        1.0
      ],
      [
        0.75,
        1.0,
        1.0
      ],
      [
        0.75,
        1.0,
        1.0
      ],
      [
        0.75,
        1.0,
        1.0
      ]
    ],
    "F1Score": [
      [
        0.75,
        1.0,
        1.0
      ],
      [
        0.75,
        1.0,
        1.0
      ],
      [
        0.75,
        1.0,
        1.0
      ],
      [
        0.75,
        1.0,
        1.0
      ],
      [
        0.75,
        1.0,
        1.0
      ],
      [
        0.75,
        1.0,
        1.0
      ],
      [
        0.75,
        1.0,
        1.0
      ],
      [
        0.75,
        1.0,
        1.0
      ],
      [
        0.75,
        1.0,
        1.0
      ],
      [
        0.75,
        1.0,
        1.0
      ],
      [
        0.75,
        1.0,
        1.0
      ],
      [
        0.75,
        1.0,
        1.0
      ],
      [
        0.75,
        1.0,
        1.0
      ],
      [
        0.75,
        1.0,
        1.0
      ],
      [
        0.75,
        1.0,
        1.0
      ],
      [
        0.75,
        1.0,
        1.0
      ],
      [
        0.75,
        1.0,
        1.0
      ],
      [
        0.75,
        1.0,
        1.0
      ],
      [
        0.75,
        1.0,
        1.0
      ],
      [
        0.75,
        1.0,
        1.0
      ],
      [
        0.75,
        1.0,
        1.0
      ],
      [
        0.75,
        1.0,
        1.0
      ],
      [
        0.75,
        1.0,
        1.0
      ],
      [
        0.75,
        1.0,
        1.0
      ],
      [
        0.75,
        1.0,
        1.0
      ],
      [
        0.75,
        1.0,
        1.0
      ],
      [
        0.75,
        1.0,
        1.0
      ],
      [
        0.75,
        1.0,
        1.0
      ],
      [
        0.75,
        1.0,
        1.0
      ],
      [
        0.75,
        1.0,
        1.0
      ]
    ],
    "info_prec": [
      0.0,
      0.0,
      0.3333333333333333,
      0.0,
      0.0,
      0.0,
      0.16666666666666666,
      0.0,
      0.3333333333333333,
      0.16666666666666666,
      0.0,
      0.0,
      0.0,
      0.0,
      0.3333333333333333,
      0.0,
      0.3333333333333333,
      0.3333333333333333,
      0.3333333333333333,
      0.3333333333333333,
      0.0,
      0.3333333333333333,
      0.0,
      0.0,
      0.0,
      0.0,
      0.3333333333333333,
      0.3333333333333333,
      0.3333333333333333,
      0.0
    ],