{
  "resource_category": "Resourceful user",
  "validation_results": {
    "Accuracy": [
      [
        0.5,
        0.5,
        0.5
      ],
      [
        0.5,
        0.5,
        0.5
      ],
      [
        0.5,
        0.5,
        0.5
      ],
      [
        0.5,
        0.5,
        0.5
      ],
      [
        0.5,
        0.5,
        0.5
      ],
      [
        0.5,
        0.5,
        0.5
      ],
      [
        0.5,
        0.5,
        0.5
      ],
      [
        0.5,
        0.5,
        0.5
      ],
      [
        0.5,
        0.5,
        0.5
      ],
      [
        0.5,
        0.5,
        0.0
      ],
      [
        0.5,
        0.5,
        0.5
      ],
      [
        0.5,
        0.5,
        0.0
      ],
      [
        0.5,
        0.5,
        0.0
      ],
      [
        0.5,
        0.5,
        0.5
      ],
      [
        0.5,
        0.5,
        0.5
      ],
      [
        0.5,
        0.5,
        0.5
      ],
      [
        0.5,
        0.5,
        0.5
      ],
      [
        0.5,
        0.5,
        0.5
      ],
      [
        0.5,
        0.5,
        0.5
      ],
      [
        0.5,
        0.5,
        0.5
      ],
      [
        0.5,
        0.5,
        0.5
      ],
      [
        0.5,
        0.5,
        0.5
      ],
      [
        0.5,
        0.5,
        0.5
      ],
      [
        0.5,
        0.5,
        0.5
      ],
      [
        0.5,
        0.5,
        0.5
      ],
      [
        0.5,
        0.5,
        0.5
      ],
      [
        0.5,
        0.5,
        0.5
      ],
      [
        0.5,
        0.5,
        0.0
      ],
      [
        0.5,
        0.5,
        0.5
      ],
      [
        0.5,
        0.5,
        0.5
      ]
    ],
    "Precision": [
      [
        0.25,
        0.4000000059604645,
        0.5
      ],
      [
        0.25,
        0.4000000059604645,
        0.5
      ],
      [
        0.25,
        0.4000000059604645,
        0.5
      ],
      [
        0.25,
        0.4000000059604645,
        0.5
      ],
      [
        0.25,
        0.4000000059604645,
        0.5
      ],
      [
        0.25,
        0.4000000059604645,
        0.5
      ],
      [
        0.25,
        0.4000000059604645,
        0.5
      ],
      [
        0.25,
        0.4000000059604645,
        0.5
      ],
      [
        0.25,
        0.4000000059604645,
        0.5
      ],
      [
        0.25,
        0.4000000059604645,
        0.0
      ],
      [
        0.25,
        0.4000000059604645,
        0.5
      ],
      [
        0.25,
        0.4000000059604645,
        0.0
      ],
      [
        0.25,
        0.4000000059604645,
        0.0
      ],
      [
        0.25,
        0.4000000059604645,
        0.5
      ],
      [
        0.25,
        0.4000000059604645,
        0.5
      ],
      [
        0.25,
        0.4000000059604645,
        0.5
      ],
      [
        0.25,
        0.4000000059604645,
        0.5
      ],
      [
        0.25,
        0.4000000059604645,
        0.5
      ],
      [
        0.25,
        0.4000000059604645,
        0.5
      ],
      [
        0.25,
        0.4000000059604645,
        0.5
      ],
      [
        0.25,
        0.4000000059604645,
        0.5
      ],
      [
        0.25,
        0.4000000059604645,
        0.5
      ],
      [
        0.25,
        0.4000000059604645,
        0.5
      ],
      [
        0.25,
        0.4000000059604645,
        0.5
      ],
      [
        0.25,
        0.4000000059604645,
        0.5
      ],
      [
        0.25,
        0.4000000059604645,
        0.5
      ],
      [
        0.25,
        0.4000000059604645,
        0.5
      ],
      [
        0.25,
        0.4000000059604645,
        0.0
      ],
      [
        0.25,
        0.4000000059604645,
        0.5
      ],
      [
        0.25,
        0.4000000059604645,
        0.5
      ]
    ],
    "Recall": [
      [
        0.5,
        0.4000000059604645,
        0.5
      ],
      [
        0.5,
        0.4000000059604645,
        0.5
      ],
      [
        0.5,
        0.4000000059604645,
        0.5
      ],
      [
        0.5,
        0.4000000059604645,
        0.5
      ],
      [
        0.5,
        0.4000000059604645,
        0.5
      ],
      [
        0.5,
        0.4000000059604645,
        0.5
      ],
      [
        0.5,
        0.4000000059604645,
        0.5
      ],
      [
        0.5,
        0.4000000059604645,
        0.5
      ],
      [
        0.5,
        0.4000000059604645,
        0.5
      ],
      [
        0.5,
        0.4000000059604645,
        0.0
      ],
      [
        0.5,
        0.4000000059604645,
        0.5
      ],
      [
        0.5,
        0.4000000059604645,
        0.0
      ],
      [
        0.5,
        0.4000000059604645,
        0.0
      ],
      [
        0.5,
        0.4000000059604645,
        0.5
      ],
      [
        0.5,
        0.4000000059604645,
        0.5
      ],
      [
        0.5,
        0.4000000059604645,
        0.5
      ],
      [
        0.5,
        0.4000000059604645,
        0.5
      ],
      [
        0.5,
        0.4000000059604645,
        0.5
      ],
      [
        0.5,
        0.4000000059604645,
        0.5
      ],
      [
        0.5,
        0.4000000059604645,
        0.5
      ],
      [
        0.5,
        0.4000000059604645,
        0.5
      ],
      [
        0.5,
        0.4000000059604645,
        0.5
      ],
      [
        0.5,
        0.4000000059604645,
        0.5
      ],
      [
        0.5,
        0.4000000059604645,
        0.5
      ],
      [
        0.5,
        0.4000000059604645,
        0.5
      ],
      [
        0.5,
        0.4000000059604645,
        0.5
      ],
      [
        0.5,
        0.4000000059604645,
        0.5
      ],
      [
        0.5,
        0.4000000059604645,
        0.0
      ],
      [
        0.5,
        0.4000000059604645,
        0.5
      ],
      [
        0.5,
        0.4000000059604645,
        0.5
      ]
    ],