{
  "resource_category": "Resourceless user",
  "validation_results": {
    "Accuracy": [
      [
        0.10000000149011612,
        0.0,
        0.5
      ],
      [
        0.8999999761581421,
        1.0,
        0.5
      ],
      [
        0.5,
        0.0,
        0.5
      ],
      [
        0.5,
        0.0,
        0.5
      ],
      [
        0.10000000149011612,
        1.0,
        0.5
      ],
      [
        0.10000000149011612,
        1.0,
        0.5
      ],
      [
        0.5,
        0.0,
        0.5
      ],
      [
        0.8999999761581421,
        1.0,
        0.5
      ],
      [
        0.10000000149011612,
        1.0,
        0.5
      ],
      [
        0.10000000149011612,
        0.0,
        0.5
      ],
      [
        0.5,
        1.0,
        0.5
      ],
      [
        0.5,
        0.0,
        0.5
      ],
      [
        0.5,
        0.0,
        0.5
      ],
      [
        0.5,
        0.0,
        0.5
      ],
      [
        0.5,
        0.0,
        0.5
      ],
      [
        0.5,
        1.0,
        0.5
      ],
      [
        0.10000000149011612,
        1.0,
        0.5
      ],
      [
        0.10000000149011612,
        0.0,
        0.5
      ],
      [
        0.10000000149011612,
        1.0,
        0.5
      ],
      [
        0.10000000149011612,
        1.0,
        0.5
      ],
      [
        0.5,
        1.0,
        0.5
      ],
      [
        0.5,
        1.0,
        0.5
      ],
      [
        0.10000000149011612,
        1.0,
        0.5
      ],
      [
        0.10000000149011612,
        0.0,
        0.5
      ],
      [
        0.8999999761581421,
        1.0,
        0.5
      ],
      [
        0.10000000149011612,
        1.0,
        0.5
      ],
      [
        0.10000000149011612,
        0.0,
        0.5
      ],
      [
        0.5,
        0.0,
        0.5
      ],
      [
        0.10000000149011612,
        0.0,
        0.5
      ],
      [
        0.5,
        0.0,
        0.5
      ]
    ],
    "Precision": [
      [
        0.0,
        0.0,
        0.25
      ],
      [
        0.800000011920929,
        1.0,
        0.0
      ],
      [
        0.4000000059604645,
        0.0,
        0.0
      ],
      [
        0.4000000059604645,
        0.0,
        0.25
      ],
      [
        0.0,
        1.0,
        0.25
      ],
      [
        0.0,
        1.0,
        0.25
      ],
      [
        0.4000000059604645,
        0.0,
        0.25
      ],
      [
        0.800000011920929,
        1.0,
        0.25
      ],
      [
        0.0,
        1.0,
        0.0
      ],
      [
        0.0,
        0.0,
        0.25
      ],
      [
        0.4000000059604645,
        1.0,
        0.25
      ],
      [
        0.4000000059604645,
        0.0,
        0.25
      ],
      [
        0.4000000059604645,
        0.0,
        0.25
      ],
      [
        0.4000000059604645,
        0.0,
        0.25
      ],
      [
        0.4000000059604645,
        0.0,
        0.25
      ],
      [
        0.4000000059604645,
        1.0,
        0.25
      ],
      [
        0.0,
        1.0,
        0.25
      ],
      [
        0.0,
        0.0,
        0.0
      ],
      [
        0.0,
        1.0,
        0.25
      ],
      [
        0.0,
        1.0,
        0.0
      ],
      [
        0.4000000059604645,
        1.0,
        0.25
      ],
      [
        0.4000000059604645,
        1.0,
        0.25
      ],
      [
        0.0,
        1.0,
        0.0
      ],
      [
        0.0,
        0.0,
        0.25
      ],
      [
        0.800000011920929,
        1.0,
        0.25
      ],
      [
        0.0,
        1.0,
        0.25
      ],
      [
        0.0,
        0.0,
        0.25
      ],
      [
        0.4000000059604645,
        0.0,
        0.25
      ],
      [
        0.0,
        0.0,
        0.0
      ],
      [
        0.4000000059604645,
        0.0,
        0.25
      ]
    ],
    "Recall": [
      [
        0.0,
        0.0,
        0.5
      ],
      [
        0.800000011920929,
        1.0,
        0.0
      ],
      [
        0.4000000059604645,
        0.0,
        0.0
      ],
      [
        0.4000000059604645,
        0.0,
        0.5
      ],
      [
        0.0,
        1.0,
        0.5
      ],
      [
        0.0,
        1.0,
        0.5
      ],
      [
        0.4000000059604645,
        0.0,
        0.5
      ],
      [
        0.800000011920929,
        1.0,
        0.5
      ],
      [
        0.0,
        1.0,
        0.0
      ],
      [
        0.0,
        0.0,
        0.5
      ],
      [
        0.4000000059604645,
        1.0,
        0.5
      ],
      [
        0.4000000059604645,
        0.0,
        0.5
      ],
      [
        0.4000000059604645,
        0.0,
        0.5
      ],
      [
        0.4000000059604645,
        0.0,
        0.5
      ],
      [
        0.4000000059604645,
        0.0,
        0.5
      ],
      [
        0.4000000059604645,
        1.0,
        0.5
      ],
      [
        0.0,
        1.0,
        0.5
      ],
      [
        0.0,
        0.0,
        0.0
      ],
      [
        0.0,
        1.0,
        0.5
      ],
      [
        0.0,
        1.0,
        0.0
      ],
      [
        0.4000000059604645,
        1.0,
        0.5
      ],
      [
        0.4000000059604645,
        1.0,
        0.5
      ],
      [
        0.0,
        1.0,
        0.0
      ],
      [
        0.0,
        0.0,
        0.5
      ],
      [
        0.800000011920929,
        1.0,
        0.5
      ],
      [
        0.0,
        1.0,
        0.5
      ],
      [
        0.0,
        0.0,
        0.5
      ],
      [
        0.4000000059604645,
        0.0,
        0.5
      ],
      [
        0.0,
        0.0,
        0.0
      ],
      [
        0.4000000059604645,
        0.0,
        0.5
      ]
    ],