{
  "resource_category": "Resourceless user",
  "validation_results": {
    "Accuracy": [
      [
        0.20000000298023224,
        1.0,
        1.0
      ],
      [
        0.20000000298023224,
        1.0,
        1.0
      ],
      [
        0.4000000059604645,
        0.0,
        1.0
      ],
      [
        0.4000000059604645,
        1.0,
        1.0
      ],
      [
        0.800000011920929,
        0.0,
        1.0
      ],
      [
        0.6000000238418579,
        0.0,
        0.0
      ],
      [
        0.20000000298023224,
        0.0,
        1.0
      ],
      [
        0.0,
        1.0,
        1.0
      ],
      [
        0.20000000298023224,
        0.0,
        1.0
      ],
      [
        0.20000000298023224,
        1.0,
        0.0
      ],
      [
        0.20000000298023224,
        0.0,
        1.0
      ],
      [
        0.6000000238418579,
        1.0,
        1.0
      ],
      [
        0.20000000298023224,
        0.0,
        1.0
      ],
      [
        0.6000000238418579,
        1.0,
        1.0
      ],
      [
        0.0,
        1.0,
        0.0
      ],
      [
        0.20000000298023224,
        0.0,
        1.0
      ],
      [
        0.20000000298023224,
        0.0,
        1.0
      ],
      [
        0.20000000298023224,
        0.0,
        1.0
      ],
      [
        0.4000000059604645,
        0.0,
        1.0
      ],
      [
        0.20000000298023224,
        0.0,
        1.0
      ],
      [
        0.20000000298023224,
        0.0,
        1.0
      ],
      [
        0.20000000298023224,
        1.0,
        1.0
      ],
      [
        0.6000000238418579,
        0.0,
        1.0
      ],
      [
        0.800000011920929,
        1.0,
        1.0
      ],
      [
        0.6000000238418579,
        1.0,
        1.0
      ],
      [
        0.4000000059604645,
        1.0,
        0.0
      ],
      [
        0.20000000298023224,
        1.0,
        0.0
      ],
      [
        0.20000000298023224,
        1.0,
        0.0
      ],
      [
        0.20000000298023224,
        1.0,
        0.0
      ],
      [
        0.20000000298023224,
        1.0,
        1.0
      ]
    ],
    "Precision": [
      [
        0.20000000298023224,
        1.0,
        1.0
      ],
      [
        0.20000000298023224,
        1.0,
        1.0
      ],
      [
        0.4000000059604645,
        0.0,
        1.0
      ],
      [
        0.4000000059604645,
        1.0,
        1.0
      ],
      [
        0.800000011920929,
        0.0,
        1.0
      ],
      [
        0.6000000238418579,
        0.0,
        0.0
      ],
      [
        0.20000000298023224,
        0.0,
        1.0
      ],
      [
        0.0,
        1.0,
        1.0
      ],
      [
        0.20000000298023224,
        0.0,
        1.0
      ],
      [
        0.20000000298023224,
        1.0,
        0.0
      ],
      [
        0.20000000298023224,
        0.0,
        1.0
      ],
      [
        0.6000000238418579,
        1.0,
        1.0
      ],
      [
        0.20000000298023224,
        0.0,
        1.0
      ],
      [
        0.6000000238418579,
        1.0,
        1.0
      ],
      [
        0.0,
        1.0,
        0.0
      ],
      [
        0.20000000298023224,
        0.0,
        1.0
      ],
      [
        0.20000000298023224,
        0.0,
        1.0
      ],
      [
        0.20000000298023224,
        0.0,
        1.0
      ],
      [
        0.4000000059604645,
        0.0,
        1.0
      ],
      [
        0.20000000298023224,
        0.0,
        1.0
      ],
      [
        0.20000000298023224,
        0.0,
        1.0
      ],
      [
        0.20000000298023224,
        1.0,
        1.0
      ],
      [
        0.6000000238418579,
        0.0,
        1.0
      ],
      [
        0.800000011920929,
        1.0,
        1.0
      ],
      [
        0.6000000238418579,
        1.0,
        1.0
      ],
      [
        0.4000000059604645,
        1.0,
        0.0
      ],
      [
        0.20000000298023224,
        1.0,
        0.0
      ],
      [
        0.20000000298023224,
        1.0,
        0.0
      ],
      [
        0.20000000298023224,
        1.0,
        0.0
      ],
      [
        0.20000000298023224,
        1.0,
        1.0
      ]
    ],
    "Recall": [
      [
        0.20000000298023224,
        1.0,
        1.0
      ],
      [
        0.20000000298023224,
        1.0,
        1.0
      ],
      [
        0.4000000059604645,
        0.0,
        1.0
      ],
      [
        0.4000000059604645,
        1.0,
        1.0
      ],
      [
        0.800000011920929,
        0.0,
        1.0
      ],
      [
        0.6000000238418579,
        0.0,
        0.0
      ],
      [
        0.20000000298023224,
        0.0,
        1.0
      ],
      [
        0.0,
        1.0,
        1.0
      ],
      [
        0.20000000298023224,
        0.0,
        1.0
      ],
      [
        0.20000000298023224,
        1.0,
        0.0
      ],
      [
        0.20000000298023224,
        0.0,
        1.0
      ],
      [
        0.6000000238418579,
        1.0,
        1.0
      ],
      [
        0.20000000298023224,
        0.0,
        1.0
      ],
      [
        0.6000000238418579,
        1.0,
        1.0
      ],
      [
        0.0,
        1.0,
        0.0
      ],
      [
        0.20000000298023224,
        0.0,
        1.0
      ],
      [
        0.20000000298023224,
        0.0,
        1.0
      ],
      [
        0.20000000298023224,
        0.0,
        1.0
      ],
      [
        0.4000000059604645,
        0.0,
        1.0
      ],
      [
        0.20000000298023224,
        0.0,
        1.0
      ],
      [
        0.20000000298023224,
        0.0,
        1.0
      ],
      [
        0.20000000298023224,
        1.0,
        1.0
      ],
      [
        0.6000000238418579,
        0.0,
        1.0
      ],
      [
        0.800000011920929,
        1.0,
        1.0
      ],
      [
        0.6000000238418579,
        1.0,
        1.0
      ],
      [
        0.4000000059604645,
        1.0,
        0.0
      ],
      [
        0.20000000298023224,
        1.0,
        0.0
      ],
      [
        0.20000000298023224,
        1.0,
        0.0
      ],
      [
        0.20000000298023224,
        1.0,
        0.0
      ],
      [
        0.20000000298023224,
        1.0,
        1.0
      ]
    ],