{
  "resource_category": "Resourceless user",
  "validation_results": {
    "Accuracy": [
      [
        0.0,
        0.125,
        0.5
      ],
      [
        1.0,
        0.125,
        0.5
      ],
      [
        0.0,
        0.125,
        0.5
      ],
      [
        1.0,
        0.375,
        0.5
      ],
      [
        0.0,
        0.375,
        0.5
      ],
      [
        0.0,
        0.375,
        0.5
      ],
      [
        1.0,
        0.375,
        0.5
      ],
      [
        0.0,
        0.125,
        0.5
      ],
      [
        0.0,
        0.375,
        0.5
      ],
      [
        0.0,
        0.625,
        0.5
      ],
      [
        1.0,
        0.125,
        0.5
      ],
      [
        0.0,
        0.375,
        0.5
      ],
      [
        0.0,
        0.375,
        0.5
      ],
      [
        0.0,
        0.875,
        0.5
      ],
      [
        1.0,
        0.125,
        0.5
      ],
      [
        0.0,
        0.125,
        0.5
      ],
      [
        1.0,
        0.625,
        0.5
      ],
      [
        0.0,
        0.125,
        0.5
      ],
      [
        1.0,
        0.375,
        0.5
      ],
      [
        1.0,
        0.125,
        0.5
      ],
      [
        1.0,
        0.125,
        0.5
      ],
      [
        1.0,
        0.125,
        0.5
      ],
      [
        0.0,
        0.625,
        0.5
      ],
      [
        1.0,
        0.125,
        0.5
      ],
      [
        1.0,
        0.375,
        0.5
      ],
      [
        1.0,
        0.125,
        0.5
      ],
      [
        1.0,
        0.375,
        0.5
      ],
      [
        1.0,
        0.375,
        0.5
      ],
      [
        1.0,
        0.125,
        0.5
      ],
      [
        0.0,
        0.125,
        0.5
      ]
    ],
    "Precision": [
      [
        0.0,
        0.0625,
        0.0833333358168602
      ],
      [
        1.0,
        0.0,
        0.0833333358168602
      ],
      [
        0.0,
        0.0,
        0.0833333358168602
      ],
      [
        1.0,
        0.25,
        0.0833333358168602
      ],
      [
        0.0,
        0.25,
        0.0833333358168602
      ],
      [
        0.0,
        0.25,
        0.0833333358168602
      ],
      [
        1.0,
        0.25,
        0.0833333358168602
      ],
      [
        0.0,
        0.0,
        0.0
      ],
      [
        0.0,
        0.25,
        0.0
      ],
      [
        0.0,
        0.5625,
        0.0833333358168602
      ],
      [
        1.0,
        0.0,
        0.0833333358168602
      ],
      [
        0.0,
        0.25,
        0.0833333358168602
      ],
      [
        0.0,
        0.25,
        0.0833333358168602
      ],
      [
        0.0,
        0.8125,
        0.0833333358168602
      ],
      [
        1.0,
        0.0,
        0.0833333358168602
      ],
      [
        0.0,
        0.0,
        0.0833333358168602
      ],
      [
        1.0,
        0.5,
        0.0833333358168602
      ],
      [
        0.0,
        0.0,
        0.1666666716337204
      ],
      [
        1.0,
        0.25,
        0.0833333358168602
      ],
      [
        1.0,
        0.0,
        0.0833333358168602
      ],
      [
        1.0,
        0.0,
        0.0833333358168602
      ],
      [
        1.0,
        0.0,
        0.0833333358168602
      ],
      [
        0.0,
        0.5,
        0.0833333358168602
      ],
      [
        1.0,
        0.0,
        0.0833333358168602
      ],
      [
        1.0,
        0.25,
        0.0833333358168602
      ],
      [
        1.0,
        0.0,
        0.25
      ],
      [
        1.0,
        0.25,
        0.0833333358168602
      ],
      [
        1.0,
        0.25,
        0.0833333358168602
      ],
      [
        1.0,
        0.0,
        0.0833333358168602
      ],
      [
        0.0,
        0.0,
        0.0833333358168602
      ]
    ],
    "Recall": [
      [
        0.0,
        0.125,
        0.1666666716337204
      ],
      [
        1.0,
        0.0,
        0.1666666716337204
      ],
      [
        0.0,
        0.0,
        0.1666666716337204
      ],
      [
        1.0,
        0.25,
        0.1666666716337204
      ],
      [
        0.0,
        0.25,
        0.1666666716337204
      ],
      [
        0.0,
        0.25,
        0.1666666716337204
      ],
      [
        1.0,
        0.25,
        0.1666666716337204
      ],
      [
        0.0,
        0.0,
        0.0
      ],
      [
        0.0,
        0.25,
        0.0
      ],
      [
        0.0,
        0.625,
        0.1666666716337204
      ],
      [
        1.0,
        0.0,
        0.1666666716337204
      ],
      [
        0.0,
        0.25,
        0.1666666716337204
      ],
      [
        0.0,
        0.25,
        0.1666666716337204
      ],
      [
        0.0,
        0.875,
        0.1666666716337204
      ],
      [
        1.0,
        0.0,
        0.1666666716337204
      ],
      [
        0.0,
        0.0,
        0.1666666716337204
      ],
      [
        1.0,
        0.5,
        0.1666666716337204
      ],
      [
        0.0,
        0.0,
        0.3333333432674408
      ],
      [
        1.0,
        0.25,
        0.1666666716337204
      ],
      [
        1.0,
        0.0,
        0.1666666716337204
      ],
      [
        1.0,
        0.0,
        0.1666666716337204
      ],
      [
        1.0,
        0.0,
        0.1666666716337204
      ],
      [
        0.0,
        0.5,
        0.1666666716337204
      ],
      [
        1.0,
        0.0,
        0.1666666716337204
      ],
      [
        1.0,
        0.25,
        0.1666666716337204
      ],
      [
        1.0,
        0.0,
        0.5
      ],
      [
        1.0,
        0.25,
        0.1666666716337204
      ],
      [
        1.0,
        0.25,
        0.1666666716337204
      ],
      [
        1.0,
        0.0,
        0.1666666716337204
      ],
      [
        0.0,
        0.0,
        0.1666666716337204
      ]
    ],