{
  "resource_category": "Resourceful user",
  "validation_results": {
    "Accuracy": [
      [
        0.1666666716337204,
        0.0,
        1.0
      ],
      [
        0.8333333134651184,
        1.0,
        0.0
      ],
      [
        0.2222222238779068,
        0.0,
        1.0
      ],
      [
        0.1666666716337204,
        0.0,
        0.0
      ],
      [
        0.1666666716337204,
        0.0,
        0.0
      ],
      [
        0.1666666716337204,
        0.0,
        0.0
      ],
      [
        0.7222222089767456,
        0.0,
        1.0
      ],
      [
        0.1666666716337204,
        0.0,
        0.0
      ],
      [
        0.1666666716337204,
        0.0,
        1.0
      ],
      [
        0.1666666716337204,
        0.0,
        0.0
      ],
      [
        0.1666666716337204,
        0.0,
        0.0
      ],
      [
        0.1666666716337204,
        0.0,
        0.0
      ],
      [
        0.1666666716337204,
        0.0,
        0.0
      ],
      [
        0.1666666716337204,
        0.0,
        1.0
      ],
      [
        0.1666666716337204,
        0.0,
        0.0
      ],
      [
        0.1666666716337204,
        0.0,
        0.0
      ],
      [
        0.1666666716337204,
        0.0,
        1.0
      ],
      [
        0.1666666716337204,
        0.0,
        0.0
      ],
      [
        0.2222222238779068,
        0.0,
        0.0
      ],
      [
        0.1666666716337204,
        0.0,
        0.0
      ],
      [
        0.2222222238779068,
        0.0,
        0.0
      ],
      [
        0.1666666716337204,
        0.0,
        0.0
      ],
      [
        0.2222222238779068,
        0.0,
        0.0
      ],
      [
        0.1666666716337204,
        0.0,
        0.0
      ],
      [
        0.2222222238779068,
        0.0,
        1.0
      ],
      [
        0.1666666716337204,
        0.0,
        0.0
      ],
      [
        0.2222222238779068,
        1.0,
        1.0
      ],
      [
        0.1666666716337204,
        0.0,
        0.0
      ],
      [
        0.2222222238779068,
        0.0,
        1.0
      ],
      [
        0.1666666716337204,
        0.0,
        0.0
      ]
    ],
    "Precision": [
      [
        0.0555555559694767,
        0.0,
        1.0
      ],
      [
        0.7222222089767456,
        1.0,
        0.0
      ],
      [
        0.0,
        0.0,
        1.0
      ],
      [
        0.0555555559694767,
        0.0,
        0.0
      ],
      [
        0.0555555559694767,
        0.0,
        0.0
      ],
      [
        0.0555555559694767,
        0.0,
        0.0
      ],
      [
        0.5,
        0.0,
        1.0
      ],
      [
        0.0555555559694767,
        0.0,
        0.0
      ],
      [
        0.0555555559694767,
        0.0,
        1.0
      ],
      [
        0.0555555559694767,
        0.0,
        0.0
      ],
      [
        0.0555555559694767,
        0.0,
        0.0
      ],
      [
        0.0555555559694767,
        0.0,
        0.0
      ],
      [
        0.0555555559694767,
        0.0,
        0.0
      ],
      [
        0.0555555559694767,
        0.0,
        1.0
      ],
      [
        0.0555555559694767,
        0.0,
        0.0
      ],
      [
        0.0555555559694767,
        0.0,
        0.0
      ],
      [
        0.0555555559694767,
        0.0,
        1.0
      ],
      [
        0.0555555559694767,
        0.0,
        0.0
      ],
      [
        0.0,
        0.0,
        0.0
      ],
      [
        0.0555555559694767,
        0.0,
        0.0
      ],
      [
        0.0,
        0.0,
        0.0
      ],
      [
        0.0555555559694767,
        0.0,
        0.0
      ],
      [
        0.0,
        0.0,
        0.0
      ],
      [
        0.0555555559694767,
        0.0,
        0.0
      ],
      [
        0.0,
        0.0,
        1.0
      ],
      [
        0.0555555559694767,
        0.0,
        0.0
      ],
      [
        0.0,
        1.0,
        1.0
      ],
      [
        0.0555555559694767,
        0.0,
        0.0
      ],
      [
        0.0,
        0.0,
        1.0
      ],
      [
        0.0555555559694767,
        0.0,
        0.0
      ]
    ],
    "Recall": [
      [
        0.1666666716337204,
        0.0,
        1.0
      ],
      [
        0.8333333730697632,
        1.0,
        0.0
      ],
      [
        0.0,
        0.0,
        1.0
      ],
      [
        0.1666666716337204,
        0.0,
        0.0
      ],
      [
        0.1666666716337204,
        0.0,
        0.0
      ],
      [
        0.1666666716337204,
        0.0,
        0.0
      ],
      [
        0.5,
        0.0,
        1.0
      ],
      [
        0.1666666716337204,
        0.0,
        0.0
      ],
      [
        0.1666666716337204,
        0.0,
        1.0
      ],
      [
        0.1666666716337204,
        0.0,
        0.0
      ],
      [
        0.1666666716337204,
        0.0,
        0.0
      ],
      [
        0.1666666716337204,
        0.0,
        0.0
      ],
      [
        0.1666666716337204,
        0.0,
        0.0
      ],
      [
        0.1666666716337204,
        0.0,
        1.0
      ],
      [
        0.1666666716337204,
        0.0,
        0.0
      ],
      [
        0.1666666716337204,
        0.0,
        0.0
      ],
      [
        0.1666666716337204,
        0.0,
        1.0
      ],
      [
        0.1666666716337204,
        0.0,
        0.0
      ],
      [
        0.0,
        0.0,
        0.0
      ],
      [
        0.1666666716337204,
        0.0,
        0.0
      ],
      [
        0.0,
        0.0,
        0.0
      ],
      [
        0.1666666716337204,
        0.0,
        0.0
      ],
      [
        0.0,
        0.0,
        0.0
      ],
      [
        0.1666666716337204,
        0.0,
        0.0
      ],
      [
        0.0,
        0.0,
        1.0
      ],
      [
        0.1666666716337204,
        0.0,
        0.0
      ],
      [
        0.0,
        1.0,
        1.0
      ],
      [
        0.1666666716337204,
        0.0,
        0.0
      ],
      [
        0.0,
        0.0,
        1.0
      ],
      [
        0.1666666716337204,
        0.0,
        0.0
      ]
    ],