{
  "resource_category": "Resourceful user",
  "validation_results": {
    "Accuracy": [
      [
        0.7333333492279053,
        0.5,
        0.0
      ],
      [
        0.7333333492279053,
        0.5,
        1.0
      ],
      [
        0.7333333492279053,
        0.5,
        1.0
      ],
      [
        0.7333333492279053,
        0.5,
        1.0
      ],
      [
        0.7333333492279053,
        0.5,
        1.0
      ],
      [
        0.7333333492279053,
        1.0,
        1.0
      ],
      [
        0.7333333492279053,
        0.5,
        1.0
      ],
      [
        0.7333333492279053,
        0.5,
        0.0
      ],
      [
        0.7333333492279053,
        0.5,
        1.0
      ],
      [
        0.8666666746139526,
        0.5,
        0.0
      ],
      [
        0.7333333492279053,
        0.5,
        1.0
      ],
      [
        0.7333333492279053,
        0.5,
        1.0
      ],
      [
        0.7333333492279053,
        1.0,
        1.0
      ],
      [
        0.7333333492279053,
        0.5,
        1.0
      ],
      [
        0.7333333492279053,
        1.0,
        1.0
      ],
      [
        0.7333333492279053,
        1.0,
        1.0
      ],
      [
        0.7333333492279053,
        1.0,
        1.0
      ],
      [
        0.7333333492279053,
        1.0,
        1.0
      ],
      [
        0.7333333492279053,
        1.0,
        1.0
      ],
      [
        0.7333333492279053,
        0.5,
        1.0
      ],
      [
        0.7333333492279053,
        1.0,
        1.0
      ],
      [
        0.7333333492279053,
        0.5,
        1.0
      ],
      [
        0.7333333492279053,
        1.0,
        1.0
      ],
      [
        0.7333333492279053,
        1.0,
        1.0
      ],
      [
        0.7333333492279053,
        0.5,
        1.0
      ],
      [
        0.7333333492279053,
        0.5,
        1.0
      ],
      [
        0.7333333492279053,
        1.0,
        1.0
      ],
      [
        0.7333333492279053,
        1.0,
        1.0
      ],
      [
        0.7333333492279053,
        1.0,
        1.0
      ],
      [
        0.7333333492279053,
        1.0,
        1.0
      ]
    ],
    "Precision": [
      [
        0.6000000238418579,
        0.5,
        0.0
      ],
      [
        0.6000000238418579,
        0.5,
        1.0
      ],
      [
        0.6000000238418579,
        0.5,
        1.0
      ],
      [
        0.6000000238418579,
        0.5,
        1.0
      ],
      [
        0.6000000238418579,
        0.5,
        1.0
      ],
      [
        0.6000000238418579,
        1.0,
        1.0
      ],
      [
        0.6000000238418579,
        0.5,
        1.0
      ],
      [
        0.6000000238418579,
        0.5,
        0.0
      ],
      [
        0.6000000238418579,
        0.5,
        1.0
      ],
      [
        0.8666666746139526,
        0.5,
        0.0
      ],
      [
        0.6000000238418579,
        0.5,
        1.0
      ],
      [
        0.6000000238418579,
        0.5,
        1.0
      ],
      [
        0.6000000238418579,
        1.0,
        1.0
      ],
      [
        0.6000000238418579,
        0.5,
        1.0
      ],
      [
        0.6000000238418579,
        1.0,
        1.0
      ],
      [
        0.6000000238418579,
        1.0,
        1.0
      ],
      [
        0.6000000238418579,
        1.0,
        1.0
      ],
      [
        0.6000000238418579,
        1.0,
        1.0
      ],
      [
        0.6000000238418579,
        1.0,
        1.0
      ],
      [
        0.6000000238418579,
        0.5,
        1.0
      ],
      [
        0.6000000238418579,
        1.0,
        1.0
      ],
      [
        0.6000000238418579,
        0.5,
        1.0
      ],
      [
        0.6000000238418579,
        1.0,
        1.0
      ],
      [
        0.6000000238418579,
        1.0,
        1.0
      ],
      [
        0.6000000238418579,
        0.5,
        1.0
      ],
      [
        0.6000000238418579,
        0.5,
        1.0
      ],
      [
        0.6000000238418579,
        1.0,
        1.0
      ],
      [
        0.6000000238418579,
        1.0,
        1.0
      ],
      [
        0.6000000238418579,
        1.0,
        1.0
      ],
      [
        0.6000000238418579,
        1.0,
        1.0
      ]
    ],
    "Recall": [
      [
        0.6000000238418579,
        0.5,
        0.0
      ],
      [
        0.6000000238418579,
        0.5,
        1.0
      ],
      [
        0.6000000238418579,
        0.5,
        1.0
      ],
      [
        0.6000000238418579,
        0.5,
        1.0
      ],
      [
        0.6000000238418579,
        0.5,
        1.0
      ],
      [
        0.6000000238418579,
        1.0,
        1.0
      ],
      [
        0.6000000238418579,
        0.5,
        1.0
      ],
      [
        0.6000000238418579,
        0.5,
        0.0
      ],
      [
        0.6000000238418579,
        0.5,
        1.0
      ],
      [
        1.0,
        0.5,
        0.0
      ],
      [
        0.6000000238418579,
        0.5,
        1.0
      ],
      [
        0.6000000238418579,
        0.5,
        1.0
      ],
      [
        0.6000000238418579,
        1.0,
        1.0
      ],
      [
        0.6000000238418579,
        0.5,
        1.0
      ],
      [
        0.6000000238418579,
        1.0,
        1.0
      ],
      [
        0.6000000238418579,
        1.0,
        1.0
      ],
      [
        0.6000000238418579,
        1.0,
        1.0
      ],
      [
        0.6000000238418579,
        1.0,
        1.0
      ],
      [
        0.6000000238418579,
        1.0,
        1.0
      ],
      [
        0.6000000238418579,
        0.5,
        1.0
      ],
      [
        0.6000000238418579,
        1.0,
        1.0
      ],
      [
        0.6000000238418579,
        0.5,
        1.0
      ],
      [
        0.6000000238418579,
        1.0,
        1.0
      ],
      [
        0.6000000238418579,
        1.0,
        1.0
      ],
      [
        0.6000000238418579,
        0.5,
        1.0
      ],
      [
        0.6000000238418579,
        0.5,
        1.0
      ],
      [
        0.6000000238418579,
        1.0,
        1.0
      ],
      [
        0.6000000238418579,
        1.0,
        1.0
      ],
      [
        0.6000000238418579,
        1.0,
        1.0
      ],
      [
        0.6000000238418579,
        1.0,
        1.0
      ]
    ],