{
  "User": "184",
  "validation_results": {
    "Accuracy": [
      [
        0.0,
        0.5,
        0.6666666865348816
      ],
      [
        1.0,
        0.0,
        0.3333333432674408
      ],
      [
        0.0,
        0.0,
        0.0
      ],
      [
        1.0,
        0.75,
        0.6666666865348816
      ],
      [
        0.0,
        0.75,
        0.0
      ],
      [
        1.0,
        0.75,
        0.6666666865348816
      ],
      [
        1.0,
        0.75,
        0.6666666865348816
      ],
      [
        1.0,
        0.75,
        0.6666666865348816
      ],
      [
        1.0,
        0.25,
        0.3333333432674408
      ],
      [
        1.0,
        0.75,
        0.6666666865348816
      ],
      [
        1.0,
        0.75,
        0.6666666865348816
      ],
      [
        1.0,
        0.75,
        0.6666666865348816
      ],
      [
        1.0,
        0.75,
        0.6666666865348816
      ],
      [
        1.0,
        0.75,
        0.6666666865348816
      ],
      [
        1.0,
        0.75,
        0.6666666865348816
      ],
      [
        0.0,
        0.0,
        0.0
      ],
      [
        0.0,
        0.0,
        0.0
      ],
      [
        1.0,
        0.75,
        0.6666666865348816
      ],
      [
        1.0,
        0.75,
        0.6666666865348816
      ],
      [
        1.0,
        0.0,
        0.0
      ],
      [
        1.0,
        0.75,
        0.6666666865348816
      ],
      [
        1.0,
        0.75,
        0.6666666865348816
      ],
      [
        1.0,
        0.75,
        0.6666666865348816
      ],
      [
        1.0,
        0.75,
        0.6666666865348816
      ],
      [
        0.0,
        0.0,
        0.0
      ],
      [
        1.0,
        0.75,
        0.6666666865348816
      ],
      [
        0.0,
        0.0,
        0.0
      ],
      [
        1.0,
        0.75,
        0.6666666865348816
      ],
      [
        1.0,
        0.25,
        0.0
      ],
      [
        0.0,
        0.0,
        0.0
      ]
    ],
    "Precision": [
      [
        0.0,
        0.5,
        0.6666666865348816
      ],
      [
        1.0,
        0.0,
        0.3333333432674408
      ],
      [
        0.0,
        0.0,
        0.0
      ],
      [
        1.0,
        0.75,
        0.6666666865348816
      ],
      [
        0.0,
        0.75,
        0.0
      ],
      [
        1.0,
        0.75,
        0.6666666865348816
      ],
      [
        1.0,
        0.75,
        0.6666666865348816
      ],
      [
        1.0,
        0.75,
        0.6666666865348816
      ],
      [
        1.0,
        0.25,
        0.3333333432674408
      ],
      [
        1.0,
        0.75,
        0.6666666865348816
      ],
      [
        1.0,
        0.75,
        0.6666666865348816
      ],
      [
        1.0,
        0.75,
        0.6666666865348816
      ],
      [
        1.0,
        0.75,
        0.6666666865348816
      ],
      [
        1.0,
        0.75,
        0.6666666865348816
      ],
      [
        1.0,
        0.75,
        0.6666666865348816
      ],
      [
        0.0,
        0.0,
        0.0
      ],
      [
        0.0,
        0.0,
        0.0
      ],
      [
        1.0,
        0.75,
        0.6666666865348816
      ],
      [
        1.0,
        0.75,
        0.6666666865348816
      ],
      [
        1.0,
        0.0,
        0.0
      ],
      [
        1.0,
        0.75,
        0.6666666865348816
      ],
      [
        1.0,
        0.75,
        0.6666666865348816
      ],
      [
        1.0,
        0.75,
        0.6666666865348816
      ],
      [
        1.0,
        0.75,
        0.6666666865348816
      ],
      [
        0.0,
        0.0,
        0.0
      ],
      [
        1.0,
        0.75,
        0.6666666865348816
      ],
      [
        0.0,
        0.0,
        0.0
      ],
      [
        1.0,
        0.75,
        0.6666666865348816
      ],
      [
        1.0,
        0.25,
        0.0
      ],
      [
        0.0,
        0.0,
        0.0
      ]
    ],
    "Recall": [
      [
        0.0,
        0.5,
        0.6666666865348816
      ],
      [
        1.0,
        0.0,
        0.3333333432674408
      ],
      [
        0.0,
        0.0,
        0.0
      ],
      [
        1.0,
        0.75,
        0.6666666865348816
      ],
      [
        0.0,
        0.75,
        0.0
      ],
      [
        1.0,
        0.75,
        0.6666666865348816
      ],
      [
        1.0,
        0.75,
        0.6666666865348816
      ],
      [
        1.0,
        0.75,
        0.6666666865348816
      ],
      [
        1.0,
        0.25,
        0.3333333432674408
      ],
      [
        1.0,
        0.75,
        0.6666666865348816
      ],
      [
        1.0,
        0.75,
        0.6666666865348816
      ],
      [
        1.0,
        0.75,
        0.6666666865348816
      ],
      [
        1.0,
        0.75,
        0.6666666865348816
      ],
      [
        1.0,
        0.75,
        0.6666666865348816
      ],
      [
        1.0,
        0.75,
        0.6666666865348816
      ],
      [
        0.0,
        0.0,
        0.0
      ],
      [
        0.0,
        0.0,
        0.0
      ],
      [
        1.0,
        0.75,
        0.6666666865348816
      ],
      [
        1.0,
        0.75,
        0.6666666865348816
      ],
      [
        1.0,
        0.0,
        0.0
      ],
      [
        1.0,
        0.75,
        0.6666666865348816
      ],
      [
        1.0,
        0.75,
        0.6666666865348816
      ],
      [
        1.0,
        0.75,
        0.6666666865348816
      ],
      [
        1.0,
        0.75,
        0.6666666865348816
      ],
      [
        0.0,
        0.0,
        0.0
      ],
      [
        1.0,
        0.75,
        0.6666666865348816
      ],
      [
        0.0,
        0.0,
        0.0
      ],
      [
        1.0,
        0.75,
        0.6666666865348816
      ],
      [
        1.0,
        0.25,
        0.0
      ],
      [
        0.0,
        0.0,
        0.0
      ]
    ],