{
  "User": "364",
  "validation_results": {
    "Accuracy": [
      [
        0.6499999761581421,
        1.0,
        1.0
      ],
      [
        0.6499999761581421,
        1.0,
        1.0
      ],
      [
        0.3500000238418579,
        0.0,
        0.0
      ],
      [
        0.5,
        1.0,
        1.0
      ],
      [
        0.6499999761581421,
        1.0,
        1.0
      ],
      [
        0.6499999761581421,
        1.0,
        1.0
      ],
      [
        0.6499999761581421,
        1.0,
        1.0
      ],
      [
        0.6499999761581421,
        1.0,
        1.0
      ],
      [
        0.6499999761581421,
        1.0,
        1.0
      ],
      [
        0.6499999761581421,
        1.0,
        1.0
      ],
      [
        0.6499999761581421,
        1.0,
        1.0
      ],
      [
        0.6499999761581421,
        1.0,
        1.0
      ],
      [
        0.6499999761581421,
        1.0,
        1.0
      ],
      [
        0.6499999761581421,
        1.0,
        1.0
      ],
      [
        0.6499999761581421,
        1.0,
        1.0
      ],
      [
        0.6499999761581421,
        1.0,
        1.0
      ],
      [
        0.6499999761581421,
        1.0,
        1.0
      ],
      [
        0.6499999761581421,
        1.0,
        1.0
      ],
      [
        0.6499999761581421,
        1.0,
        1.0
      ],
      [
        0.6499999761581421,
        1.0,
        1.0
      ],
      [
        0.6499999761581421,
        1.0,
        1.0
      ],
      [
        0.5,
        1.0,
        1.0
      ],
      [
        0.6499999761581421,
        1.0,
        1.0
      ],
      [
        0.5,
        1.0,
        1.0
      ],
      [
        0.5,
        1.0,
        1.0
      ],
      [
        0.6499999761581421,
        1.0,
        1.0
      ],
      [
        0.6499999761581421,
        1.0,
        1.0
      ],
      [
        0.5,
        1.0,
        1.0
      ],
      [
        0.6499999761581421,
        1.0,
        1.0
      ],
      [
        0.5,
        1.0,
        1.0
      ]
    ],
    "Precision": [
      [
        0.5499999523162842,
        1.0,
        1.0
      ],
      [
        0.5499999523162842,
        1.0,
        1.0
      ],
      [
        0.10000000149011612,
        0.0,
        0.0
      ],
      [
        0.42499998211860657,
        1.0,
        1.0
      ],
      [
        0.5499999523162842,
        1.0,
        1.0
      ],
      [
        0.5499999523162842,
        1.0,
        1.0
      ],
      [
        0.5499999523162842,
        1.0,
        1.0
      ],
      [
        0.5499999523162842,
        1.0,
        1.0
      ],
      [
        0.5499999523162842,
        1.0,
        1.0
      ],
      [
        0.5499999523162842,
        1.0,
        1.0
      ],
      [
        0.5499999523162842,
        1.0,
        1.0
      ],
      [
        0.5499999523162842,
        1.0,
        1.0
      ],
      [
        0.5499999523162842,
        1.0,
        1.0
      ],
      [
        0.5499999523162842,
        1.0,
        1.0
      ],
      [
        0.5499999523162842,
        1.0,
        1.0
      ],
      [
        0.5499999523162842,
        1.0,
        1.0
      ],
      [
        0.5499999523162842,
        1.0,
        1.0
      ],
      [
        0.5499999523162842,
        1.0,
        1.0
      ],
      [
        0.5499999523162842,
        1.0,
        1.0
      ],
      [
        0.5499999523162842,
        1.0,
        1.0
      ],
      [
        0.6499999761581421,
        1.0,
        1.0
      ],
      [
        0.22499999403953552,
        1.0,
        1.0
      ],
      [
        0.6499999761581421,
        1.0,
        1.0
      ],
      [
        0.22499999403953552,
        1.0,
        1.0
      ],
      [
        0.22499999403953552,
        1.0,
        1.0
      ],
      [
        0.5499999523162842,
        1.0,
        1.0
      ],
      [
        0.5499999523162842,
        1.0,
        1.0
      ],
      [
        0.32499998807907104,
        1.0,
        1.0
      ],
      [
        0.6499999761581421,
        1.0,
        1.0
      ],
      [
        0.32499998807907104,
        1.0,
        1.0
      ]
    ],
    "Recall": [
      [
        0.800000011920929,
        1.0,
        1.0
      ],
      [
        0.800000011920929,
        1.0,
        1.0
      ],
      [
        0.20000000298023224,
        0.0,
        0.0
      ],
      [
        0.699999988079071,
        1.0,
        1.0
      ],
      [
        0.800000011920929,
        1.0,
        1.0
      ],
      [
        0.800000011920929,
        1.0,
        1.0
      ],
      [
        0.800000011920929,
        1.0,
        1.0
      ],
      [
        0.800000011920929,
        1.0,
        1.0
      ],
      [
        0.800000011920929,
        1.0,
        1.0
      ],
      [
        0.800000011920929,
        1.0,
        1.0
      ],
      [
        0.800000011920929,
        1.0,
        1.0
      ],
      [
        0.800000011920929,
        1.0,
        1.0
      ],
      [
        0.800000011920929,
        1.0,
        1.0
      ],
      [
        0.800000011920929,
        1.0,
        1.0
      ],
      [
        0.800000011920929,
        1.0,
        1.0
      ],
      [
        0.800000011920929,
        1.0,
        1.0
      ],
      [
        0.800000011920929,
        1.0,
        1.0
      ],
      [
        0.800000011920929,
        1.0,
        1.0
      ],
      [
        0.800000011920929,
        1.0,
        1.0
      ],
      [
        0.800000011920929,
        1.0,
        1.0
      ],
      [
        1.0,
        1.0,
        1.0
      ],
      [
        0.30000001192092896,
        1.0,
        1.0
      ],
      [
        1.0,
        1.0,
        1.0
      ],
      [
        0.30000001192092896,
        1.0,
        1.0
      ],
      [
        0.30000001192092896,
        1.0,
        1.0
      ],
      [
        0.800000011920929,
        1.0,
        1.0
      ],
      [
        0.800000011920929,
        1.0,
        1.0
      ],
      [
        0.5,
        1.0,
        1.0
      ],
      [
        1.0,
        1.0,
        1.0
      ],
      [
        0.5,
        1.0,
        1.0
      ]
    ],