{
  "User": "299",
  "validation_results": {
    "Accuracy": [
      [
        1.0,
        0.0,
        0.5
      ],
      [
        0.0,
        1.0,
        0.5
      ],
      [
        1.0,
        0.0,
        0.5
      ],
      [
        1.0,
        1.0,
        1.0
      ],
      [
        1.0,
        0.0,
        0.0
      ],
      [
        0.0,
        0.0,
        0.0
      ],
      [
        1.0,
        0.3333333432674408,
        0.0
      ],
      [
        1.0,
        0.3333333432674408,
        0.0
      ],
      [
        1.0,
        0.3333333432674408,
        0.0
      ],
      [
        1.0,
        0.0,
        0.0
      ],
      [
        1.0,
        0.3333333432674408,
        0.0
      ],
      [
        1.0,
        0.3333333432674408,
        0.0
      ],
      [
        1.0,
        0.3333333432674408,
        0.0
      ],
      [
        0.5,
        0.3333333432674408,
        0.5
      ],
      [
        1.0,
        0.3333333432674408,
        0.0
      ],
      [
        0.0,
        0.3333333432674408,
        0.0
      ],
      [
        1.0,
        0.3333333432674408,
        0.0
      ],
      [
        0.0,
        0.0,
        0.0
      ],
      [
        1.0,
        0.3333333432674408,
        0.0
      ],
      [
        1.0,
        0.0,
        0.0
      ],
      [
        1.0,
        0.3333333432674408,
        0.0
      ],
      [
        1.0,
        0.0,
        0.0
      ],
      [
        1.0,
        0.3333333432674408,
        0.0
      ],
      [
        0.5,
        0.3333333432674408,
        0.0
      ],
      [
        1.0,
        0.3333333432674408,
        0.0
      ],
      [
        1.0,
        0.3333333432674408,
        0.0
      ],
      [
        1.0,
        0.3333333432674408,
        0.0
      ],
      [
        1.0,
        0.3333333432674408,
        0.0
      ],
      [
        0.0,
        0.0,
        0.5
      ],
      [
        1.0,
        0.3333333432674408,
        0.0
      ]
    ],
    "Precision": [
      [
        1.0,
        0.0,
        0.5
      ],
      [
        0.0,
        1.0,
        0.5
      ],
      [
        1.0,
        0.0,
        0.5
      ],
      [
        1.0,
        1.0,
        1.0
      ],
      [
        1.0,
        0.0,
        0.0
      ],
      [
        0.0,
        0.0,
        0.0
      ],
      [
        1.0,
        0.3333333432674408,
        0.0
      ],
      [
        1.0,
        0.3333333432674408,
        0.0
      ],
      [
        1.0,
        0.3333333432674408,
        0.0
      ],
      [
        1.0,
        0.0,
        0.0
      ],
      [
        1.0,
        0.3333333432674408,
        0.0
      ],
      [
        1.0,
        0.3333333432674408,
        0.0
      ],
      [
        1.0,
        0.3333333432674408,
        0.0
      ],
      [
        0.5,
        0.3333333432674408,
        0.5
      ],
      [
        1.0,
        0.3333333432674408,
        0.0
      ],
      [
        0.0,
        0.3333333432674408,
        0.0
      ],
      [
        1.0,
        0.3333333432674408,
        0.0
      ],
      [
        0.0,
        0.0,
        0.0
      ],
      [
        1.0,
        0.3333333432674408,
        0.0
      ],
      [
        1.0,
        0.0,
        0.0
      ],
      [
        1.0,
        0.3333333432674408,
        0.0
      ],
      [
        1.0,
        0.0,
        0.0
      ],
      [
        1.0,
        0.3333333432674408,
        0.0
      ],
      [
        0.5,
        0.3333333432674408,
        0.0
      ],
      [
        1.0,
        0.3333333432674408,
        0.0
      ],
      [
        1.0,
        0.3333333432674408,
        0.0
      ],
      [
        1.0,
        0.3333333432674408,
        0.0
      ],
      [
        1.0,
        0.3333333432674408,
        0.0
      ],
      [
        0.0,
        0.0,
        0.5
      ],
      [
        1.0,
        0.3333333432674408,
        0.0
      ]
    ],
    "Recall": [
      [
        1.0,
        0.0,
        0.5
      ],
      [
        0.0,
        1.0,
        0.5
      ],
      [
        1.0,
        0.0,
        0.5
      ],
      [
        1.0,
        1.0,
        1.0
      ],
      [
        1.0,
        0.0,
        0.0
      ],
      [
        0.0,
        0.0,
        0.0
      ],
      [
        1.0,
        0.3333333432674408,
        0.0
      ],
      [
        1.0,
        0.3333333432674408,
        0.0
      ],
      [
        1.0,
        0.3333333432674408,
        0.0
      ],
      [
        1.0,
        0.0,
        0.0
      ],
      [
        1.0,
        0.3333333432674408,
        0.0
      ],
      [
        1.0,
        0.3333333432674408,
        0.0
      ],
      [
        1.0,
        0.3333333432674408,
        0.0
      ],
      [
        0.5,
        0.3333333432674408,
        0.5
      ],
      [
        1.0,
        0.3333333432674408,
        0.0
      ],
      [
        0.0,
        0.3333333432674408,
        0.0
      ],
      [
        1.0,
        0.3333333432674408,
        0.0
      ],
      [
        0.0,
        0.0,
        0.0
      ],
      [
        1.0,
        0.3333333432674408,
        0.0
      ],
      [
        1.0,
        0.0,
        0.0
      ],
      [
        1.0,
        0.3333333432674408,
        0.0
      ],
      [
        1.0,
        0.0,
        0.0
      ],
      [
        1.0,
        0.3333333432674408,
        0.0
      ],
      [
        0.5,
        0.3333333432674408,
        0.0
      ],
      [
        1.0,
        0.3333333432674408,
        0.0
      ],
      [
        1.0,
        0.3333333432674408,
        0.0
      ],
      [
        1.0,
        0.3333333432674408,
        0.0
      ],
      [
        1.0,
        0.3333333432674408,
        0.0
      ],
      [
        0.0,
        0.0,
        0.5
      ],
      [
        1.0,
        0.3333333432674408,
        0.0
      ]
    ],
    "F1Score": [
      [
        1.0,
        0.0,
        0.5
      ],
      [
        0.0,
        1.0,
        0.5
      ],
      [
        1.0,
        0.0,
        0.5
      ],
      [
        1.0,
        1.0,
        1.0
      ],
      [
        1.0,
        0.0,
        0.0
      ],
      [
        0.0,
        0.0,
        0.0
      ],
      [
        1.0,
        0.3333333432674408,
        0.0
      ],
      [
        1.0,
        0.3333333432674408,
        0.0
      ],
      [
        1.0,
        0.3333333432674408,
        0.0
      ],
      [
        1.0,
        0.0,
        0.0
      ],
      [
        1.0,
        0.3333333432674408,
        0.0
      ],
      [
        1.0,
        0.3333333432674408,
        0.0
      ],
      [
        1.0,
        0.3333333432674408,
        0.0
      ],
      [
        0.5,
        0.3333333432674408,
        0.5
      ],
      [
        1.0,
        0.3333333432674408,
        0.0
      ],
      [
        0.0,
        0.3333333432674408,
        0.0
      ],
      [
        1.0,
        0.3333333432674408,
        0.0
      ],
      [
        0.0,
        0.0,
        0.0
      ],
      [
        1.0,
        0.3333333432674408,
        0.0
      ],
      [
        1.0,
        0.0,
        0.0
      ],
      [
        1.0,
        0.3333333432674408,
        0.0
      ],
      [
        1.0,
        0.0,
        0.0
      ],
      [
        1.0,
        0.3333333432674408,
        0.0
      ],
      [
        0.5,
        0.3333333432674408,
        0.0
      ],
      [
        1.0,
        0.3333333432674408,
        0.0
      ],
      [
        1.0,
        0.3333333432674408,
        0.0
      ],
      [
        1.0,
        0.3333333432674408,
        0.0
      ],
      [
        1.0,
        0.3333333432674408,
        0.0
      ],
      [
        0.0,
        0.0,
        0.5
      ],
      [
        1.0,
        0.3333333432674408,
        0.0
      ]
    ],