{
  "User": "364",
  "validation_results": {
    "Accuracy": [
      [
        0.5231481790542603,
        1.0,
        1.0
      ]
    ],
    "Precision": [
      [
        0.35648149251937866,
        1.0,
        1.0
      ]
    ],
    "Recall": [
      [
        0.625,
        1.0,
        1.0
      ]
    ],
    "F1Score": [
      [
        0.4513736367225647,
        1.0,
        1.0
      ]
    ],
    "info_prec": [
      0.02222222222222222
    ],
    "info_rec": [
      0.2
    ],
    "info_f1": [
      0.039999999999999994
    ],
    "info_cmae": [
      1.4360684871673584
    ],
    "info_mae": [
      1.6867047150929768
    ]
  }
}