{
  "User": "554",
  "validation_results": {
    "Accuracy": [
      [
        0.8133333921432495,
        0.800000011920929,
        0.7999999523162842
      ]
    ],
    "Precision": [
      [
        0.8133333921432495,
        0.5333333611488342,
        0.6399999856948853
      ]
    ],
    "Recall": [
      [
        1.0,
        0.6666666865348816,
        0.800000011920929
      ]
    ],
    "F1Score": [
      [
        0.8835978507995605,
        0.5925925970077515,
        0.7111111283302307
      ]
    ],
    "info_prec": [
      0.13333333333333333
    ],
    "info_rec": [
      0.3333333333333333
    ],
    "info_f1": [
      0.1904761904761905
    ],
    "info_cmae": [
      1.1525979042053223
    ],
    "info_mae": [
      0.8915587425231933
    ]
  }
}