{
  "User": "229",
  "validation_results": {
    "Accuracy": [
      [
        0.75,
        0.25,
        0.25
      ]
    ],
    "Precision": [
      [
        0.5625,
        0.0625,
        0.0625
      ]
    ],
    "Recall": [
      [
        0.75,
        0.25,
        0.25
      ]
    ],
    "F1Score": [
      [
        0.6428571343421936,
        0.10000000149011612,
        0.10000000149011612
      ]
    ],
    "info_prec": [
      0.0
    ],
    "info_rec": [
      0.0
    ],
    "info_f1": [
      0.0
    ],
    "info_cmae": [
      1.0
    ],
    "info_mae": [
      1.0
    ]
  }
}