{
  "User": "587",
  "validation_results": {
    "Accuracy": [
      [
        0.5,
        0.75,
        0.5
      ]
    ],
    "Precision": [
      [
        0.125,
        0.75,
        0.375
      ]
    ],
    "Recall": [
      [
        0.25,
        1.0,
        0.75
      ]
    ],
    "F1Score": [
      [
        0.1666666716337204,
        0.8333333730697632,
        0.5
      ]
    ],
    "info_prec": [
      0.0
    ],
    "info_rec": [
      0.0
    ],
    "info_f1": [
      0.0
    ],
    "info_cmae": [
      1.98897385597229
    ],
    "info_mae": [
      1.98897385597229
    ]
  }
}