{
  "User": "232",
  "validation_results": {
    "Accuracy": [
      [
        0.535714328289032,
        0.6530612707138062,
        0.6530612707138062
      ]
    ],
    "Precision": [
      [
        0.0,
        0.3265306353569031,
        0.3265306353569031
      ]
    ],
    "Recall": [
      [
        0.0,
        0.5714285969734192,
        0.5714285969734192
      ]
    ],
    "F1Score": [
      [
        0.0,
        0.41558441519737244,
        0.41558441519737244
      ]
    ],
    "info_prec": [
      0.10714285714285714
    ],
    "info_rec": [
      0.25
    ],
    "info_f1": [
      0.15
    ],
    "info_cmae": [
      1.0
    ],
    "info_mae": [
      0.8542734554835728
    ]
  }
}