{
  "User": "253",
  "validation_results": {
    "Accuracy": [
      [
        0.3333333432674408,
        0.3333333432674408,
        0.3333333432674408
      ]
    ],
    "Precision": [
      [
        0.3333333432674408,
        0.3333333432674408,
        0.3333333432674408
      ]
    ],
    "Recall": [
      [
        0.3333333432674408,
        0.3333333432674408,
        0.3333333432674408
      ]
    ],
    "F1Score": [
      [
        0.3333333432674408,
        0.3333333432674408,
        0.3333333432674408
      ]
    ],
    "info_prec": [
      1.0
    ],
    "info_rec": [
      1.0
    ],
    "info_f1": [
      1.0
    ],
    "info_cmae": [
      0.9876928329467773
    ],
    "info_mae": [
      0.9876928329467773
    ]
  }
}