{
  "User": "274",
  "validation_results": {
    "Accuracy": [
      [
        0.4444444477558136,
        1.0,
        0.6666666865348816
      ]
    ],
    "Precision": [
      [
        0.0,
        1.0,
        0.4444444477558136
      ]
    ],
    "Recall": [
      [
        0.0,
        1.0,
        0.6666666865348816
      ]
    ],
    "F1Score": [
      [
        0.0,
        1.0,
        0.5333333611488342
      ]
    ],
    "info_prec": [
      1.0
    ],
    "info_rec": [
      1.0
    ],
    "info_f1": [
      1.0
    ],
    "info_cmae": [
      0.0026203393936157227
    ],
    "info_mae": [
      0.0026203393936157227
    ]
  }
}