{
  "User": "110",
  "validation_results": {
    "Accuracy": [
      [
        0.8333333730697632,
        0.8333333730697632,
        0.8333333730697632
      ]
    ],
    "Precision": [
      [
        0.6666666865348816,
        0.8333333730697632,
        0.8333333730697632
      ]
    ],
    "Recall": [
      [
        0.6666666865348816,
        1.0,
        1.0
      ]
    ],
    "F1Score": [
      [
        0.6666666865348816,
        0.8888888955116272,
        0.8888888955116272
      ]
    ],
    "info_prec": [
      0.0
    ],
    "info_rec": [
      0.0
    ],
    "info_f1": [
      0.0
    ],
    "info_cmae": [
      1.0054657459259033
    ],
    "info_mae": [
      1.0054657459259033
    ]
  }
}