{
  "User": "132",
  "validation_results": {
    "Accuracy": [
      [
        0.7142857313156128,
        0.6666667461395264,
        0.6666667461395264
      ]
    ],
    "Precision": [
      [
        0.4285714328289032,
        0.2666666805744171,
        0.2666666805744171
      ]
    ],
    "Recall": [
      [
        0.4285714328289032,
        0.4000000059604645,
        0.4000000059604645
      ]
    ],
    "F1Score": [
      [
        0.4285714328289032,
        0.3199999928474426,
        0.3199999928474426
      ]
    ],
    "info_prec": [
      0.0
    ],
    "info_rec": [
      0.0
    ],
    "info_f1": [
      0.0
    ],
    "info_cmae": [
      0.04368448257446289
    ],
    "info_mae": [
      0.04368448257446289
    ]
  }
}