{
  "User": "112",
  "validation_results": {
    "Accuracy": [
      [
        0.4523809552192688,
        0.6111111044883728,
        0.6111111044883728
      ]
    ],
    "Precision": [
      [
        0.0,
        0.0,
        0.0
      ]
    ],
    "Recall": [
      [
        0.0,
        0.0,
        0.0
      ]
    ],
    "F1Score": [
      [
        0.0,
        0.0,
        0.0
      ]
    ],
    "info_prec": [
      0.0
    ],
    "info_rec": [
      0.0
    ],
    "info_f1": [
      0.0
    ],
    "info_cmae": [
      1.3342748483022053
    ],
    "info_mae": [
      1.8333333333333333
    ]
  }
}