{
  "User": "94",
  "validation_results": {
    "Accuracy": [
      [
        0.0,
        0.0,
        0.5
      ]
    ],
    "Precision": [
      [
        0.0,
        0.0,
        0.25
      ]
    ],
    "Recall": [
      [
        0.0,
        0.0,
        0.5
      ]
    ],
    "F1Score": [
      [
        0.0,
        0.0,
        0.3333333432674408
      ]
    ],
    "info_prec": [
      1.0
    ],
    "info_rec": [
      1.0
    ],
    "info_f1": [
      1.0
    ],
    "info_cmae": [
      0.004015207290649414
    ],
    "info_mae": [
      0.004015207290649414
    ]
  }
}