{
  "User": "17",
  "validation_results": {
    "Accuracy": [
      [
        0.550000011920929,
        0.6071428656578064,
        0.75
      ]
    ],
    "Precision": [
      [
        0.4000000059604645,
        0.0,
        0.5625
      ]
    ],
    "Recall": [
      [
        0.800000011920929,
        0.0,
        0.75
      ]
    ],
    "F1Score": [
      [
        0.5333333611488342,
        0.0,
        0.6428571343421936
      ]
    ],
    "info_prec": [
      0.125
    ],
    "info_rec": [
      0.5
    ],
    "info_f1": [
      0.2
    ],
    "info_cmae": [
      0.5007200241088867
    ],
    "info_mae": [
      0.7507200241088867
    ]
  }
}