{
  "User": "399",
  "validation_results": {
    "Accuracy": [
      [
        0.6785714030265808,
        0.625,
        0.375
      ]
    ],
    "Precision": [
      [
        0.3214285671710968,
        0.0,
        0.0
      ]
    ],
    "Recall": [
      [
        0.4285714328289032,
        0.0,
        0.0
      ]
    ],
    "F1Score": [
      [
        0.36734694242477417,
        0.0,
        0.0
      ]
    ],
    "info_prec": [
      0.08333333333333333
    ],
    "info_rec": [
      0.3333333333333333
    ],
    "info_f1": [
      0.13333333333333333
    ],
    "info_cmae": [
      1.6752586364746094
    ],
    "info_mae": [
      1.75
    ]
  }
}