{
  "User": "597",
  "validation_results": {
    "Accuracy": [
      [
        0.1666666716337204,
        1.0,
        0.0
      ]
    ],
    "Precision": [
      [
        0.1666666716337204,
        1.0,
        0.0
      ]
    ],
    "Recall": [
      [
        0.3333333432674408,
        1.0,
        0.0
      ]
    ],
    "F1Score": [
      [
        0.2222222238779068,
        1.0,
        0.0
      ]
    ],
    "info_prec": [
      1.0
    ],
    "info_rec": [
      1.0
    ],
    "info_f1": [
      1.0
    ],
    "info_cmae": [
      0.5271396636962891
    ],
    "info_mae": [
      0.5271396636962891
    ]
  }
}