{
  "User": "124",
  "validation_results": {
    "Accuracy": [
      [
        0.4333333373069763,
        0.6000000238418579,
        0.7000000476837158
      ]
    ],
    "Precision": [
      [
        0.03333333507180214,
        0.02857142873108387,
        0.30000001192092896
      ]
    ],
    "Recall": [
      [
        0.1666666716337204,
        0.1428571492433548,
        0.5
      ]
    ],
    "F1Score": [
      [
        0.0555555559694767,
        0.0476190485060215,
        0.375
      ]
    ],
    "info_prec": [
      0.0
    ],
    "info_rec": [
      0.0
    ],
    "info_f1": [
      0.0
    ],
    "info_cmae": [
      1.7283016045888264
    ],
    "info_mae": [
      1.8369809627532958
    ]
  }
}