{
  "User": "39",
  "validation_results": {
    "Accuracy": [
      [
        0.7666666507720947,
        0.7999999523162842,
        1.0
      ]
    ],
    "Precision": [
      [
        0.6333333253860474,
        0.6399999856948853,
        1.0
      ]
    ],
    "Recall": [
      [
        0.8333333134651184,
        0.800000011920929,
        1.0
      ]
    ],
    "F1Score": [
      [
        0.699404776096344,
        0.7111111283302307,
        1.0
      ]
    ],
    "info_prec": [
      0.06666666666666667
    ],
    "info_rec": [
      0.3333333333333333
    ],
    "info_f1": [
      0.11111111111111112
    ],
    "info_cmae": [
      0.6729046503702799
    ],
    "info_mae": [
      0.4112283706665039
    ]
  }
}