{
  "User": "214",
  "validation_results": {
    "Accuracy": [
      [
        0.3399999737739563,
        1.0,
        0.3199999928474426
      ]
    ],
    "Precision": [
      [
        0.18000000715255737,
        1.0,
        0.0
      ]
    ],
    "Recall": [
      [
        0.30000001192092896,
        1.0,
        0.0
      ]
    ],
    "F1Score": [
      [
        0.22499999403953552,
        1.0,
        0.0
      ]
    ],
    "info_prec": [
      0.0
    ],
    "info_rec": [
      0.0
    ],
    "info_f1": [
      0.0
    ],
    "info_cmae": [
      1.0
    ],
    "info_mae": [
      0.9731510162353516
    ]
  }
}