{
  "User": "515",
  "validation_results": {
    "Accuracy": [
      [
        0.5,
        0.8333333730697632,
        0.5
      ]
    ],
    "Precision": [
      [
        0.1666666716337204,
        0.8333333730697632,
        0.3333333432674408
      ]
    ],
    "Recall": [
      [
        0.3333333432674408,
        1.0,
        0.6666666865348816
      ]
    ],
    "F1Score": [
      [
        0.2222222238779068,
        0.8888888955116272,
        0.4444444477558136
      ]
    ],
    "info_prec": [
      0.0
    ],
    "info_rec": [
      0.0
    ],
    "info_f1": [
      0.0
    ],
    "info_cmae": [
      2.0
    ],
    "info_mae": [
      2.0
    ]
  }
}