{
  "User": "146",
  "validation_results": {
    "Accuracy": [
      [
        0.625,
        0.6000000238418579,
        0.5
      ]
    ],
    "Precision": [
      [
        0.25,
        0.44999998807907104,
        0.40625
      ]
    ],
    "Recall": [
      [
        0.5,
        0.6000000238418579,
        0.625
      ]
    ],
    "F1Score": [
      [
        0.3333333432674408,
        0.514285683631897,
        0.488095223903656
      ]
    ],
    "info_prec": [
      0.0625
    ],
    "info_rec": [
      0.25
    ],
    "info_f1": [
      0.1
    ],
    "info_cmae": [
      1.25
    ],
    "info_mae": [
      1.25
    ]
  }
}