{
  "User": "204",
  "validation_results": {
    "Accuracy": [
      [
        0.7142857313156128,
        0.6666666865348816,
        1.0
      ]
    ],
    "Precision": [
      [
        0.4285714328289032,
        0.4444444477558136,
        1.0
      ]
    ],
    "Recall": [
      [
        0.4285714328289032,
        0.6666666865348816,
        1.0
      ]
    ],
    "F1Score": [
      [
        0.4285714328289032,
        0.5333333611488342,
        1.0
      ]
    ],
    "info_prec": [
      0.1111111111111111
    ],
    "info_rec": [
      0.3333333333333333
    ],
    "info_f1": [
      0.16666666666666666
    ],
    "info_cmae": [
      0.6734188397725424
    ],
    "info_mae": [
      0.6734188397725424
    ]
  }
}