{
  "User": "12",
  "validation_results": {
    "Accuracy": [
      [
        0.75,
        0.25,
        1.0
      ]
    ],
    "Precision": [
      [
        0.5625,
        0.0625,
        1.0
      ]
    ],
    "Recall": [
      [
        0.75,
        0.25,
        1.0
      ]
    ],
    "F1Score": [
      [
        0.6428571343421936,
        0.10000000149011612,
        1.0
      ]
    ],
    "info_prec": [
      0.16666666666666666
    ],
    "info_rec": [
      0.3333333333333333
    ],
    "info_f1": [
      0.2222222222222222
    ],
    "info_cmae": [
      0.6694724559783936
    ],
    "info_mae": [
      0.75
    ]
  }
}