{
  "User": "60",
  "validation_results": {
    "Accuracy": [
      [
        0.625,
        0.6666666865348816,
        0.6666666865348816
      ]
    ],
    "Precision": [
      [
        0.625,
        0.5416666865348816,
        0.375
      ]
    ],
    "Recall": [
      [
        1.0,
        0.8333333730697632,
        0.5
      ]
    ],
    "F1Score": [
      [
        0.7428571581840515,
        0.6507936716079712,
        0.4285714328289032
      ]
    ],
    "info_prec": [
      0.125
    ],
    "info_rec": [
      0.5
    ],
    "info_f1": [
      0.2
    ],
    "info_cmae": [
      0.5020544528961182
    ],
    "info_mae": [
      0.7520544528961182
    ]
  }
}