{
  "User": "385",
  "validation_results": {
    "Accuracy": [
      [
        0.4166666865348816,
        0.6666666865348816,
        0.6666666865348816
      ]
    ],
    "Precision": [
      [
        0.0833333358168602,
        0.0,
        0.4444444477558136
      ]
    ],
    "Recall": [
      [
        0.25,
        0.0,
        0.6666666865348816
      ]
    ],
    "F1Score": [
      [
        0.125,
        0.0,
        0.5333333611488342
      ]
    ],
    "info_prec": [
      0.0
    ],
    "info_rec": [
      0.0
    ],
    "info_f1": [
      0.0
    ],
    "info_cmae": [
      1.0
    ],
    "info_mae": [
      0.670576254526774
    ]
  }
}