{
  "User": "14",
  "validation_results": {
    "Accuracy": [
      [
        1.0,
        0.9500000476837158,
        0.9500000476837158
      ]
    ],
    "Precision": [
      [
        1.0,
        0.800000011920929,
        0.800000011920929
      ]
    ],
    "Recall": [
      [
        1.0,
        0.800000011920929,
        0.800000011920929
      ]
    ],
    "F1Score": [
      [
        1.0,
        0.800000011920929,
        0.800000011920929
      ]
    ],
    "info_prec": [
      0.25
    ],
    "info_rec": [
      0.5
    ],
    "info_f1": [
      0.3333333333333333
    ],
    "info_cmae": [
      3.449871063232422
    ],
    "info_mae": [
      3.449871063232422
    ]
  }
}