{
  "User": "323",
  "validation_results": {
    "Accuracy": [
      [
        0.4444444477558136,
        0.800000011920929,
        0.800000011920929
      ]
    ],
    "Precision": [
      [
        0.0,
        0.6000000238418579,
        0.6000000238418579
      ]
    ],
    "Recall": [
      [
        0.0,
        0.6000000238418579,
        0.6000000238418579
      ]
    ],
    "F1Score": [
      [
        0.0,
        0.6000000238418579,
        0.6000000238418579
      ]
    ],
    "info_prec": [
      0.1111111111111111
    ],
    "info_rec": [
      0.3333333333333333
    ],
    "info_f1": [
      0.16666666666666666
    ],
    "info_cmae": [
      0.6709046363830566
    ],
    "info_mae": [
      0.6709046363830566
    ]
  }
}