{
  "User": "35",
  "validation_results": {
    "Accuracy": [
      [
        0.6571428775787354,
        0.7333333492279053,
        1.0
      ]
    ],
    "Precision": [
      [
        0.485714316368103,
        0.7333333492279053,
        1.0
      ]
    ],
    "Recall": [
      [
        0.5714285969734192,
        1.0,
        1.0
      ]
    ],
    "F1Score": [
      [
        0.5178571343421936,
        0.8095238208770752,
        1.0
      ]
    ],
    "info_prec": [
      0.0
    ],
    "info_rec": [
      0.0
    ],
    "info_f1": [
      0.0
    ],
    "info_cmae": [
      1.3336408138275146
    ],
    "info_mae": [
      1.2001844882965087
    ]
  }
}