{
  "User": "335",
  "validation_results": {
    "Accuracy": [
      [
        1.0,
        1.0,
        0.5
      ]
    ],
    "Precision": [
      [
        1.0,
        1.0,
        0.0
      ]
    ],
    "Recall": [
      [
        1.0,
        1.0,
        0.0
      ]
    ],
    "F1Score": [
      [
        1.0,
        1.0,
        0.0
      ]
    ],
    "info_prec": [
      1.0
    ],
    "info_rec": [
      1.0
    ],
    "info_f1": [
      1.0
    ],
    "info_cmae": [
      0.3301725387573242
    ],
    "info_mae": [
      0.3301725387573242
    ]
  }
}