{
  "User": "117",
  "validation_results": {
    "Accuracy": [
      [
        0.7132352590560913,
        0.2083333432674408,
        1.0
      ]
    ],
    "Precision": [
      [
        0.6617646813392639,
        0.013888888992369175,
        1.0
      ]
    ],
    "Recall": [
      [
        0.9411765336990356,
        0.1111111119389534,
        1.0
      ]
    ],
    "F1Score": [
      [
        0.7674208283424377,
        0.02469135820865631,
        1.0
      ]
    ],
    "info_prec": [
      0.025
    ],
    "info_rec": [
      0.2
    ],
    "info_f1": [
      0.04444444444444444
    ],
    "info_cmae": [
      1.7687003135681152
    ],
    "info_mae": [
      1.5
    ]
  }
}