{
  "User": "418",
  "validation_results": {
    "Accuracy": [
      [
        0.25,
        0.0,
        0.0
      ]
    ],
    "Precision": [
      [
        0.0625,
        0.0,
        0.0
      ]
    ],
    "Recall": [
      [
        0.25,
        0.0,
        0.0
      ]
    ],
    "F1Score": [
      [
        0.10000000149011612,
        0.0,
        0.0
      ]
    ],
    "info_prec": [
      0.0
    ],
    "info_rec": [
      0.0
    ],
    "info_f1": [
      0.0
    ],
    "info_cmae": [
      2.0
    ],
    "info_mae": [
      1.9550350904464722
    ]
  }
}