{
  "User": "448",
  "validation_results": {
    "Accuracy": [
      [
        0.3928571343421936,
        0.6666666865348816,
        0.45000001788139343
      ]
    ],
    "Precision": [
      [
        0.1785714328289032,
        0.375,
        0.0
      ]
    ],
    "Recall": [
      [
        0.4285714626312256,
        0.5,
        0.0
      ]
    ],
    "F1Score": [
      [
        0.24761904776096344,
        0.4285714328289032,
        0.0
      ]
    ],
    "info_prec": [
      0.0
    ],
    "info_rec": [
      0.0
    ],
    "info_f1": [
      0.0
    ],
    "info_cmae": [
      0.029848575592041016
    ],
    "info_mae": [
      0.029848575592041016
    ]
  }
}