{
  "User": "474",
  "validation_results": {
    "Accuracy": [
      [
        0.6666666865348816,
        0.4166666865348816,
        0.3333333730697632
      ]
    ],
    "Precision": [
      [
        0.0,
        0.0833333358168602,
        0.06666667014360428
      ]
    ],
    "Recall": [
      [
        0.0,
        0.25,
        0.20000000298023224
      ]
    ],
    "F1Score": [
      [
        0.0,
        0.125,
        0.10000000149011612
      ]
    ],
    "info_prec": [
      0.1111111111111111
    ],
    "info_rec": [
      0.3333333333333333
    ],
    "info_f1": [
      0.16666666666666666
    ],
    "info_cmae": [
      0.684779167175293
    ],
    "info_mae": [
      0.684779167175293
    ]
  }
}