{
  "User": "58",
  "validation_results": {
    "Accuracy": [
      [
        0.8333333730697632,
        0.1666666716337204,
        0.8333333134651184
      ]
    ],
    "Precision": [
      [
        0.6000000238418579,
        0.02777777798473835,
        0.6944444179534912
      ]
    ],
    "Recall": [
      [
        0.6000000238418579,
        0.1666666716337204,
        0.8333333134651184
      ]
    ],
    "F1Score": [
      [
        0.6000000238418579,
        0.0476190485060215,
        0.7575757503509521
      ]
    ],
    "info_prec": [
      0.05555555555555555
    ],
    "info_rec": [
      0.3333333333333333
    ],
    "info_f1": [
      0.09523809523809523
    ],
    "info_cmae": [
      0.6715590159098307
    ],
    "info_mae": [
      0.34311803181966144
    ]
  }
}