{
  "User": "523",
  "validation_results": {
    "Accuracy": [
      [
        0.5,
        0.4444444477558136,
        0.6666666865348816
      ]
    ],
    "Precision": [
      [
        0.3333333432674408,
        0.0,
        0.0
      ]
    ],
    "Recall": [
      [
        0.5,
        0.0,
        0.0
      ]
    ],
    "F1Score": [
      [
        0.4000000059604645,
        0.0,
        0.0
      ]
    ],
    "info_prec": [
      0.0
    ],
    "info_rec": [
      0.0
    ],
    "info_f1": [
      0.0
    ],
    "info_cmae": [
      0.9957351684570312
    ],
    "info_mae": [
      0.9957351684570312
    ]
  }
}