{
  "User": "388",
  "validation_results": {
    "Accuracy": [
      [
        0.4444444477558136,
        0.444444477558136,
        0.40000003576278687
      ]
    ],
    "Precision": [
      [
        0.0,
        0.1111111119389534,
        0.13333334028720856
      ]
    ],
    "Recall": [
      [
        0.0,
        0.3333333432674408,
        0.4000000059604645
      ]
    ],
    "F1Score": [
      [
        0.0,
        0.1666666716337204,
        0.20000000298023224
      ]
    ],
    "info_prec": [
      0.0
    ],
    "info_rec": [
      0.0
    ],
    "info_f1": [
      0.0
    ],
    "info_cmae": [
      1.2763712406158447
    ],
    "info_mae": [
      1.4430379072825115
    ]
  }
}