{
  "User": "171",
  "validation_results": {
    "Accuracy": [
      [
        0.671875,
        0.75,
        1.0
      ]
    ],
    "Precision": [
      [
        0.28125,
        0.5625,
        1.0
      ]
    ],
    "Recall": [
      [
        0.375,
        0.75,
        1.0
      ]
    ],
    "F1Score": [
      [
        0.3214285671710968,
        0.6428571343421936,
        1.0
      ]
    ],
    "info_prec": [
      0.125
    ],
    "info_rec": [
      0.3333333333333333
    ],
    "info_f1": [
      0.1818181818181818
    ],
    "info_cmae": [
      1.0036327044169109
    ],
    "info_mae": [
      1.125
    ]
  }
}