{
  "User": "257",
  "validation_results": {
    "Accuracy": [
      [
        0.5,
        0.4444444477558136,
        0.4444444477558136
      ]
    ],
    "Precision": [
      [
        0.0,
        0.0,
        0.0
      ]
    ],
    "Recall": [
      [
        0.0,
        0.0,
        0.0
      ]
    ],
    "F1Score": [
      [
        0.0,
        0.0,
        0.0
      ]
    ],
    "info_prec": [
      0.1111111111111111
    ],
    "info_rec": [
      0.3333333333333333
    ],
    "info_f1": [
      0.16666666666666666
    ],
    "info_cmae": [
      0.7946333885192871
    ],
    "info_mae": [
      0.7946333885192871
    ]
  }
}