{
  "User": "445",
  "validation_results": {
    "Accuracy": [
      [
        0.9166666865348816,
        0.9333333969116211,
        0.875
      ]
    ],
    "Precision": [
      [
        0.75,
        0.9333333969116211,
        0.7916666269302368
      ]
    ],
    "Recall": [
      [
        0.75,
        1.0,
        0.875
      ]
    ],
    "F1Score": [
      [
        0.75,
        0.9500000476837158,
        0.8125
      ]
    ],
    "info_prec": [
      0.1111111111111111
    ],
    "info_rec": [
      0.3333333333333333
    ],
    "info_f1": [
      0.16666666666666666
    ],
    "info_cmae": [
      0.9986098607381185
    ],
    "info_mae": [
      0.9986098607381185
    ]
  }
}