{
  "User": "197",
  "validation_results": {
    "Accuracy": [
      [
        0.6666666865348816,
        0.7916666865348816,
        0.6666666865348816
      ]
    ],
    "Precision": [
      [
        0.4444444477558136,
        0.7083333730697632,
        0.380952388048172
      ]
    ],
    "Recall": [
      [
        0.6666666865348816,
        0.875,
        0.5714285969734192
      ]
    ],
    "F1Score": [
      [
        0.5333333611488342,
        0.7749999761581421,
        0.4571428596973419
      ]
    ],
    "info_prec": [
      0.0
    ],
    "info_rec": [
      0.0
    ],
    "info_f1": [
      0.0
    ],
    "info_cmae": [
      1.3353172938028972
    ],
    "info_mae": [
      1.3353172938028972
    ]
  }
}