{
  "User": "90",
  "validation_results": {
    "Accuracy": [
      [
        0.5,
        0.7999999523162842,
        0.7999999523162842
      ]
    ],
    "Precision": [
      [
        0.2666666805744171,
        0.6399999856948853,
        0.6399999856948853
      ]
    ],
    "Recall": [
      [
        0.3333333432674408,
        0.800000011920929,
        0.800000011920929
      ]
    ],
    "F1Score": [
      [
        0.29629629850387573,
        0.7111111283302307,
        0.7111111283302307
      ]
    ],
    "info_prec": [
      0.13333333333333333
    ],
    "info_rec": [
      0.3333333333333333
    ],
    "info_f1": [
      0.1904761904761905
    ],
    "info_cmae": [
      0.8107174237569174
    ],
    "info_mae": [
      0.8592913627624512
    ]
  }
}