{
  "User": "376",
  "validation_results": {
    "Accuracy": [
      [
        0.5,
        1.0,
        0.9285714626312256
      ]
    ],
    "Precision": [
      [
        0.5,
        1.0,
        0.9285714626312256
      ]
    ],
    "Recall": [
      [
        0.5,
        1.0,
        1.0
      ]
    ],
    "F1Score": [
      [
        0.5,
        1.0,
        0.9523810148239136
      ]
    ],
    "info_prec": [
      0.0
    ],
    "info_rec": [
      0.0
    ],
    "info_f1": [
      0.0
    ],
    "info_cmae": [
      0.5025544166564941
    ],
    "info_mae": [
      0.5025544166564941
    ]
  }
}