{
  "User": "512",
  "validation_results": {
    "Accuracy": [
      [
        0.800000011920929,
        0.625,
        0.6857143044471741
      ]
    ],
    "Precision": [
      [
        0.5777778029441833,
        0.5249999761581421,
        0.5714285969734192
      ]
    ],
    "Recall": [
      [
        0.6666666865348816,
        0.875,
        0.8571429252624512
      ]
    ],
    "F1Score": [
      [
        0.5925925970077515,
        0.6289682388305664,
        0.6712018251419067
      ]
    ],
    "info_prec": [
      0.3
    ],
    "info_rec": [
      0.5
    ],
    "info_f1": [
      0.37499999999999994
    ],
    "info_cmae": [
      0.5
    ],
    "info_mae": [
      0.40012350082397463
    ]
  }
}