{
  "User": "477",
  "validation_results": {
    "Accuracy": [
      [
        0.5,
        0.25,
        0.5
      ]
    ],
    "Precision": [
      [
        0.25,
        0.25,
        0.375
      ]
    ],
    "Recall": [
      [
        0.5,
        0.5,
        0.75
      ]
    ],
    "F1Score": [
      [
        0.3333333432674408,
        0.3333333432674408,
        0.5
      ]
    ],
    "info_prec": [
      0.0
    ],
    "info_rec": [
      0.0
    ],
    "info_f1": [
      0.0
    ],
    "info_cmae": [
      0.5051531791687012
    ],
    "info_mae": [
      0.5051531791687012
    ]
  }
}