{
  "User": "299",
  "validation_results": {
    "Accuracy": [
      [
        0.761904776096344,
        0.4444444477558136,
        0.4444444477558136
      ]
    ],
    "Precision": [
      [
        0.6666666865348816,
        0.0,
        0.0
      ]
    ],
    "Recall": [
      [
        0.8571429252624512,
        0.0,
        0.0
      ]
    ],
    "F1Score": [
      [
        0.7285714149475098,
        0.0,
        0.0
      ]
    ],
    "info_prec": [
      0.1111111111111111
    ],
    "info_rec": [
      0.3333333333333333
    ],
    "info_f1": [
      0.16666666666666666
    ],
    "info_cmae": [
      1.1237247784932454
    ],
    "info_mae": [
      1.1237247784932454
    ]
  }
}