{
  "User": "545",
  "validation_results": {
    "Accuracy": [
      [
        0.75,
        0.75,
        0.75
      ]
    ],
    "Precision": [
      [
        0.5625,
        0.44999998807907104,
        0.44999998807907104
      ]
    ],
    "Recall": [
      [
        0.75,
        0.6000000238418579,
        0.6000000238418579
      ]
    ],
    "F1Score": [
      [
        0.6428571343421936,
        0.514285683631897,
        0.514285683631897
      ]
    ],
    "info_prec": [
      0.0
    ],
    "info_rec": [
      0.0
    ],
    "info_f1": [
      0.0
    ],
    "info_cmae": [
      2.0
    ],
    "info_mae": [
      2.0
    ]
  }
}