{
  "User": "369",
  "validation_results": {
    "Accuracy": [
      [
        0.3400000035762787,
        0.7066667079925537,
        0.6000000238418579
      ]
    ],
    "Precision": [
      [
        0.019999999552965164,
        0.54666668176651,
        0.2666666805744171
      ]
    ],
    "Recall": [
      [
        0.10000000149011612,
        0.6000000238418579,
        0.3333333432674408
      ]
    ],
    "F1Score": [
      [
        0.03333333507180214,
        0.5703703761100769,
        0.29629629850387573
      ]
    ],
    "info_prec": [
      0.3
    ],
    "info_rec": [
      0.5
    ],
    "info_f1": [
      0.37499999999999994
    ],
    "info_cmae": [
      0.5
    ],
    "info_mae": [
      0.4000030517578125
    ]
  }
}