{
  "User": "446",
  "validation_results": {
    "Accuracy": [
      [
        0.30000001192092896,
        0.48000001907348633,
        0.6000000238418579
      ]
    ],
    "Precision": [
      [
        0.03333333507180214,
        0.0,
        0.36000001430511475
      ]
    ],
    "Recall": [
      [
        0.1666666716337204,
        0.0,
        0.6000000238418579
      ]
    ],
    "F1Score": [
      [
        0.0555555559694767,
        0.0,
        0.44999998807907104
      ]
    ],
    "info_prec": [
      1.0
    ],
    "info_rec": [
      1.0
    ],
    "info_f1": [
      1.0
    ],
    "info_cmae": [
      0.003215789794921875
    ],
    "info_mae": [
      0.003215789794921875
    ]
  }
}