{
  "User": "234",
  "validation_results": {
    "Accuracy": [
      [
        0.6666666865348816,
        0.8999999761581421,
        0.8999999761581421
      ]
    ],
    "Precision": [
      [
        0.375,
        0.8999999761581421,
        0.8999999761581421
      ]
    ],
    "Recall": [
      [
        0.5,
        1.0,
        1.0
      ]
    ],
    "F1Score": [
      [
        0.4285714328289032,
        0.9333333969116211,
        0.9333333969116211
      ]
    ],
    "info_prec": [
      0.375
    ],
    "info_rec": [
      0.5
    ],
    "info_f1": [
      0.42857142857142855
    ],
    "info_cmae": [
      1.0067663192749023
    ],
    "info_mae": [
      0.5067663192749023
    ]
  }
}