{
  "User": "396",
  "validation_results": {
    "Accuracy": [
      [
        0.4444444477558136,
        0.4444444477558136,
        0.4444444477558136
      ]
    ],
    "Precision": [
      [
        0.0,
        0.0,
        0.0
      ]
    ],
    "Recall": [
      [
        0.0,
        0.0,
        0.0
      ]
    ],
    "F1Score": [
      [
        0.0,
        0.0,
        0.0
      ]
    ],
    "info_prec": [
      0.16666666666666666
    ],
    "info_rec": [
      0.5
    ],
    "info_f1": [
      0.25
    ],
    "info_cmae": [
      0.5
    ],
    "info_mae": [
      0.660108725229899
    ]
  }
}