{
  "User": "460",
  "validation_results": {
    "Accuracy": [
      [
        0.3333333432674408,
        0.0,
        0.6666666865348816
      ]
    ],
    "Precision": [
      [
        0.1111111119389534,
        0.0,
        0.0
      ]
    ],
    "Recall": [
      [
        0.3333333432674408,
        0.0,
        0.0
      ]
    ],
    "F1Score": [
      [
        0.1666666716337204,
        0.0,
        0.0
      ]
    ],
    "info_prec": [
      0.0
    ],
    "info_rec": [
      0.0
    ],
    "info_f1": [
      0.0
    ],
    "info_cmae": [
      1.00175142288208
    ],
    "info_mae": [
      0.6684180895487467
    ]
  }
}