{
  "User": "136",
  "validation_results": {
    "Accuracy": [
      [
        1.0,
        1.0,
        1.0
      ]
    ],
    "Precision": [
      [
        1.0,
        1.0,
        1.0
      ]
    ],
    "Recall": [
      [
        1.0,
        1.0,
        1.0
      ]
    ],
    "F1Score": [
      [
        1.0,
        1.0,
        1.0
      ]
    ],
    "info_prec": [
      0.0
    ],
    "info_rec": [
      0.0
    ],
    "info_f1": [
      0.0
    ],
    "info_cmae": [
      0.9838135242462158
    ],
    "info_mae": [
      0.9838135242462158
    ]
  }
}