{
  "User": "540",
  "validation_results": {
    "Accuracy": [
      [
        0.25,
        0.0,
        0.5
      ]
    ],
    "Precision": [
      [
        0.125,
        0.0,
        0.25
      ]
    ],
    "Recall": [
      [
        0.25,
        0.0,
        0.5
      ]
    ],
    "F1Score": [
      [
        0.1666666716337204,
        0.0,
        0.3333333432674408
      ]
    ],
    "info_prec": [
      0.0
    ],
    "info_rec": [
      0.0
    ],
    "info_f1": [
      0.0
    ],
    "info_cmae": [
      2.0208740234375
    ],
    "info_mae": [
      2.0208740234375
    ]
  }
}