{
  "User": "237",
  "validation_results": {
    "Accuracy": [
      [
        0.6904761791229248,
        0.22549021244049072,
        0.3222222328186035
      ]
    ],
    "Precision": [
      [
        0.380952388048172,
        0.0,
        0.0
      ]
    ],
    "Recall": [
      [
        0.5714285969734192,
        0.0,
        0.0
      ]
    ],
    "F1Score": [
      [
        0.4571428596973419,
        0.0,
        0.0
      ]
    ],
    "info_prec": [
      0.0
    ],
    "info_rec": [
      0.0
    ],
    "info_f1": [
      0.0
    ],
    "info_cmae": [
      0.9631726741790771
    ],
    "info_mae": [
      1.129839340845744
    ]
  }
}