{
  "User": "435",
  "validation_results": {
    "Accuracy": [
      [
        0.44999998807907104,
        0.625,
        0.625
      ]
    ],
    "Precision": [
      [
        0.05000000074505806,
        0.0,
        0.0
      ]
    ],
    "Recall": [
      [
        0.20000000298023224,
        0.0,
        0.0
      ]
    ],
    "F1Score": [
      [
        0.07999999821186066,
        0.0,
        0.0
      ]
    ],
    "info_prec": [
      0.0
    ],
    "info_rec": [
      0.0
    ],
    "info_f1": [
      0.0
    ],
    "info_cmae": [
      1.0
    ],
    "info_mae": [
      1.0
    ]
  }
}