{
  "User": "114",
  "validation_results": {
    "Accuracy": [
      [
        0.5,
        0.25,
        1.0
      ]
    ],
    "Precision": [
      [
        0.3125,
        0.0625,
        1.0
      ]
    ],
    "Recall": [
      [
        0.75,
        0.25,
        1.0
      ]
    ],
    "F1Score": [
      [
        0.4333333373069763,
        0.10000000149011612,
        1.0
      ]
    ],
    "info_prec": [
      0.08333333333333333
    ],
    "info_rec": [
      0.3333333333333333
    ],
    "info_f1": [
      0.13333333333333333
    ],
    "info_cmae": [
      0.9963076909383138
    ],
    "info_mae": [
      1.2444615364074707
    ]
  }
}