{
  "User": "173",
  "validation_results": {
    "Accuracy": [
      [
        0.5,
        0.5,
        0.5
      ]
    ],
    "Precision": [
      [
        0.25,
        0.25,
        0.25
      ]
    ],
    "Recall": [
      [
        0.5,
        0.5,
        0.5
      ]
    ],
    "F1Score": [
      [
        0.3333333432674408,
        0.3333333432674408,
        0.3333333432674408
      ]
    ],
    "info_prec": [
      1.0
    ],
    "info_rec": [
      1.0
    ],
    "info_f1": [
      1.0
    ],
    "info_cmae": [
      0.9590873718261719
    ],
    "info_mae": [
      0.9590873718261719
    ]
  }
}