{
  "User": "71",
  "validation_results": {
    "Accuracy": [
      [
        0.625,
        0.7954545617103577,
        0.6785714626312256
      ]
    ],
    "Precision": [
      [
        0.25,
        0.7272727489471436,
        0.5714285969734192
      ]
    ],
    "Recall": [
      [
        0.5,
        0.7272727489471436,
        0.5714285969734192
      ]
    ],
    "F1Score": [
      [
        0.3333333432674408,
        0.7272727489471436,
        0.5714285969734192
      ]
    ],
    "info_prec": [
      0.08333333333333333
    ],
    "info_rec": [
      0.3333333333333333
    ],
    "info_f1": [
      0.13333333333333333
    ],
    "info_cmae": [
      0.704583485921224
    ],
    "info_mae": [
      0.5568752288818359
    ]
  }
}