{
  "resource_category": "Resourceless user",
  "validation_results": {
    "Accuracy": [
      [
        0.5,
        1.0,
        1.0
      ],
      [
        0.5,
        0.0,
        0.0
      ],
      [
        0.5,
        1.0,
        1.0
      ],
      [
        0.5,
        0.0,
        1.0
      ],
      [
        0.5,
        1.0,
        1.0
      ],
      [
        0.10000000149011612,
        0.0,
        0.0
      ],
      [
        0.5,
        0.0,
        1.0
      ],
      [
        0.10000000149011612,
        0.0,
        0.0
      ],
      [
        0.10000000149011612,
        0.0,
        1.0
      ],
      [
        0.5,
        0.0,
        0.0
      ],
      [
        0.5,
        1.0,
        1.0
      ],
      [
        0.10000000149011612,
        1.0,
        1.0
      ],
      [
        0.10000000149011612,
        0.0,
        1.0
      ],
      [
        0.5,
        1.0,
        1.0
      ],
      [
        0.10000000149011612,
        1.0,
        1.0
      ],
      [
        0.5,
        1.0,
        1.0
      ],
      [
        0.5,
        1.0,
        1.0
      ],
      [
        0.5,
        0.0,
        1.0
      ],
      [
        0.9000000357627869,
        0.0,
        1.0
      ],
      [
        0.5,
        0.0,
        1.0
      ],
      [
        0.5,
        0.0,
        1.0
      ],
      [
        0.10000000149011612,
        0.0,
        1.0
      ],
      [
        0.9000000357627869,
        0.0,
        1.0
      ],
      [
        0.5,
        1.0,
        1.0
      ],
      [
        0.5,
        1.0,
        1.0
      ],
      [
        0.10000000149011612,
        0.0,
        1.0
      ],
      [
        0.10000000149011612,
        1.0,
        1.0
      ],
      [
        0.5,
        1.0,
        1.0
      ],
      [
        0.5,
        0.0,
        0.0
      ],
      [
        0.5,
        1.0,
        0.0
      ]
    ],
    "Precision": [
      [
        0.4000000059604645,
        1.0,
        1.0
      ],
      [
        0.4000000059604645,
        0.0,
        0.0
      ],
      [
        0.4000000059604645,
        1.0,
        1.0
      ],
      [
        0.4000000059604645,
        0.0,
        1.0
      ],
      [
        0.4000000059604645,
        1.0,
        1.0
      ],
      [
        0.0,
        0.0,
        0.0
      ],
      [
        0.5,
        0.0,
        1.0
      ],
      [
        0.10000000149011612,
        0.0,
        0.0
      ],
      [
        0.0,
        0.0,
        1.0
      ],
      [
        0.5,
        0.0,
        0.0
      ],
      [
        0.5,
        1.0,
        1.0
      ],
      [
        0.10000000149011612,
        1.0,
        1.0
      ],
      [
        0.0,
        0.0,
        1.0
      ],
      [
        0.4000000059604645,
        1.0,
        1.0
      ],
      [
        0.0,
        1.0,
        1.0
      ],
      [
        0.4000000059604645,
        1.0,
        1.0
      ],
      [
        0.4000000059604645,
        1.0,
        1.0
      ],
      [
        0.4000000059604645,
        0.0,
        1.0
      ],
      [
        0.9000000357627869,
        0.0,
        1.0
      ],
      [
        0.4000000059604645,
        0.0,
        1.0
      ],
      [
        0.4000000059604645,
        0.0,
        1.0
      ],
      [
        0.0,
        0.0,
        1.0
      ],
      [
        0.9000000357627869,
        0.0,
        1.0
      ],
      [
        0.5,
        1.0,
        1.0
      ],
      [
        0.4000000059604645,
        1.0,
        1.0
      ],
      [
        0.0,
        0.0,
        1.0
      ],
      [
        0.0,
        1.0,
        1.0
      ],
      [
        0.4000000059604645,
        1.0,
        1.0
      ],
      [
        0.4000000059604645,
        0.0,
        0.0
      ],
      [
        0.4000000059604645,
        1.0,
        0.0
      ]
    ],
    "Recall": [
      [
        0.4000000059604645,
        1.0,
        1.0
      ],
      [
        0.4000000059604645,
        0.0,
        0.0
      ],
      [
        0.4000000059604645,
        1.0,
        1.0
      ],
      [
        0.4000000059604645,
        0.0,
        1.0
      ],
      [
        0.4000000059604645,
        1.0,
        1.0
      ],
      [
        0.0,
        0.0,
        0.0
      ],
      [
        0.6000000238418579,
        0.0,
        1.0
      ],
      [
        0.20000000298023224,
        0.0,
        0.0
      ],
      [
        0.0,
        0.0,
        1.0
      ],
      [
        0.6000000238418579,
        0.0,
        0.0
      ],
      [
        0.6000000238418579,
        1.0,
        1.0
      ],
      [
        0.20000000298023224,
        1.0,
        1.0
      ],
      [
        0.0,
        0.0,
        1.0
      ],
      [
        0.4000000059604645,
        1.0,
        1.0
      ],
      [
        0.0,
        1.0,
        1.0
      ],
      [
        0.4000000059604645,
        1.0,
        1.0
      ],
      [
        0.4000000059604645,
        1.0,
        1.0
      ],
      [
        0.4000000059604645,
        0.0,
        1.0
      ],
      [
        1.0,
        0.0,
        1.0
      ],
      [
        0.4000000059604645,
        0.0,
        1.0
      ],
      [
        0.4000000059604645,
        0.0,
        1.0
      ],
      [
        0.0,
        0.0,
        1.0
      ],
      [
        1.0,
        0.0,
        1.0
      ],
      [
        0.6000000238418579,
        1.0,
        1.0
      ],
      [
        0.4000000059604645,
        1.0,
        1.0
      ],
      [
        0.0,
        0.0,
        1.0
      ],
      [
        0.0,
        1.0,
        1.0
      ],
      [
        0.4000000059604645,
        1.0,
        1.0
      ],
      [
        0.4000000059604645,
        0.0,
        0.0
      ],
      [
        0.4000000059604645,
        1.0,
        0.0
      ]
    ],
    "F1Score": [
      [
        0.4000000059604645,
        1.0,
        1.0
      ],
      [
        0.4000000059604645,
        0.0,
        0.0
      ],
      [
        0.4000000059604645,
        1.0,
        1.0
      ],
      [
        0.4000000059604645,
        0.0,
        1.0
      ],
      [
        0.4000000059604645,
        1.0,
        1.0
      ],
      [
        0.0,
        0.0,
        0.0
      ],
      [
        0.5333333611488342,
        0.0,
        1.0
      ],
      [
        0.13333334028720856,
        0.0,
        0.0
      ],
      [
        0.0,
        0.0,
        1.0
      ],
      [
        0.5333333611488342,
        0.0,
        0.0
      ],
      [
        0.5333333611488342,
        1.0,
        1.0
      ],
      [
        0.13333334028720856,
        1.0,
        1.0
      ],
      [
        0.0,
        0.0,
        1.0
      ],
      [
        0.4000000059604645,
        1.0,
        1.0
      ],
      [
        0.0,
        1.0,
        1.0
      ],
      [
        0.4000000059604645,
        1.0,
        1.0
      ],
      [
        0.4000000059604645,
        1.0,
        1.0
      ],
      [
        0.4000000059604645,
        0.0,
        1.0
      ],
      [
        0.9333333373069763,
        0.0,
        1.0
      ],
      [
        0.4000000059604645,
        0.0,
        1.0
      ],
      [
        0.4000000059604645,
        0.0,
        1.0
      ],
      [
        0.0,
        0.0,
        1.0
      ],
      [
        0.9333333373069763,
        0.0,
        1.0
      ],
      [
        0.5333333611488342,
        1.0,
        1.0
      ],
      [
        0.4000000059604645,
        1.0,
        1.0
      ],
      [
        0.0,
        0.0,
        1.0
      ],
      [
        0.0,
        1.0,
        1.0
      ],
      [
        0.4000000059604645,
        1.0,
        1.0
      ],
      [
        0.4000000059604645,
        0.0,
        0.0
      ],
      [
        0.4000000059604645,
        1.0,
        0.0
      ]
    ],