{
  "resource_category": "Resourceless user",
  "validation_results": {
    "Accuracy": [
      [
        0.6000000238418579,
        0.0,
        0.0
      ],
      [
        0.46666669845581055,
        0.0,
        0.0
      ],
      [
        0.6666667461395264,
        0.0,
        0.0
      ],
      [
        0.6000000238418579,
        0.0,
        0.0
      ],
      [
        0.6000000238418579,
        1.0,
        1.0
      ],
      [
        0.533333420753479,
        0.0,
        0.0
      ],
      [
        0.5333333611488342,
        0.0,
        0.0
      ],
      [
        0.46666669845581055,
        0.0,
        0.0
      ],
      [
        0.6000000238418579,
        1.0,
        1.0
      ],
      [
        0.6000000238418579,
        0.0,
        0.0
      ],
      [
        0.6000000238418579,
        1.0,
        1.0
      ],
      [
        0.5333333611488342,
        1.0,
        1.0
      ],
      [
        0.5333333611488342,
        0.0,
        1.0
      ],
      [
        0.46666669845581055,
        0.0,
        1.0
      ],
      [
        0.46666669845581055,
        0.0,
        1.0
      ],
      [
        0.5333333611488342,
        0.0,
        1.0
      ],
      [
        0.40000003576278687,
        0.0,
        1.0
      ],
      [
        0.533333420753479,
        1.0,
        1.0
      ],
      [
        0.6666667461395264,
        1.0,
        1.0
      ],
      [
        0.6000000238418579,
        0.0,
        1.0
      ],
      [
        0.5333333611488342,
        0.0,
        0.0
      ],
      [
        0.6000000238418579,
        0.0,
        1.0
      ],
      [
        0.6000000238418579,
        0.0,
        1.0
      ],
      [
        0.6000000238418579,
        1.0,
        1.0
      ],
      [
        0.5333333611488342,
        0.0,
        1.0
      ],
      [
        0.6000000238418579,
        0.0,
        1.0
      ],
      [
        0.5333333611488342,
        0.0,
        1.0
      ],
      [
        0.46666669845581055,
        1.0,
        1.0
      ],
      [
        0.6000000238418579,
        1.0,
        1.0
      ],
      [
        0.5333333611488342,
        0.0,
        1.0
      ]
    ],
    "Precision": [
      [
        0.06666667014360428,
        0.0,
        0.0
      ],
      [
        0.20000001788139343,
        0.0,
        0.0
      ],
      [
        0.0,
        0.0,
        0.0
      ],
      [
        0.06666667014360428,
        0.0,
        0.0
      ],
      [
        0.06666667014360428,
        1.0,
        1.0
      ],
      [
        0.13333334028720856,
        0.0,
        0.0
      ],
      [
        0.13333334028720856,
        0.0,
        0.0
      ],
      [
        0.20000001788139343,
        0.0,
        0.0
      ],
      [
        0.06666667014360428,
        1.0,
        1.0
      ],
      [
        0.06666667014360428,
        0.0,
        0.0
      ],
      [
        0.06666667014360428,
        1.0,
        1.0
      ],
      [
        0.13333334028720856,
        1.0,
        1.0
      ],
      [
        0.13333334028720856,
        0.0,
        1.0
      ],
      [
        0.20000001788139343,
        0.0,
        1.0
      ],
      [
        0.20000001788139343,
        0.0,
        1.0
      ],
      [
        0.13333334028720856,
        0.0,
        1.0
      ],
      [
        0.2666666805744171,
        0.0,
        1.0
      ],
      [
        0.13333334028720856,
        1.0,
        1.0
      ],
      [
        0.0,
        1.0,
        1.0
      ],
      [
        0.06666667014360428,
        0.0,
        1.0
      ],
      [
        0.13333334028720856,
        0.0,
        0.0
      ],
      [
        0.06666667014360428,
        0.0,
        1.0
      ],
      [
        0.06666667014360428,
        0.0,
        1.0
      ],
      [
        0.06666667014360428,
        1.0,
        1.0
      ],
      [
        0.13333334028720856,
        0.0,
        1.0
      ],
      [
        0.06666667014360428,
        0.0,
        1.0
      ],
      [
        0.13333334028720856,
        0.0,
        1.0
      ],
      [
        0.20000001788139343,
        1.0,
        1.0
      ],
      [
        0.06666667014360428,
        1.0,
        1.0
      ],
      [
        0.13333334028720856,
        0.0,
        1.0
      ]
    ],
    "Recall": [
      [
        0.20000000298023224,
        0.0,
        0.0
      ],
      [
        0.6000000238418579,
        0.0,
        0.0
      ],
      [
        0.0,
        0.0,
        0.0
      ],
      [
        0.20000000298023224,
        0.0,
        0.0
      ],
      [
        0.20000000298023224,
        1.0,
        1.0
      ],
      [
        0.4000000059604645,
        0.0,
        0.0
      ],
      [
        0.4000000059604645,
        0.0,
        0.0
      ],
      [
        0.6000000238418579,
        0.0,
        0.0
      ],
      [
        0.20000000298023224,
        1.0,
        1.0
      ],
      [
        0.20000000298023224,
        0.0,
        0.0
      ],
      [
        0.20000000298023224,
        1.0,
        1.0
      ],
      [
        0.4000000059604645,
        1.0,
        1.0
      ],
      [
        0.4000000059604645,
        0.0,
        1.0
      ],
      [
        0.6000000238418579,
        0.0,
        1.0
      ],
      [
        0.6000000238418579,
        0.0,
        1.0
      ],
      [
        0.4000000059604645,
        0.0,
        1.0
      ],
      [
        0.800000011920929,
        0.0,
        1.0
      ],
      [
        0.4000000059604645,
        1.0,
        1.0
      ],
      [
        0.0,
        1.0,
        1.0
      ],
      [
        0.20000000298023224,
        0.0,
        1.0
      ],
      [
        0.4000000059604645,
        0.0,
        0.0
      ],
      [
        0.20000000298023224,
        0.0,
        1.0
      ],
      [
        0.20000000298023224,
        0.0,
        1.0
      ],
      [
        0.20000000298023224,
        1.0,
        1.0
      ],
      [
        0.4000000059604645,
        0.0,
        1.0
      ],
      [
        0.20000000298023224,
        0.0,
        1.0
      ],
      [
        0.4000000059604645,
        0.0,
        1.0
      ],
      [
        0.6000000238418579,
        1.0,
        1.0
      ],
      [
        0.20000000298023224,
        1.0,
        1.0
      ],
      [
        0.4000000059604645,
        0.0,
        1.0
      ]
    ],