{
  "User": "473",
  "validation_results": {
    "Accuracy": [
      [
        0.5,
        0.8999999761581421,
        1.0
      ]
    ],
    "Precision": [
      [
        0.0,
        0.800000011920929,
        1.0
      ]
    ],
    "Recall": [
      [
        0.0,
        0.800000011920929,
        1.0
      ]
    ],
    "F1Score": [
      [
        0.0,
        0.800000011920929,
        1.0
      ]
    ],
    "info_prec": [
      1.0
    ],
    "info_rec": [
      1.0
    ],
    "info_f1": [
      1.0
    ],
    "info_cmae": [
      0.9764752388000488
    ],
    "info_mae": [
      0.9764752388000488
    ]
  }
}