{
  "User": "526",
  "validation_results": {
    "Accuracy": [
      [
        0.6666666865348816,
        0.0,
        0.0
      ]
    ],
    "Precision": [
      [
        0.6666666865348816,
        0.0,
        0.0
      ]
    ],
    "Recall": [
      [
        0.6666666865348816,
        0.0,
        0.0
      ]
    ],
    "F1Score": [
      [
        0.6666666865348816,
        0.0,
        0.0
      ]
    ],
    "info_prec": [
      0.0
    ],
    "info_rec": [
      0.0
    ],
    "info_f1": [
      0.0
    ],
    "info_cmae": [
      0.4646792411804199
    ],
    "info_mae": [
      0.4646792411804199
    ]
  }
}