{
  "User": "194",
  "validation_results": {
    "Accuracy": [
      [
        0.6666666865348816,
        0.5,
        1.0
      ]
    ],
    "Precision": [
      [
        0.375,
        0.25,
        1.0
      ]
    ],
    "Recall": [
      [
        0.5,
        0.5,
        1.0
      ]
    ],
    "F1Score": [
      [
        0.4285714328289032,
        0.3333333432674408,
        1.0
      ]
    ],
    "info_prec": [
      0.0
    ],
    "info_rec": [
      0.0
    ],
    "info_f1": [
      0.0
    ],
    "info_cmae": [
      1.5005543231964111
    ],
    "info_mae": [
      1.7505543231964111
    ]
  }
}