{
  "User": "423",
  "validation_results": {
    "Accuracy": [
      [
        0.5,
        0.8999999761581421,
        0.10000000149011612
      ]
    ],
    "Precision": [
      [
        0.1666666716337204,
        0.800000011920929,
        0.0
      ]
    ],
    "Recall": [
      [
        0.3333333432674408,
        0.800000011920929,
        0.0
      ]
    ],
    "F1Score": [
      [
        0.2222222238779068,
        0.800000011920929,
        0.0
      ]
    ],
    "info_prec": [
      0.0
    ],
    "info_rec": [
      0.0
    ],
    "info_f1": [
      0.0
    ],
    "info_cmae": [
      1.4654650688171387
    ],
    "info_mae": [
      1.4654650688171387
    ]
  }
}