{
  "User": "171",
  "validation_results": {
    "Accuracy": [
      [
        0.2666666805744171,
        0.3333333432674408,
        1.0
      ]
    ],
    "Precision": [
      [
        0.2666666805744171,
        0.1111111119389534,
        1.0
      ]
    ],
    "Recall": [
      [
        0.4000000059604645,
        0.3333333432674408,
        1.0
      ]
    ],
    "F1Score": [
      [
        0.3199999928474426,
        0.1666666716337204,
        1.0
      ]
    ],
    "info_prec": [
      0.0
    ],
    "info_rec": [
      0.0
    ],
    "info_f1": [
      0.0
    ],
    "info_cmae": [
      1.4891018867492676
    ],
    "info_mae": [
      1.3224352200826008
    ]
  }
}