{
  "User": "482",
  "validation_results": {
    "Accuracy": [
      [
        1.0,
        0.5,
        1.0
      ]
    ],
    "Precision": [
      [
        1.0,
        0.5,
        1.0
      ]
    ],
    "Recall": [
      [
        1.0,
        0.5,
        1.0
      ]
    ],
    "F1Score": [
      [
        1.0,
        0.5,
        1.0
      ]
    ],
    "info_prec": [
      0.0
    ],
    "info_rec": [
      0.0
    ],
    "info_f1": [
      0.0
    ],
    "info_cmae": [
      2.054337501525879
    ],
    "info_mae": [
      2.054337501525879
    ]
  }
}