{
  "User": "283",
  "validation_results": {
    "Accuracy": [
      [
        0.785714328289032,
        0.5,
        0.5
      ]
    ],
    "Precision": [
      [
        0.6428571939468384,
        0.0,
        0.0
      ]
    ],
    "Recall": [
      [
        0.7142857313156128,
        0.0,
        0.0
      ]
    ],
    "F1Score": [
      [
        0.6666666865348816,
        0.0,
        0.0
      ]
    ],
    "info_prec": [
      0.0
    ],
    "info_rec": [
      0.0
    ],
    "info_f1": [
      0.0
    ],
    "info_cmae": [
      1.1908984184265137
    ],
    "info_mae": [
      1.1908984184265137
    ]
  }
}