{
  "User": "97",
  "validation_results": {
    "Accuracy": [
      [
        0.5,
        0.7857142686843872,
        0.6666666865348816
      ]
    ],
    "Precision": [
      [
        0.1666666716337204,
        0.7142857313156128,
        0.5833333730697632
      ]
    ],
    "Recall": [
      [
        0.3333333432674408,
        0.8571429252624512,
        0.8333333730697632
      ]
    ],
    "F1Score": [
      [
        0.2222222238779068,
        0.761904776096344,
        0.6666666865348816
      ]
    ],
    "info_prec": [
      0.0
    ],
    "info_rec": [
      0.0
    ],
    "info_f1": [
      0.0
    ],
    "info_cmae": [
      3.0
    ],
    "info_mae": [
      3.0
    ]
  }
}