{
  "User": "310",
  "validation_results": {
    "Accuracy": [
      [
        0.3333333432674408,
        1.0,
        1.0
      ]
    ],
    "Precision": [
      [
        0.3333333432674408,
        1.0,
        1.0
      ]
    ],
    "Recall": [
      [
        0.3333333432674408,
        1.0,
        1.0
      ]
    ],
    "F1Score": [
      [
        0.3333333432674408,
        1.0,
        1.0
      ]
    ],
    "info_prec": [
      0.0
    ],
    "info_rec": [
      0.0
    ],
    "info_f1": [
      0.0
    ],
    "info_cmae": [
      0.6506929397583008
    ],
    "info_mae": [
      0.6506929397583008
    ]
  }
}