{
  "User": "31",
  "validation_results": {
    "Accuracy": [
      [
        0.75,
        0.5,
        0.5
      ]
    ],
    "Precision": [
      [
        0.75,
        0.25,
        0.25
      ]
    ],
    "Recall": [
      [
        1.0,
        0.5,
        0.5
      ]
    ],
    "F1Score": [
      [
        0.8333333730697632,
        0.3333333432674408,
        0.3333333432674408
      ]
    ],
    "info_prec": [
      0.25
    ],
    "info_rec": [
      0.5
    ],
    "info_f1": [
      0.3333333333333333
    ],
    "info_cmae": [
      1.5096697807312012
    ],
    "info_mae": [
      1.5096697807312012
    ]
  }
}