{
  "User": "471",
  "validation_results": {
    "Accuracy": [
      [
        0.5,
        0.0,
        1.0
      ]
    ],
    "Precision": [
      [
        0.5,
        0.0,
        1.0
      ]
    ],
    "Recall": [
      [
        0.5,
        0.0,
        1.0
      ]
    ],
    "F1Score": [
      [
        0.5,
        0.0,
        1.0
      ]
    ],
    "info_prec": [
      0.0
    ],
    "info_rec": [
      0.0
    ],
    "info_f1": [
      0.0
    ],
    "info_cmae": [
      3.001985549926758
    ],
    "info_mae": [
      3.001985549926758
    ]
  }
}