{
  "User": "507",
  "validation_results": {
    "Accuracy": [
      [
        1.0,
        0.9166666865348816,
        1.0
      ]
    ],
    "Precision": [
      [
        1.0,
        0.9166666865348816,
        1.0
      ]
    ],
    "Recall": [
      [
        1.0,
        1.0,
        1.0
      ]
    ],
    "F1Score": [
      [
        1.0,
        0.949999988079071,
        1.0
      ]
    ],
    "info_prec": [
      0.16666666666666666
    ],
    "info_rec": [
      0.5
    ],
    "info_f1": [
      0.25
    ],
    "info_cmae": [
      0.5
    ],
    "info_mae": [
      0.6656654675801595
    ]
  }
}