{
  "User": "66",
  "validation_results": {
    "Accuracy": [
      [
        0.6071428656578064,
        0.5,
        1.0
      ]
    ],
    "Precision": [
      [
        0.4642857313156128,
        0.1666666716337204,
        1.0
      ]
    ],
    "Recall": [
      [
        0.7142857313156128,
        0.3333333432674408,
        1.0
      ]
    ],
    "F1Score": [
      [
        0.557823121547699,
        0.2222222238779068,
        1.0
      ]
    ],
    "info_prec": [
      0.0
    ],
    "info_rec": [
      0.0
    ],
    "info_f1": [
      0.0
    ],
    "info_cmae": [
      2.0
    ],
    "info_mae": [
      2.0
    ]
  }
}