{
  "User": "135",
  "validation_results": {
    "Accuracy": [
      [
        1.0,
        0.75,
        0.75
      ]
    ],
    "Precision": [
      [
        1.0,
        0.75,
        0.75
      ]
    ],
    "Recall": [
      [
        1.0,
        0.75,
        0.75
      ]
    ],
    "F1Score": [
      [
        1.0,
        0.75,
        0.75
      ]
    ],
    "info_prec": [
      0.0
    ],
    "info_rec": [
      0.0
    ],
    "info_f1": [
      0.0
    ],
    "info_cmae": [
      1.0009608268737793
    ],
    "info_mae": [
      1.0009608268737793
    ]
  }
}