{
  "User": "195",
  "validation_results": {
    "Accuracy": [
      [
        1.0,
        0.0,
        0.0
      ]
    ],
    "Precision": [
      [
        1.0,
        0.0,
        0.0
      ]
    ],
    "Recall": [
      [
        1.0,
        0.0,
        0.0
      ]
    ],
    "F1Score": [
      [
        1.0,
        0.0,
        0.0
      ]
    ],
    "info_prec": [
      0.0
    ],
    "info_rec": [
      0.0
    ],
    "info_f1": [
      0.0
    ],
    "info_cmae": [
      4.98468017578125
    ],
    "info_mae": [
      4.98468017578125
    ]
  }
}