{
  "User": "114",
  "validation_results": {
    "Accuracy": [
      [
        0.5,
        0.5,
        0.5
      ]
    ],
    "Precision": [
      [
        0.5,
        0.10000000149011612,
        0.10000000149011612
      ]
    ],
    "Recall": [
      [
        1.0,
        0.20000000298023224,
        0.20000000298023224
      ]
    ],
    "F1Score": [
      [
        0.6666666865348816,
        0.13333334028720856,
        0.13333334028720856
      ]
    ],
    "info_prec": [
      0.0
    ],
    "info_rec": [
      0.0
    ],
    "info_f1": [
      0.0
    ],
    "info_cmae": [
      1.5
    ],
    "info_mae": [
      1.5
    ]
  }
}