{
  "User": "60",
  "validation_results": {
    "Accuracy": [
      [
        0.75,
        0.5,
        0.75
      ]
    ],
    "Precision": [
      [
        0.625,
        0.3333333432674408,
        0.5
      ]
    ],
    "Recall": [
      [
        0.75,
        0.6666666865348816,
        0.5
      ]
    ],
    "F1Score": [
      [
        0.6666666865348816,
        0.4444444477558136,
        0.5
      ]
    ],
    "info_prec": [
      0.25
    ],
    "info_rec": [
      0.5
    ],
    "info_f1": [
      0.3333333333333333
    ],
    "info_cmae": [
      1.5
    ],
    "info_mae": [
      1.5
    ]
  }
}