{
  "User": "467",
  "validation_results": {
    "Accuracy": [
      [
        0.0,
        0.5,
        1.0
      ]
    ],
    "Precision": [
      [
        0.0,
        0.125,
        1.0
      ]
    ],
    "Recall": [
      [
        0.0,
        0.25,
        1.0
      ]
    ],
    "F1Score": [
      [
        0.0,
        0.1666666716337204,
        1.0
      ]
    ],
    "info_prec": [
      0.0
    ],
    "info_rec": [
      0.0
    ],
    "info_f1": [
      0.0
    ],
    "info_cmae": [
      1.0060844421386719
    ],
    "info_mae": [
      1.0060844421386719
    ]
  }
}