{
  "User": "256",
  "validation_results": {
    "Accuracy": [
      [
        0.9166666865348816,
        1.0,
        1.0
      ]
    ],
    "Precision": [
      [
        0.75,
        1.0,
        1.0
      ]
    ],
    "Recall": [
      [
        0.75,
        1.0,
        1.0
      ]
    ],
    "F1Score": [
      [
        0.75,
        1.0,
        1.0
      ]
    ],
    "info_prec": [
      0.3333333333333333
    ],
    "info_rec": [
      0.5
    ],
    "info_f1": [
      0.4
    ],
    "info_cmae": [
      1.4973936080932617
    ],
    "info_mae": [
      1.330726941426595
    ]
  }
}