{
  "User": "572",
  "validation_results": {
    "Accuracy": [
      [
        1.0,
        0.6666666865348816,
        1.0
      ]
    ],
    "Precision": [
      [
        1.0,
        0.6666666865348816,
        1.0
      ]
    ],
    "Recall": [
      [
        1.0,
        0.6666666865348816,
        1.0
      ]
    ],
    "F1Score": [
      [
        1.0,
        0.6666666865348816,
        1.0
      ]
    ],
    "info_prec": [
      1.0
    ],
    "info_rec": [
      1.0
    ],
    "info_f1": [
      1.0
    ],
    "info_cmae": [
      0.5353207588195801
    ],
    "info_mae": [
      0.5353207588195801
    ]
  }
}