{
  "User": "586",
  "validation_results": {
    "Accuracy": [
      [
        0.5,
        0.5,
        0.5
      ]
    ],
    "Precision": [
      [
        0.25,
        0.0,
        0.0
      ]
    ],
    "Recall": [
      [
        0.5,
        0.0,
        0.0
      ]
    ],
    "F1Score": [
      [
        0.3333333432674408,
        0.0,
        0.0
      ]
    ],
    "info_prec": [
      0.0
    ],
    "info_rec": [
      0.0
    ],
    "info_f1": [
      0.0
    ],
    "info_cmae": [
      0.985323429107666
    ],
    "info_mae": [
      0.985323429107666
    ]
  }
}