{
  "User": "477",
  "validation_results": {
    "Accuracy": [
      [
        1.0,
        0.75,
        1.0
      ]
    ],
    "Precision": [
      [
        1.0,
        0.75,
        1.0
      ]
    ],
    "Recall": [
      [
        1.0,
        0.75,
        1.0
      ]
    ],
    "F1Score": [
      [
        1.0,
        0.75,
        1.0
      ]
    ],
    "info_prec": [
      0.0
    ],
    "info_rec": [
      0.0
    ],
    "info_f1": [
      0.0
    ],
    "info_cmae": [
      0.005153179168701172
    ],
    "info_mae": [
      0.005153179168701172
    ]
  }
}