{
  "User": "111",
  "validation_results": {
    "Accuracy": [
      [
        0.625,
        0.5833333730697632,
        0.75
      ]
    ],
    "Precision": [
      [
        0.25,
        0.1666666716337204,
        0.5625
      ]
    ],
    "Recall": [
      [
        0.5,
        0.3333333432674408,
        0.75
      ]
    ],
    "F1Score": [
      [
        0.3333333432674408,
        0.2222222238779068,
        0.6428571343421936
      ]
    ],
    "info_prec": [
      0.0625
    ],
    "info_rec": [
      0.25
    ],
    "info_f1": [
      0.1
    ],
    "info_cmae": [
      1.5
    ],
    "info_mae": [
      1.5
    ]
  }
}