{
  "User": "512",
  "validation_results": {
    "Accuracy": [
      [
        0.8666666746139526,
        0.5833333134651184,
        0.5833333134651184
      ]
    ],
    "Precision": [
      [
        0.6000000238418579,
        0.4166666865348816,
        0.4166666865348816
      ]
    ],
    "Recall": [
      [
        0.6000000238418579,
        0.75,
        0.75
      ]
    ],
    "F1Score": [
      [
        0.6000000238418579,
        0.5249999761581421,
        0.5249999761581421
      ]
    ],
    "info_prec": [
      0.16666666666666666
    ],
    "info_rec": [
      0.5
    ],
    "info_f1": [
      0.25
    ],
    "info_cmae": [
      0.5
    ],
    "info_mae": [
      0.6664608319600424
    ]
  }
}