{
  "User": "200",
  "validation_results": {
    "Accuracy": [
      [
        0.75,
        0.6666666865348816,
        0.875
      ]
    ],
    "Precision": [
      [
        0.625,
        0.6666666865348816,
        0.875
      ]
    ],
    "Recall": [
      [
        0.75,
        1.0,
        1.0
      ]
    ],
    "F1Score": [
      [
        0.6666666865348816,
        0.7777777910232544,
        0.9166666865348816
      ]
    ],
    "info_prec": [
      0.0
    ],
    "info_rec": [
      0.0
    ],
    "info_f1": [
      0.0
    ],
    "info_cmae": [
      1.5
    ],
    "info_mae": [
      1.5
    ]
  }
}