{
  "User": "232",
  "validation_results": {
    "Accuracy": [
      [
        0.6666666865348816,
        1.0,
        1.0
      ]
    ],
    "Precision": [
      [
        0.3333333432674408,
        1.0,
        1.0
      ]
    ],
    "Recall": [
      [
        0.5,
        1.0,
        1.0
      ]
    ],
    "F1Score": [
      [
        0.4000000059604645,
        1.0,
        1.0
      ]
    ],
    "info_prec": [
      0.0
    ],
    "info_rec": [
      0.0
    ],
    "info_f1": [
      0.0
    ],
    "info_cmae": [
      0.5200858116149902
    ],
    "info_mae": [
      0.35341914494832355
    ]
  }
}