{
  "User": "349",
  "validation_results": {
    "Accuracy": [
      [
        0.0,
        0.0,
        0.0
      ]
    ],
    "Precision": [
      [
        0.0,
        0.0,
        0.0
      ]
    ],
    "Recall": [
      [
        0.0,
        0.0,
        0.0
      ]
    ],
    "F1Score": [
      [
        0.0,
        0.0,
        0.0
      ]
    ],
    "info_prec": [
      0.0
    ],
    "info_rec": [
      0.0
    ],
    "info_f1": [
      0.0
    ],
    "info_cmae": [
      2.5888004302978516
    ],
    "info_mae": [
      2.5888004302978516
    ]
  }
}