{
  "User": "167",
  "validation_results": {
    "Accuracy": [
      [
        1.0,
        0.5555555820465088,
        1.0
      ]
    ],
    "Precision": [
      [
        1.0,
        0.1111111119389534,
        1.0
      ]
    ],
    "Recall": [
      [
        1.0,
        0.3333333432674408,
        1.0
      ]
    ],
    "F1Score": [
      [
        1.0,
        0.1666666716337204,
        1.0
      ]
    ],
    "info_prec": [
      0.0
    ],
    "info_rec": [
      0.0
    ],
    "info_f1": [
      0.0
    ],
    "info_cmae": [
      1.4537455240885417
    ],
    "info_mae": [
      1.4537455240885417
    ]
  }
}