{
  "User": "45",
  "validation_results": {
    "Accuracy": [
      [
        0.5,
        1.0,
        1.0
      ]
    ],
    "Precision": [
      [
        0.25,
        1.0,
        1.0
      ]
    ],
    "Recall": [
      [
        0.5,
        1.0,
        1.0
      ]
    ],
    "F1Score": [
      [
        0.3333333432674408,
        1.0,
        1.0
      ]
    ],
    "info_prec": [
      1.0
    ],
    "info_rec": [
      1.0
    ],
    "info_f1": [
      1.0
    ],
    "info_cmae": [
      0.005013974849134684
    ],
    "info_mae": [
      0.005013974849134684
    ]
  }
}