{
  "User": "431",
  "validation_results": {
    "Accuracy": [
      [
        1.0,
        0.5,
        0.0
      ]
    ],
    "Precision": [
      [
        1.0,
        0.5,
        0.0
      ]
    ],
    "Recall": [
      [
        1.0,
        0.5,
        0.0
      ]
    ],
    "F1Score": [
      [
        1.0,
        0.5,
        0.0
      ]
    ],
    "info_prec": [
      0.0
    ],
    "info_rec": [
      0.0
    ],
    "info_f1": [
      0.0
    ],
    "info_cmae": [
      0.0017948150634765625
    ],
    "info_mae": [
      0.0017948150634765625
    ]
  }
}