{
  "User": "170",
  "validation_results": {
    "Accuracy": [
      [
        0.7142857313156128,
        0.0,
        0.0
      ],
      [
        0.7142857313156128,
        0.0,
        0.0
      ],
      [
        0.7142857313156128,
        0.0,
        0.0
      ],
      [
        0.7142857313156128,
        0.0,
        0.0
      ],
      [
        0.7142857313156128,
        0.0,
        0.0
      ],
      [
        0.7142857313156128,
        0.0,
        0.0
      ],
      [
        0.7142857313156128,
        0.0,
        0.0
      ],
      [
        0.7142857313156128,
        0.0,
        0.0
      ],
      [
        0.7142857313156128,
        0.0,
        0.0
      ],
      [
        0.7142857313156128,
        0.0,
        0.0
      ],
      [
        0.7142857313156128,
        0.0,
        0.0
      ],
      [
        0.7142857313156128,
        0.0,
        0.0
      ],
      [
        0.7142857313156128,
        0.0,
        0.0
      ],
      [
        0.7142857313156128,
        0.0,
        0.0
      ],
      [
        0.7142857313156128,
        0.0,
        0.0
      ],
      [
        0.7142857313156128,
        0.0,
        0.0
      ],
      [
        0.7142857313156128,
        0.0,
        0.0
      ],
      [
        0.7142857313156128,
        0.0,
        0.0
      ],
      [
        0.7142857313156128,
        0.0,
        0.0
      ],
      [
        0.7142857313156128,
        0.0,
        0.0
      ],
      [
        0.7142857313156128,
        0.0,
        0.0
      ],
      [
        0.7142857313156128,
        0.0,
        0.0
      ],
      [
        0.7142857313156128,
        0.0,
        0.0
      ],
      [
        0.7142857313156128,
        0.0,
        0.0
      ],
      [
        0.7142857313156128,
        0.0,
        0.0
      ],
      [
        0.7142857313156128,
        0.0,
        0.0
      ],
      [
        0.7142857313156128,
        0.0,
        0.0
      ],
      [
        0.7142857313156128,
        0.0,
        0.0
      ],
      [
        0.7142857313156128,
        0.0,
        0.0
      ],
      [
        0.7142857313156128,
        0.0,
        0.0
      ]
    ],
    "Precision": [
      [
        0.4285714328289032,
        0.0,
        0.0
      ],
      [
        0.4285714328289032,
        0.0,
        0.0
      ],
      [
        0.4285714328289032,
        0.0,
        0.0
      ],
      [
        0.4285714328289032,
        0.0,
        0.0
      ],
      [
        0.4285714328289032,
        0.0,
        0.0
      ],
      [
        0.4285714328289032,
        0.0,
        0.0
      ],
      [
        0.4285714328289032,
        0.0,
        0.0
      ],
      [
        0.4285714328289032,
        0.0,
        0.0
      ],
      [
        0.4285714328289032,
        0.0,
        0.0
      ],
      [
        0.4285714328289032,
        0.0,
        0.0
      ],
      [
        0.4285714328289032,
        0.0,
        0.0
      ],
      [
        0.4285714328289032,
        0.0,
        0.0
      ],
      [
        0.4285714328289032,
        0.0,
        0.0
      ],
      [
        0.4285714328289032,
        0.0,
        0.0
      ],
      [
        0.4285714328289032,
        0.0,
        0.0
      ],
      [
        0.4285714328289032,
        0.0,
        0.0
      ],
      [
        0.4285714328289032,
        0.0,
        0.0
      ],
      [
        0.4285714328289032,
        0.0,
        0.0
      ],
      [
        0.4285714328289032,
        0.0,
        0.0
      ],
      [
        0.4285714328289032,
        0.0,
        0.0
      ],
      [
        0.4285714328289032,
        0.0,
        0.0
      ],
      [
        0.4285714328289032,
        0.0,
        0.0
      ],
      [
        0.4285714328289032,
        0.0,
        0.0
      ],
      [
        0.4285714328289032,
        0.0,
        0.0
      ],
      [
        0.4285714328289032,
        0.0,
        0.0
      ],
      [
        0.4285714328289032,
        0.0,
        0.0
      ],
      [
        0.4285714328289032,
        0.0,
        0.0
      ],
      [
        0.4285714328289032,
        0.0,
        0.0
      ],
      [
        0.4285714328289032,
        0.0,
        0.0
      ],
      [
        0.4285714328289032,
        0.0,
        0.0
      ]
    ],
    "Recall": [
      [
        0.4285714328289032,
        0.0,
        0.0
      ],
      [
        0.4285714328289032,
        0.0,
        0.0
      ],
      [
        0.4285714328289032,
        0.0,
        0.0
      ],
      [
        0.4285714328289032,
        0.0,
        0.0
      ],
      [
        0.4285714328289032,
        0.0,
        0.0
      ],
      [
        0.4285714328289032,
        0.0,
        0.0
      ],
      [
        0.4285714328289032,
        0.0,
        0.0
      ],
      [
        0.4285714328289032,
        0.0,
        0.0
      ],
      [
        0.4285714328289032,
        0.0,
        0.0
      ],
      [
        0.4285714328289032,
        0.0,
        0.0
      ],
      [
        0.4285714328289032,
        0.0,
        0.0
      ],
      [
        0.4285714328289032,
        0.0,
        0.0
      ],
      [
        0.4285714328289032,
        0.0,
        0.0
      ],
      [
        0.4285714328289032,
        0.0,
        0.0
      ],
      [
        0.4285714328289032,
        0.0,
        0.0
      ],
      [
        0.4285714328289032,
        0.0,
        0.0
      ],
      [
        0.4285714328289032,
        0.0,
        0.0
      ],
      [
        0.4285714328289032,
        0.0,
        0.0
      ],
      [
        0.4285714328289032,
        0.0,
        0.0
      ],
      [
        0.4285714328289032,
        0.0,
        0.0
      ],
      [
        0.4285714328289032,
        0.0,
        0.0
      ],
      [
        0.4285714328289032,
        0.0,
        0.0
      ],
      [
        0.4285714328289032,
        0.0,
        0.0
      ],
      [
        0.4285714328289032,
        0.0,
        0.0
      ],
      [
        0.4285714328289032,
        0.0,
        0.0
      ],
      [
        0.4285714328289032,
        0.0,
        0.0
      ],
      [
        0.4285714328289032,
        0.0,
        0.0
      ],
      [
        0.4285714328289032,
        0.0,
        0.0
      ],
      [
        0.4285714328289032,
        0.0,
        0.0
      ],
      [
        0.4285714328289032,
        0.0,
        0.0
      ]
    ],