{
  "User": "231",
  "validation_results": {
    "Accuracy": [
      [
        0.8333333730697632,
        0.0,
        0.5
      ],
      [
        0.8333333730697632,
        0.0,
        0.5
      ],
      [
        0.8333333730697632,
        0.0,
        0.5
      ],
      [
        0.8333333730697632,
        0.0,
        0.5
      ],
      [
        0.8333333730697632,
        0.0,
        0.5
      ],
      [
        0.8333333730697632,
        0.0,
        0.5
      ],
      [
        0.8333333730697632,
        0.0,
        0.5
      ],
      [
        0.8333333730697632,
        0.0,
        0.5
      ],
      [
        0.8333333730697632,
        0.0,
        0.5
      ],
      [
        0.8333333730697632,
        0.0,
        0.5
      ],
      [
        0.8333333730697632,
        0.0,
        0.5
      ],
      [
        0.8333333730697632,
        0.0,
        0.5
      ],
      [
        0.8333333730697632,
        0.0,
        0.5
      ],
      [
        0.8333333730697632,
        0.0,
        0.5
      ],
      [
        0.8333333730697632,
        0.0,
        0.5
      ],
      [
        0.8333333730697632,
        0.0,
        0.5
      ],
      [
        0.8333333730697632,
        0.0,
        0.5
      ],
      [
        0.8333333730697632,
        0.0,
        0.5
      ],
      [
        0.8333333730697632,
        0.0,
        0.5
      ],
      [
        0.8333333730697632,
        0.0,
        0.5
      ],
      [
        0.8333333730697632,
        0.0,
        0.5
      ],
      [
        0.8333333730697632,
        0.0,
        0.5
      ],
      [
        0.8333333730697632,
        0.0,
        0.5
      ],
      [
        0.8333333730697632,
        0.0,
        0.5
      ],
      [
        0.8333333730697632,
        0.0,
        0.5
      ],
      [
        0.8333333730697632,
        0.0,
        0.5
      ],
      [
        0.8333333730697632,
        0.0,
        0.5
      ],
      [
        0.8333333730697632,
        0.0,
        0.5
      ],
      [
        0.8333333730697632,
        0.0,
        0.5
      ],
      [
        0.8333333730697632,
        0.0,
        0.5
      ]
    ],
    "Precision": [
      [
        0.6666666865348816,
        0.0,
        0.0
      ],
      [
        0.6666666865348816,
        0.0,
        0.0
      ],
      [
        0.6666666865348816,
        0.0,
        0.0
      ],
      [
        0.6666666865348816,
        0.0,
        0.0
      ],
      [
        0.6666666865348816,
        0.0,
        0.0
      ],
      [
        0.6666666865348816,
        0.0,
        0.0
      ],
      [
        0.6666666865348816,
        0.0,
        0.0
      ],
      [
        0.6666666865348816,
        0.0,
        0.0
      ],
      [
        0.6666666865348816,
        0.0,
        0.0
      ],
      [
        0.6666666865348816,
        0.0,
        0.0
      ],
      [
        0.6666666865348816,
        0.0,
        0.0
      ],
      [
        0.6666666865348816,
        0.0,
        0.0
      ],
      [
        0.6666666865348816,
        0.0,
        0.0
      ],
      [
        0.6666666865348816,
        0.0,
        0.0
      ],
      [
        0.6666666865348816,
        0.0,
        0.0
      ],
      [
        0.6666666865348816,
        0.0,
        0.0
      ],
      [
        0.6666666865348816,
        0.0,
        0.0
      ],
      [
        0.6666666865348816,
        0.0,
        0.0
      ],
      [
        0.6666666865348816,
        0.0,
        0.0
      ],
      [
        0.6666666865348816,
        0.0,
        0.0
      ],
      [
        0.6666666865348816,
        0.0,
        0.0
      ],
      [
        0.6666666865348816,
        0.0,
        0.0
      ],
      [
        0.6666666865348816,
        0.0,
        0.0
      ],
      [
        0.6666666865348816,
        0.0,
        0.0
      ],
      [
        0.6666666865348816,
        0.0,
        0.0
      ],
      [
        0.6666666865348816,
        0.0,
        0.0
      ],
      [
        0.6666666865348816,
        0.0,
        0.0
      ],
      [
        0.6666666865348816,
        0.0,
        0.0
      ],
      [
        0.6666666865348816,
        0.0,
        0.0
      ],
      [
        0.6666666865348816,
        0.0,
        0.0
      ]
    ],
    "Recall": [
      [
        0.6666666865348816,
        0.0,
        0.0
      ],
      [
        0.6666666865348816,
        0.0,
        0.0
      ],
      [
        0.6666666865348816,
        0.0,
        0.0
      ],
      [
        0.6666666865348816,
        0.0,
        0.0
      ],
      [
        0.6666666865348816,
        0.0,
        0.0
      ],
      [
        0.6666666865348816,
        0.0,
        0.0
      ],
      [
        0.6666666865348816,
        0.0,
        0.0
      ],
      [
        0.6666666865348816,
        0.0,
        0.0
      ],
      [
        0.6666666865348816,
        0.0,
        0.0
      ],
      [
        0.6666666865348816,
        0.0,
        0.0
      ],
      [
        0.6666666865348816,
        0.0,
        0.0
      ],
      [
        0.6666666865348816,
        0.0,
        0.0
      ],
      [
        0.6666666865348816,
        0.0,
        0.0
      ],
      [
        0.6666666865348816,
        0.0,
        0.0
      ],
      [
        0.6666666865348816,
        0.0,
        0.0
      ],
      [
        0.6666666865348816,
        0.0,
        0.0
      ],
      [
        0.6666666865348816,
        0.0,
        0.0
      ],
      [
        0.6666666865348816,
        0.0,
        0.0
      ],
      [
        0.6666666865348816,
        0.0,
        0.0
      ],
      [
        0.6666666865348816,
        0.0,
        0.0
      ],
      [
        0.6666666865348816,
        0.0,
        0.0
      ],
      [
        0.6666666865348816,
        0.0,
        0.0
      ],
      [
        0.6666666865348816,
        0.0,
        0.0
      ],
      [
        0.6666666865348816,
        0.0,
        0.0
      ],
      [
        0.6666666865348816,
        0.0,
        0.0
      ],
      [
        0.6666666865348816,
        0.0,
        0.0
      ],
      [
        0.6666666865348816,
        0.0,
        0.0
      ],
      [
        0.6666666865348816,
        0.0,
        0.0
      ],
      [
        0.6666666865348816,
        0.0,
        0.0
      ],
      [
        0.6666666865348816,
        0.0,
        0.0
      ]
    ],