{
  "User": "227",
  "validation_results": {
    "Accuracy": [
      [
        0.5,
        0.10000000149011612,
        0.0
      ],
      [
        0.5,
        0.10000000149011612,
        0.0
      ],
      [
        0.5,
        0.10000000149011612,
        0.0
      ],
      [
        0.5,
        0.10000000149011612,
        0.0
      ],
      [
        0.5,
        0.10000000149011612,
        0.0
      ],
      [
        0.5,
        0.10000000149011612,
        0.0
      ],
      [
        0.5,
        0.10000000149011612,
        0.0
      ],
      [
        0.5,
        0.10000000149011612,
        0.0
      ],
      [
        0.5,
        0.10000000149011612,
        0.0
      ],
      [
        0.5,
        0.10000000149011612,
        0.0
      ],
      [
        0.5,
        0.10000000149011612,
        0.0
      ],
      [
        0.5,
        0.10000000149011612,
        0.0
      ],
      [
        0.5,
        0.10000000149011612,
        0.0
      ],
      [
        0.5,
        0.10000000149011612,
        0.0
      ],
      [
        0.5,
        0.10000000149011612,
        0.0
      ],
      [
        0.5,
        0.10000000149011612,
        0.0
      ],
      [
        0.5,
        0.10000000149011612,
        0.0
      ],
      [
        0.5,
        0.10000000149011612,
        0.0
      ],
      [
        0.5,
        0.10000000149011612,
        0.0
      ],
      [
        0.5,
        0.10000000149011612,
        0.0
      ],
      [
        0.5,
        0.10000000149011612,
        0.0
      ],
      [
        0.5,
        0.10000000149011612,
        0.0
      ],
      [
        0.5,
        0.10000000149011612,
        0.0
      ],
      [
        0.5,
        0.10000000149011612,
        0.0
      ],
      [
        0.5,
        0.10000000149011612,
        0.0
      ],
      [
        0.5,
        0.10000000149011612,
        0.0
      ],
      [
        0.5,
        0.10000000149011612,
        0.0
      ],
      [
        0.5,
        0.10000000149011612,
        0.0
      ],
      [
        0.5,
        0.10000000149011612,
        0.0
      ],
      [
        0.5,
        0.10000000149011612,
        0.0
      ]
    ],
    "Precision": [
      [
        0.25,
        0.10000000149011612,
        0.0
      ],
      [
        0.25,
        0.10000000149011612,
        0.0
      ],
      [
        0.25,
        0.10000000149011612,
        0.0
      ],
      [
        0.25,
        0.10000000149011612,
        0.0
      ],
      [
        0.25,
        0.10000000149011612,
        0.0
      ],
      [
        0.25,
        0.10000000149011612,
        0.0
      ],
      [
        0.25,
        0.10000000149011612,
        0.0
      ],
      [
        0.25,
        0.10000000149011612,
        0.0
      ],
      [
        0.25,
        0.10000000149011612,
        0.0
      ],
      [
        0.25,
        0.10000000149011612,
        0.0
      ],
      [
        0.25,
        0.10000000149011612,
        0.0
      ],
      [
        0.25,
        0.10000000149011612,
        0.0
      ],
      [
        0.25,
        0.10000000149011612,
        0.0
      ],
      [
        0.25,
        0.10000000149011612,
        0.0
      ],
      [
        0.25,
        0.10000000149011612,
        0.0
      ],
      [
        0.25,
        0.10000000149011612,
        0.0
      ],
      [
        0.25,
        0.10000000149011612,
        0.0
      ],
      [
        0.25,
        0.10000000149011612,
        0.0
      ],
      [
        0.25,
        0.10000000149011612,
        0.0
      ],
      [
        0.25,
        0.10000000149011612,
        0.0
      ],
      [
        0.25,
        0.10000000149011612,
        0.0
      ],
      [
        0.25,
        0.10000000149011612,
        0.0
      ],
      [
        0.25,
        0.10000000149011612,
        0.0
      ],
      [
        0.25,
        0.10000000149011612,
        0.0
      ],
      [
        0.25,
        0.10000000149011612,
        0.0
      ],
      [
        0.25,
        0.10000000149011612,
        0.0
      ],
      [
        0.25,
        0.10000000149011612,
        0.0
      ],
      [
        0.25,
        0.10000000149011612,
        0.0
      ],
      [
        0.25,
        0.10000000149011612,
        0.0
      ],
      [
        0.25,
        0.10000000149011612,
        0.0
      ]
    ],
    "Recall": [
      [
        0.5,
        0.20000000298023224,
        0.0
      ],
      [
        0.5,
        0.20000000298023224,
        0.0
      ],
      [
        0.5,
        0.20000000298023224,
        0.0
      ],
      [
        0.5,
        0.20000000298023224,
        0.0
      ],
      [
        0.5,
        0.20000000298023224,
        0.0
      ],
      [
        0.5,
        0.20000000298023224,
        0.0
      ],
      [
        0.5,
        0.20000000298023224,
        0.0
      ],
      [
        0.5,
        0.20000000298023224,
        0.0
      ],
      [
        0.5,
        0.20000000298023224,
        0.0
      ],
      [
        0.5,
        0.20000000298023224,
        0.0
      ],
      [
        0.5,
        0.20000000298023224,
        0.0
      ],
      [
        0.5,
        0.20000000298023224,
        0.0
      ],
      [
        0.5,
        0.20000000298023224,
        0.0
      ],
      [
        0.5,
        0.20000000298023224,
        0.0
      ],
      [
        0.5,
        0.20000000298023224,
        0.0
      ],
      [
        0.5,
        0.20000000298023224,
        0.0
      ],
      [
        0.5,
        0.20000000298023224,
        0.0
      ],
      [
        0.5,
        0.20000000298023224,
        0.0
      ],
      [
        0.5,
        0.20000000298023224,
        0.0
      ],
      [
        0.5,
        0.20000000298023224,
        0.0
      ],
      [
        0.5,
        0.20000000298023224,
        0.0
      ],
      [
        0.5,
        0.20000000298023224,
        0.0
      ],
      [
        0.5,
        0.20000000298023224,
        0.0
      ],
      [
        0.5,
        0.20000000298023224,
        0.0
      ],
      [
        0.5,
        0.20000000298023224,
        0.0
      ],
      [
        0.5,
        0.20000000298023224,
        0.0
      ],
      [
        0.5,
        0.20000000298023224,
        0.0
      ],
      [
        0.5,
        0.20000000298023224,
        0.0
      ],
      [
        0.5,
        0.20000000298023224,
        0.0
      ],
      [
        0.5,
        0.20000000298023224,
        0.0
      ]
    ],