{
  "User": "22",
  "validation_results": {
    "Accuracy": [
      [
        0.5,
        1.0,
        1.0
      ],
      [
        0.5,
        0.0,
        0.0
      ],
      [
        0.5,
        1.0,
        1.0
      ],
      [
        0.5,
        0.0,
        1.0
      ],
      [
        0.5,
        1.0,
        1.0
      ],
      [
        0.5,
        0.0,
        0.0
      ],
      [
        0.5,
        1.0,
        1.0
      ],
      [
        0.5,
        0.0,
        1.0
      ],
      [
        0.5,
        1.0,
        1.0
      ],
      [
        0.5,
        0.0,
        0.0
      ],
      [
        0.5,
        1.0,
        1.0
      ],
      [
        0.5,
        0.0,
        1.0
      ],
      [
        0.5,
        0.0,
        1.0
      ],
      [
        0.5,
        1.0,
        1.0
      ],
      [
        0.5,
        0.0,
        1.0
      ],
      [
        0.5,
        0.0,
        0.0
      ],
      [
        0.5,
        1.0,
        1.0
      ],
      [
        0.5,
        1.0,
        1.0
      ],
      [
        0.5,
        0.0,
        1.0
      ],
      [
        0.5,
        0.0,
        0.0
      ],
      [
        0.5,
        0.0,
        1.0
      ],
      [
        0.5,
        0.0,
        1.0
      ],
      [
        0.5,
        1.0,
        0.0
      ],
      [
        0.5,
        0.0,
        0.0
      ],
      [
        0.5,
        1.0,
        1.0
      ],
      [
        0.5,
        1.0,
        1.0
      ],
      [
        0.5,
        1.0,
        1.0
      ],
      [
        0.5,
        0.0,
        0.0
      ],
      [
        0.5,
        1.0,
        1.0
      ],
      [
        0.5,
        0.0,
        0.0
      ]
    ],
    "Precision": [
      [
        0.1666666716337204,
        1.0,
        1.0
      ],
      [
        0.0,
        0.0,
        0.0
      ],
      [
        0.1666666716337204,
        1.0,
        1.0
      ],
      [
        0.1666666716337204,
        0.0,
        1.0
      ],
      [
        0.1666666716337204,
        1.0,
        1.0
      ],
      [
        0.1666666716337204,
        0.0,
        0.0
      ],
      [
        0.1666666716337204,
        1.0,
        1.0
      ],
      [
        0.1666666716337204,
        0.0,
        1.0
      ],
      [
        0.1666666716337204,
        1.0,
        1.0
      ],
      [
        0.0,
        0.0,
        0.0
      ],
      [
        0.1666666716337204,
        1.0,
        1.0
      ],
      [
        0.3333333432674408,
        0.0,
        1.0
      ],
      [
        0.0,
        0.0,
        1.0
      ],
      [
        0.1666666716337204,
        1.0,
        1.0
      ],
      [
        0.1666666716337204,
        0.0,
        1.0
      ],
      [
        0.0,
        0.0,
        0.0
      ],
      [
        0.1666666716337204,
        1.0,
        1.0
      ],
      [
        0.1666666716337204,
        1.0,
        1.0
      ],
      [
        0.1666666716337204,
        0.0,
        1.0
      ],
      [
        0.0,
        0.0,
        0.0
      ],
      [
        0.1666666716337204,
        0.0,
        1.0
      ],
      [
        0.1666666716337204,
        0.0,
        1.0
      ],
      [
        0.1666666716337204,
        1.0,
        0.0
      ],
      [
        0.0,
        0.0,
        0.0
      ],
      [
        0.1666666716337204,
        1.0,
        1.0
      ],
      [
        0.1666666716337204,
        1.0,
        1.0
      ],
      [
        0.1666666716337204,
        1.0,
        1.0
      ],
      [
        0.3333333432674408,
        0.0,
        0.0
      ],
      [
        0.1666666716337204,
        1.0,
        1.0
      ],
      [
        0.0,
        0.0,
        0.0
      ]
    ],
    "Recall": [
      [
        0.3333333432674408,
        1.0,
        1.0
      ],
      [
        0.0,
        0.0,
        0.0
      ],
      [
        0.3333333432674408,
        1.0,
        1.0
      ],
      [
        0.3333333432674408,
        0.0,
        1.0
      ],
      [
        0.3333333432674408,
        1.0,
        1.0
      ],
      [
        0.3333333432674408,
        0.0,
        0.0
      ],
      [
        0.3333333432674408,
        1.0,
        1.0
      ],
      [
        0.3333333432674408,
        0.0,
        1.0
      ],
      [
        0.3333333432674408,
        1.0,
        1.0
      ],
      [
        0.0,
        0.0,
        0.0
      ],
      [
        0.3333333432674408,
        1.0,
        1.0
      ],
      [
        0.6666666865348816,
        0.0,
        1.0
      ],
      [
        0.0,
        0.0,
        1.0
      ],
      [
        0.3333333432674408,
        1.0,
        1.0
      ],
      [
        0.3333333432674408,
        0.0,
        1.0
      ],
      [
        0.0,
        0.0,
        0.0
      ],
      [
        0.3333333432674408,
        1.0,
        1.0
      ],
      [
        0.3333333432674408,
        1.0,
        1.0
      ],
      [
        0.3333333432674408,
        0.0,
        1.0
      ],
      [
        0.0,
        0.0,
        0.0
      ],
      [
        0.3333333432674408,
        0.0,
        1.0
      ],
      [
        0.3333333432674408,
        0.0,
        1.0
      ],
      [
        0.3333333432674408,
        1.0,
        0.0
      ],
      [
        0.0,
        0.0,
        0.0
      ],
      [
        0.3333333432674408,
        1.0,
        1.0
      ],
      [
        0.3333333432674408,
        1.0,
        1.0
      ],
      [
        0.3333333432674408,
        1.0,
        1.0
      ],
      [
        0.6666666865348816,
        0.0,
        0.0
      ],
      [
        0.3333333432674408,
        1.0,
        1.0
      ],
      [
        0.0,
        0.0,
        0.0
      ]
    ],
    "F1Score": [
      [
        0.2222222238779068,
        1.0,
        1.0
      ],
      [
        0.0,
        0.0,
        0.0
      ],
      [
        0.2222222238779068,
        1.0,
        1.0
      ],
      [
        0.2222222238779068,
        0.0,
        1.0
      ],
      [
        0.2222222238779068,
        1.0,
        1.0
      ],
      [
        0.2222222238779068,
        0.0,
        0.0
      ],
      [
        0.2222222238779068,
        1.0,
        1.0
      ],
      [
        0.2222222238779068,
        0.0,
        1.0
      ],
      [
        0.2222222238779068,
        1.0,
        1.0
      ],
      [
        0.0,
        0.0,
        0.0
      ],
      [
        0.2222222238779068,
        1.0,
        1.0
      ],
      [
        0.4444444477558136,
        0.0,
        1.0
      ],
      [
        0.0,
        0.0,
        1.0
      ],
      [
        0.2222222238779068,
        1.0,
        1.0
      ],
      [
        0.2222222238779068,
        0.0,
        1.0
      ],
      [
        0.0,
        0.0,
        0.0
      ],
      [
        0.2222222238779068,
        1.0,
        1.0
      ],
      [
        0.2222222238779068,
        1.0,
        1.0
      ],
      [
        0.2222222238779068,
        0.0,
        1.0
      ],
      [
        0.0,
        0.0,
        0.0
      ],
      [
        0.2222222238779068,
        0.0,
        1.0
      ],
      [
        0.2222222238779068,
        0.0,
        1.0
      ],
      [
        0.2222222238779068,
        1.0,
        0.0
      ],
      [
        0.0,
        0.0,
        0.0
      ],
      [
        0.2222222238779068,
        1.0,
        1.0
      ],
      [
        0.2222222238779068,
        1.0,
        1.0
      ],
      [
        0.2222222238779068,
        1.0,
        1.0
      ],
      [
        0.4444444477558136,
        0.0,
        0.0
      ],
      [
        0.2222222238779068,
        1.0,
        1.0
      ],
      [
        0.0,
        0.0,
        0.0
      ]
    ],