{
  "User": "114",
  "validation_results": {
    "Accuracy": [
      [
        0.5,
        0.5,
        0.5
      ],
      [
        0.5,
        0.5,
        0.5
      ],
      [
        0.5,
        0.5,
        0.5
      ],
      [
        0.5,
        0.5,
        0.5
      ],
      [
        0.5,
        0.5,
        0.5
      ],
      [
        0.5,
        0.5,
        0.5
      ],
      [
        0.5,
        0.5,
        0.5
      ],
      [
        0.5,
        0.5,
        0.5
      ],
      [
        0.5,
        0.5,
        0.5
      ],
      [
        0.5,
        0.5,
        0.5
      ],
      [
        0.5,
        0.5,
        0.5
      ],
      [
        0.5,
        0.5,
        0.5
      ],
      [
        0.5,
        0.5,
        0.5
      ],
      [
        0.5,
        0.5,
        0.5
      ],
      [
        0.5,
        0.5,
        0.5
      ],
      [
        0.5,
        0.5,
        0.5
      ],
      [
        0.5,
        0.5,
        0.5
      ],
      [
        0.5,
        0.5,
        0.5
      ],
      [
        0.5,
        0.5,
        0.5
      ],
      [
        0.5,
        0.5,
        0.5
      ],
      [
        0.5,
        0.5,
        0.5
      ],
      [
        0.5,
        0.5,
        0.5
      ],
      [
        0.5,
        0.5,
        0.5
      ],
      [
        0.5,
        0.5,
        0.5
      ],
      [
        0.5,
        0.5,
        0.5
      ],
      [
        0.5,
        0.5,
        0.5
      ],
      [
        0.5,
        0.5,
        0.5
      ],
      [
        0.5,
        0.5,
        0.5
      ],
      [
        0.5,
        0.5,
        0.5
      ],
      [
        0.5,
        0.5,
        0.5
      ]
    ],
    "Precision": [
      [
        0.25,
        0.10000000149011612,
        0.10000000149011612
      ],
      [
        0.25,
        0.10000000149011612,
        0.20000000298023224
      ],
      [
        0.25,
        0.30000001192092896,
        0.20000000298023224
      ],
      [
        0.0,
        0.10000000149011612,
        0.10000000149011612
      ],
      [
        0.25,
        0.0,
        0.10000000149011612
      ],
      [
        0.25,
        0.30000001192092896,
        0.20000000298023224
      ],
      [
        0.0,
        0.30000001192092896,
        0.30000001192092896
      ],
      [
        0.25,
        0.0,
        0.0
      ],
      [
        0.25,
        0.10000000149011612,
        0.10000000149011612
      ],
      [
        0.25,
        0.0,
        0.0
      ],
      [
        0.25,
        0.0,
        0.0
      ],
      [
        0.25,
        0.30000001192092896,
        0.10000000149011612
      ],
      [
        0.25,
        0.0,
        0.0
      ],
      [
        0.25,
        0.0,
        0.0
      ],
      [
        0.25,
        0.0,
        0.10000000149011612
      ],
      [
        0.0,
        0.10000000149011612,
        0.10000000149011612
      ],
      [
        0.25,
        0.10000000149011612,
        0.0
      ],
      [
        0.25,
        0.10000000149011612,
        0.30000001192092896
      ],
      [
        0.0,
        0.10000000149011612,
        0.10000000149011612
      ],
      [
        0.0,
        0.0,
        0.10000000149011612
      ],
      [
        0.25,
        0.0,
        0.10000000149011612
      ],
      [
        0.25,
        0.10000000149011612,
        0.0
      ],
      [
        0.25,
        0.0,
        0.10000000149011612
      ],
      [
        0.25,
        0.10000000149011612,
        0.10000000149011612
      ],
      [
        0.25,
        0.30000001192092896,
        0.4000000059604645
      ],
      [
        0.25,
        0.10000000149011612,
        0.0
      ],
      [
        0.25,
        0.10000000149011612,
        0.10000000149011612
      ],
      [
        0.25,
        0.0,
        0.10000000149011612
      ],
      [
        0.5,
        0.0,
        0.0
      ],
      [
        0.25,
        0.10000000149011612,
        0.0
      ]
    ],
    "Recall": [
      [
        0.5,
        0.20000000298023224,
        0.20000000298023224
      ],
      [
        0.5,
        0.20000000298023224,
        0.4000000059604645
      ],
      [
        0.5,
        0.6000000238418579,
        0.4000000059604645
      ],
      [
        0.0,
        0.20000000298023224,
        0.20000000298023224
      ],
      [
        0.5,
        0.0,
        0.20000000298023224
      ],
      [
        0.5,
        0.6000000238418579,
        0.4000000059604645
      ],
      [
        0.0,
        0.6000000238418579,
        0.6000000238418579
      ],
      [
        0.5,
        0.0,
        0.0
      ],
      [
        0.5,
        0.20000000298023224,
        0.20000000298023224
      ],
      [
        0.5,
        0.0,
        0.0
      ],
      [
        0.5,
        0.0,
        0.0
      ],
      [
        0.5,
        0.6000000238418579,
        0.20000000298023224
      ],
      [
        0.5,
        0.0,
        0.0
      ],
      [
        0.5,
        0.0,
        0.0
      ],
      [
        0.5,
        0.0,
        0.20000000298023224
      ],
      [
        0.0,
        0.20000000298023224,
        0.20000000298023224
      ],
      [
        0.5,
        0.20000000298023224,
        0.0
      ],
      [
        0.5,
        0.20000000298023224,
        0.6000000238418579
      ],
      [
        0.0,
        0.20000000298023224,
        0.20000000298023224
      ],
      [
        0.0,
        0.0,
        0.20000000298023224
      ],
      [
        0.5,
        0.0,
        0.20000000298023224
      ],
      [
        0.5,
        0.20000000298023224,
        0.0
      ],
      [
        0.5,
        0.0,
        0.20000000298023224
      ],
      [
        0.5,
        0.20000000298023224,
        0.20000000298023224
      ],
      [
        0.5,
        0.6000000238418579,
        0.800000011920929
      ],
      [
        0.5,
        0.20000000298023224,
        0.0
      ],
      [
        0.5,
        0.20000000298023224,
        0.20000000298023224
      ],
      [
        0.5,
        0.0,
        0.20000000298023224
      ],
      [
        1.0,
        0.0,
        0.0
      ],
      [
        0.5,
        0.20000000298023224,
        0.0
      ]
    ],