{
  "User": "323",
  "validation_results": {
    "Accuracy": [
      [
        0.0,
        0.6666666865348816,
        0.5
      ],
      [
        1.0,
        0.3333333432674408,
        0.1666666716337204
      ],
      [
        0.0,
        0.6666666865348816,
        0.8333333730697632
      ],
      [
        0.0,
        0.6666666865348816,
        0.1666666716337204
      ],
      [
        1.0,
        0.6666666865348816,
        0.8333333730697632
      ],
      [
        1.0,
        0.0,
        0.1666666716337204
      ],
      [
        0.0,
        0.6666666865348816,
        0.8333333730697632
      ],
      [
        1.0,
        0.3333333432674408,
        0.5
      ],
      [
        1.0,
        0.6666666865348816,
        0.1666666716337204
      ],
      [
        0.0,
        0.3333333432674408,
        0.1666666716337204
      ],
      [
        0.0,
        0.6666666865348816,
        0.5
      ],
      [
        0.0,
        0.3333333432674408,
        0.1666666716337204
      ],
      [
        0.0,
        0.6666666865348816,
        0.8333333730697632
      ],
      [
        1.0,
        0.3333333432674408,
        0.1666666716337204
      ],
      [
        1.0,
        0.6666666865348816,
        0.8333333730697632
      ],
      [
        0.0,
        1.0,
        0.8333333730697632
      ],
      [
        0.0,
        1.0,
        0.8333333730697632
      ],
      [
        1.0,
        0.3333333432674408,
        0.1666666716337204
      ],
      [
        0.0,
        0.0,
        0.1666666716337204
      ],
      [
        1.0,
        0.0,
        0.1666666716337204
      ],
      [
        0.0,
        1.0,
        0.5
      ],
      [
        0.0,
        0.3333333432674408,
        0.1666666716337204
      ],
      [
        0.0,
        1.0,
        0.8333333730697632
      ],
      [
        0.0,
        0.0,
        0.1666666716337204
      ],
      [
        0.0,
        0.0,
        0.1666666716337204
      ],
      [
        0.0,
        0.6666666865348816,
        0.5
      ],
      [
        1.0,
        0.6666666865348816,
        0.5
      ],
      [
        0.0,
        0.3333333432674408,
        0.1666666716337204
      ],
      [
        0.0,
        0.6666666865348816,
        0.8333333730697632
      ],
      [
        1.0,
        0.0,
        0.1666666716337204
      ]
    ],
    "Precision": [
      [
        0.0,
        0.6666666865348816,
        0.4166666865348816
      ],
      [
        1.0,
        0.3333333432674408,
        0.0
      ],
      [
        0.0,
        0.6666666865348816,
        0.75
      ],
      [
        0.0,
        0.6666666865348816,
        0.0833333358168602
      ],
      [
        1.0,
        0.6666666865348816,
        0.75
      ],
      [
        1.0,
        0.0,
        0.0
      ],
      [
        0.0,
        0.6666666865348816,
        0.8333333730697632
      ],
      [
        1.0,
        0.3333333432674408,
        0.4166666865348816
      ],
      [
        1.0,
        0.6666666865348816,
        0.0
      ],
      [
        0.0,
        0.3333333432674408,
        0.0
      ],
      [
        0.0,
        0.6666666865348816,
        0.4166666865348816
      ],
      [
        0.0,
        0.3333333432674408,
        0.0833333358168602
      ],
      [
        0.0,
        0.6666666865348816,
        0.75
      ],
      [
        1.0,
        0.3333333432674408,
        0.0833333358168602
      ],
      [
        1.0,
        0.6666666865348816,
        0.6666666865348816
      ],
      [
        0.0,
        1.0,
        0.6666666865348816
      ],
      [
        0.0,
        1.0,
        0.75
      ],
      [
        1.0,
        0.3333333432674408,
        0.0
      ],
      [
        0.0,
        0.0,
        0.0
      ],
      [
        1.0,
        0.0,
        0.0
      ],
      [
        0.0,
        1.0,
        0.4166666865348816
      ],
      [
        0.0,
        0.3333333432674408,
        0.0
      ],
      [
        0.0,
        1.0,
        0.75
      ],
      [
        0.0,
        0.0,
        0.0
      ],
      [
        0.0,
        0.0,
        0.0
      ],
      [
        0.0,
        0.6666666865348816,
        0.4166666865348816
      ],
      [
        1.0,
        0.6666666865348816,
        0.4166666865348816
      ],
      [
        0.0,
        0.3333333432674408,
        0.0833333358168602
      ],
      [
        0.0,
        0.6666666865348816,
        0.75
      ],
      [
        1.0,
        0.0,
        0.0
      ]
    ],
    "Recall": [
      [
        0.0,
        0.6666666865348816,
        0.5
      ],
      [
        1.0,
        0.3333333432674408,
        0.0
      ],
      [
        0.0,
        0.6666666865348816,
        0.8333333730697632
      ],
      [
        0.0,
        0.6666666865348816,
        0.1666666716337204
      ],
      [
        1.0,
        0.6666666865348816,
        0.8333333730697632
      ],
      [
        1.0,
        0.0,
        0.0
      ],
      [
        0.0,
        0.6666666865348816,
        1.0
      ],
      [
        1.0,
        0.3333333432674408,
        0.5
      ],
      [
        1.0,
        0.6666666865348816,
        0.0
      ],
      [
        0.0,
        0.3333333432674408,
        0.0
      ],
      [
        0.0,
        0.6666666865348816,
        0.5
      ],
      [
        0.0,
        0.3333333432674408,
        0.1666666716337204
      ],
      [
        0.0,
        0.6666666865348816,
        0.8333333730697632
      ],
      [
        1.0,
        0.3333333432674408,
        0.1666666716337204
      ],
      [
        1.0,
        0.6666666865348816,
        0.6666666865348816
      ],
      [
        0.0,
        1.0,
        0.6666666865348816
      ],
      [
        0.0,
        1.0,
        0.8333333730697632
      ],
      [
        1.0,
        0.3333333432674408,
        0.0
      ],
      [
        0.0,
        0.0,
        0.0
      ],
      [
        1.0,
        0.0,
        0.0
      ],
      [
        0.0,
        1.0,
        0.5
      ],
      [
        0.0,
        0.3333333432674408,
        0.0
      ],
      [
        0.0,
        1.0,
        0.8333333730697632
      ],
      [
        0.0,
        0.0,
        0.0
      ],
      [
        0.0,
        0.0,
        0.0
      ],
      [
        0.0,
        0.6666666865348816,
        0.5
      ],
      [
        1.0,
        0.6666666865348816,
        0.5
      ],
      [
        0.0,
        0.3333333432674408,
        0.1666666716337204
      ],
      [
        0.0,
        0.6666666865348816,
        0.8333333730697632
      ],
      [
        1.0,
        0.0,
        0.0
      ]
    ],