{
  "User": "481",
  "validation_results": {
    "Accuracy": [
      [
        0.699999988079071,
        1.0,
        1.0
      ],
      [
        0.30000001192092896,
        1.0,
        1.0
      ],
      [
        0.30000001192092896,
        1.0,
        1.0
      ],
      [
        0.30000001192092896,
        1.0,
        1.0
      ],
      [
        0.30000001192092896,
        1.0,
        1.0
      ],
      [
        0.30000001192092896,
        1.0,
        1.0
      ],
      [
        0.30000001192092896,
        1.0,
        1.0
      ],
      [
        0.30000001192092896,
        1.0,
        1.0
      ],
      [
        0.30000001192092896,
        1.0,
        1.0
      ],
      [
        0.30000001192092896,
        1.0,
        1.0
      ],
      [
        0.30000001192092896,
        1.0,
        1.0
      ],
      [
        0.30000001192092896,
        1.0,
        1.0
      ],
      [
        0.30000001192092896,
        1.0,
        1.0
      ],
      [
        0.30000001192092896,
        1.0,
        1.0
      ],
      [
        0.30000001192092896,
        1.0,
        1.0
      ],
      [
        0.30000001192092896,
        1.0,
        1.0
      ],
      [
        0.30000001192092896,
        1.0,
        1.0
      ],
      [
        0.30000001192092896,
        1.0,
        1.0
      ],
      [
        0.30000001192092896,
        1.0,
        1.0
      ],
      [
        0.30000001192092896,
        1.0,
        1.0
      ],
      [
        0.30000001192092896,
        1.0,
        1.0
      ],
      [
        0.30000001192092896,
        1.0,
        1.0
      ],
      [
        0.30000001192092896,
        1.0,
        1.0
      ],
      [
        0.30000001192092896,
        1.0,
        1.0
      ],
      [
        0.30000001192092896,
        1.0,
        1.0
      ],
      [
        0.30000001192092896,
        1.0,
        1.0
      ],
      [
        0.30000001192092896,
        1.0,
        1.0
      ],
      [
        0.30000001192092896,
        1.0,
        1.0
      ],
      [
        0.30000001192092896,
        1.0,
        1.0
      ],
      [
        0.30000001192092896,
        1.0,
        1.0
      ]
    ],
    "Precision": [
      [
        0.4000000059604645,
        1.0,
        1.0
      ],
      [
        0.10000000149011612,
        1.0,
        1.0
      ],
      [
        0.10000000149011612,
        1.0,
        1.0
      ],
      [
        0.10000000149011612,
        1.0,
        1.0
      ],
      [
        0.10000000149011612,
        1.0,
        1.0
      ],
      [
        0.10000000149011612,
        1.0,
        1.0
      ],
      [
        0.10000000149011612,
        1.0,
        1.0
      ],
      [
        0.10000000149011612,
        1.0,
        1.0
      ],
      [
        0.10000000149011612,
        1.0,
        1.0
      ],
      [
        0.10000000149011612,
        1.0,
        1.0
      ],
      [
        0.10000000149011612,
        1.0,
        1.0
      ],
      [
        0.10000000149011612,
        1.0,
        1.0
      ],
      [
        0.10000000149011612,
        1.0,
        1.0
      ],
      [
        0.10000000149011612,
        1.0,
        1.0
      ],
      [
        0.10000000149011612,
        1.0,
        1.0
      ],
      [
        0.10000000149011612,
        1.0,
        1.0
      ],
      [
        0.10000000149011612,
        1.0,
        1.0
      ],
      [
        0.10000000149011612,
        1.0,
        1.0
      ],
      [
        0.10000000149011612,
        1.0,
        1.0
      ],
      [
        0.10000000149011612,
        1.0,
        1.0
      ],
      [
        0.10000000149011612,
        1.0,
        1.0
      ],
      [
        0.10000000149011612,
        1.0,
        1.0
      ],
      [
        0.10000000149011612,
        1.0,
        1.0
      ],
      [
        0.10000000149011612,
        1.0,
        1.0
      ],
      [
        0.10000000149011612,
        1.0,
        1.0
      ],
      [
        0.10000000149011612,
        1.0,
        1.0
      ],
      [
        0.10000000149011612,
        1.0,
        1.0
      ],
      [
        0.10000000149011612,
        1.0,
        1.0
      ],
      [
        0.10000000149011612,
        1.0,
        1.0
      ],
      [
        0.10000000149011612,
        1.0,
        1.0
      ]
    ],
    "Recall": [
      [
        0.4000000059604645,
        1.0,
        1.0
      ],
      [
        0.20000000298023224,
        1.0,
        1.0
      ],
      [
        0.20000000298023224,
        1.0,
        1.0
      ],
      [
        0.20000000298023224,
        1.0,
        1.0
      ],
      [
        0.20000000298023224,
        1.0,
        1.0
      ],
      [
        0.20000000298023224,
        1.0,
        1.0
      ],
      [
        0.20000000298023224,
        1.0,
        1.0
      ],
      [
        0.20000000298023224,
        1.0,
        1.0
      ],
      [
        0.20000000298023224,
        1.0,
        1.0
      ],
      [
        0.20000000298023224,
        1.0,
        1.0
      ],
      [
        0.20000000298023224,
        1.0,
        1.0
      ],
      [
        0.20000000298023224,
        1.0,
        1.0
      ],
      [
        0.20000000298023224,
        1.0,
        1.0
      ],
      [
        0.20000000298023224,
        1.0,
        1.0
      ],
      [
        0.20000000298023224,
        1.0,
        1.0
      ],
      [
        0.20000000298023224,
        1.0,
        1.0
      ],
      [
        0.20000000298023224,
        1.0,
        1.0
      ],
      [
        0.20000000298023224,
        1.0,
        1.0
      ],
      [
        0.20000000298023224,
        1.0,
        1.0
      ],
      [
        0.20000000298023224,
        1.0,
        1.0
      ],
      [
        0.20000000298023224,
        1.0,
        1.0
      ],
      [
        0.20000000298023224,
        1.0,
        1.0
      ],
      [
        0.20000000298023224,
        1.0,
        1.0
      ],
      [
        0.20000000298023224,
        1.0,
        1.0
      ],
      [
        0.20000000298023224,
        1.0,
        1.0
      ],
      [
        0.20000000298023224,
        1.0,
        1.0
      ],
      [
        0.20000000298023224,
        1.0,
        1.0
      ],
      [
        0.20000000298023224,
        1.0,
        1.0
      ],
      [
        0.20000000298023224,
        1.0,
        1.0
      ],
      [
        0.20000000298023224,
        1.0,
        1.0
      ]
    ],