{
  "User": "227",
  "validation_results": {
    "Accuracy": [
      [
        0.5,
        0.10000000149011612,
        1.0
      ],
      [
        0.5,
        0.10000000149011612,
        0.0
      ],
      [
        0.5,
        0.10000000149011612,
        0.0
      ],
      [
        0.5,
        0.10000000149011612,
        0.0
      ],
      [
        0.5,
        0.5,
        0.0
      ],
      [
        0.5,
        0.10000000149011612,
        0.0
      ],
      [
        0.5,
        0.10000000149011612,
        0.0
      ],
      [
        0.5,
        0.10000000149011612,
        0.0
      ],
      [
        0.5,
        0.5,
        0.5
      ],
      [
        0.5,
        0.10000000149011612,
        0.0
      ],
      [
        0.5,
        0.10000000149011612,
        0.0
      ],
      [
        0.5,
        0.10000000149011612,
        0.0
      ],
      [
        0.5,
        0.10000000149011612,
        0.0
      ],
      [
        0.5,
        0.10000000149011612,
        0.0
      ],
      [
        0.5,
        0.10000000149011612,
        0.0
      ],
      [
        0.5,
        0.10000000149011612,
        0.0
      ],
      [
        0.5,
        0.10000000149011612,
        0.0
      ],
      [
        0.5,
        0.9000000357627869,
        1.0
      ],
      [
        0.5,
        0.10000000149011612,
        0.0
      ],
      [
        0.5,
        0.10000000149011612,
        0.0
      ],
      [
        0.5,
        0.10000000149011612,
        0.0
      ],
      [
        0.5,
        0.10000000149011612,
        0.0
      ],
      [
        0.5,
        0.10000000149011612,
        0.0
      ],
      [
        0.5,
        0.5,
        1.0
      ],
      [
        0.5,
        0.10000000149011612,
        0.0
      ],
      [
        0.5,
        0.10000000149011612,
        0.0
      ],
      [
        0.5,
        0.10000000149011612,
        0.0
      ],
      [
        0.5,
        0.10000000149011612,
        0.0
      ],
      [
        0.5,
        0.9000000357627869,
        1.0
      ],
      [
        0.5,
        0.10000000149011612,
        0.0
      ]
    ],
    "Precision": [
      [
        0.25,
        0.10000000149011612,
        1.0
      ],
      [
        0.25,
        0.10000000149011612,
        0.0
      ],
      [
        0.25,
        0.10000000149011612,
        0.0
      ],
      [
        0.0,
        0.0,
        0.0
      ],
      [
        0.0,
        0.5,
        0.0
      ],
      [
        0.25,
        0.0,
        0.0
      ],
      [
        0.25,
        0.0,
        0.0
      ],
      [
        0.25,
        0.0,
        0.0
      ],
      [
        0.25,
        0.5,
        0.5
      ],
      [
        0.0,
        0.0,
        0.0
      ],
      [
        0.0,
        0.10000000149011612,
        0.0
      ],
      [
        0.5,
        0.0,
        0.0
      ],
      [
        0.5,
        0.0,
        0.0
      ],
      [
        0.25,
        0.0,
        0.0
      ],
      [
        0.25,
        0.0,
        0.0
      ],
      [
        0.25,
        0.10000000149011612,
        0.0
      ],
      [
        0.25,
        0.10000000149011612,
        0.0
      ],
      [
        0.0,
        0.9000000357627869,
        1.0
      ],
      [
        0.25,
        0.10000000149011612,
        0.0
      ],
      [
        0.25,
        0.10000000149011612,
        0.0
      ],
      [
        0.25,
        0.10000000149011612,
        0.0
      ],
      [
        0.0,
        0.0,
        0.0
      ],
      [
        0.25,
        0.10000000149011612,
        0.0
      ],
      [
        0.0,
        0.5,
        1.0
      ],
      [
        0.25,
        0.10000000149011612,
        0.0
      ],
      [
        0.25,
        0.10000000149011612,
        0.0
      ],
      [
        0.25,
        0.10000000149011612,
        0.0
      ],
      [
        0.25,
        0.0,
        0.0
      ],
      [
        0.25,
        0.9000000357627869,
        1.0
      ],
      [
        0.0,
        0.0,
        0.0
      ]
    ],
    "Recall": [
      [
        0.5,
        0.20000000298023224,
        1.0
      ],
      [
        0.5,
        0.20000000298023224,
        0.0
      ],
      [
        0.5,
        0.20000000298023224,
        0.0
      ],
      [
        0.0,
        0.0,
        0.0
      ],
      [
        0.0,
        0.6000000238418579,
        0.0
      ],
      [
        0.5,
        0.0,
        0.0
      ],
      [
        0.5,
        0.0,
        0.0
      ],
      [
        0.5,
        0.0,
        0.0
      ],
      [
        0.5,
        0.6000000238418579,
        0.5
      ],
      [
        0.0,
        0.0,
        0.0
      ],
      [
        0.0,
        0.20000000298023224,
        0.0
      ],
      [
        1.0,
        0.0,
        0.0
      ],
      [
        1.0,
        0.0,
        0.0
      ],
      [
        0.5,
        0.0,
        0.0
      ],
      [
        0.5,
        0.0,
        0.0
      ],
      [
        0.5,
        0.20000000298023224,
        0.0
      ],
      [
        0.5,
        0.20000000298023224,
        0.0
      ],
      [
        0.0,
        1.0,
        1.0
      ],
      [
        0.5,
        0.20000000298023224,
        0.0
      ],
      [
        0.5,
        0.20000000298023224,
        0.0
      ],
      [
        0.5,
        0.20000000298023224,
        0.0
      ],
      [
        0.0,
        0.0,
        0.0
      ],
      [
        0.5,
        0.20000000298023224,
        0.0
      ],
      [
        0.0,
        0.6000000238418579,
        1.0
      ],
      [
        0.5,
        0.20000000298023224,
        0.0
      ],
      [
        0.5,
        0.20000000298023224,
        0.0
      ],
      [
        0.5,
        0.20000000298023224,
        0.0
      ],
      [
        0.5,
        0.0,
        0.0
      ],
      [
        0.5,
        1.0,
        1.0
      ],
      [
        0.0,
        0.0,
        0.0
      ]
    ],