{
  "User": "447",
  "validation_results": {
    "Accuracy": [
      [
        0.0,
        0.4000000059604645,
        0.4000000059604645
      ],
      [
        1.0,
        0.20000000298023224,
        0.0
      ],
      [
        0.0,
        0.4000000059604645,
        0.4000000059604645
      ],
      [
        0.0,
        0.0,
        0.0
      ],
      [
        0.0,
        0.4000000059604645,
        0.4000000059604645
      ],
      [
        0.0,
        0.0,
        0.0
      ],
      [
        0.0,
        0.4000000059604645,
        0.4000000059604645
      ],
      [
        0.0,
        0.0,
        0.0
      ],
      [
        0.0,
        0.4000000059604645,
        0.4000000059604645
      ],
      [
        1.0,
        0.4000000059604645,
        0.20000000298023224
      ],
      [
        0.0,
        0.4000000059604645,
        0.4000000059604645
      ],
      [
        0.0,
        0.0,
        0.0
      ],
      [
        0.0,
        0.4000000059604645,
        0.0
      ],
      [
        0.0,
        0.20000000298023224,
        0.0
      ],
      [
        0.0,
        0.4000000059604645,
        0.4000000059604645
      ],
      [
        1.0,
        0.20000000298023224,
        0.4000000059604645
      ],
      [
        0.0,
        0.4000000059604645,
        0.20000000298023224
      ],
      [
        0.0,
        0.20000000298023224,
        0.0
      ],
      [
        0.0,
        0.4000000059604645,
        0.4000000059604645
      ],
      [
        0.0,
        0.0,
        0.0
      ],
      [
        0.0,
        0.4000000059604645,
        0.20000000298023224
      ],
      [
        0.0,
        0.20000000298023224,
        0.0
      ],
      [
        0.0,
        0.6000000238418579,
        0.4000000059604645
      ],
      [
        1.0,
        0.20000000298023224,
        0.0
      ],
      [
        0.0,
        0.4000000059604645,
        0.4000000059604645
      ],
      [
        0.0,
        0.6000000238418579,
        0.4000000059604645
      ],
      [
        0.0,
        0.4000000059604645,
        0.0
      ],
      [
        0.0,
        0.0,
        0.0
      ],
      [
        0.0,
        0.0,
        0.20000000298023224
      ],
      [
        0.0,
        0.20000000298023224,
        0.0
      ]
    ],
    "Precision": [
      [
        0.0,
        0.4000000059604645,
        0.4000000059604645
      ],
      [
        1.0,
        0.20000000298023224,
        0.0
      ],
      [
        0.0,
        0.4000000059604645,
        0.4000000059604645
      ],
      [
        0.0,
        0.0,
        0.0
      ],
      [
        0.0,
        0.4000000059604645,
        0.4000000059604645
      ],
      [
        0.0,
        0.0,
        0.0
      ],
      [
        0.0,
        0.4000000059604645,
        0.4000000059604645
      ],
      [
        0.0,
        0.0,
        0.0
      ],
      [
        0.0,
        0.4000000059604645,
        0.4000000059604645
      ],
      [
        1.0,
        0.4000000059604645,
        0.20000000298023224
      ],
      [
        0.0,
        0.4000000059604645,
        0.4000000059604645
      ],
      [
        0.0,
        0.0,
        0.0
      ],
      [
        0.0,
        0.4000000059604645,
        0.0
      ],
      [
        0.0,
        0.20000000298023224,
        0.0
      ],
      [
        0.0,
        0.4000000059604645,
        0.4000000059604645
      ],
      [
        1.0,
        0.20000000298023224,
        0.4000000059604645
      ],
      [
        0.0,
        0.4000000059604645,
        0.20000000298023224
      ],
      [
        0.0,
        0.20000000298023224,
        0.0
      ],
      [
        0.0,
        0.4000000059604645,
        0.4000000059604645
      ],
      [
        0.0,
        0.0,
        0.0
      ],
      [
        0.0,
        0.4000000059604645,
        0.20000000298023224
      ],
      [
        0.0,
        0.20000000298023224,
        0.0
      ],
      [
        0.0,
        0.6000000238418579,
        0.4000000059604645
      ],
      [
        1.0,
        0.20000000298023224,
        0.0
      ],
      [
        0.0,
        0.4000000059604645,
        0.4000000059604645
      ],
      [
        0.0,
        0.6000000238418579,
        0.4000000059604645
      ],
      [
        0.0,
        0.4000000059604645,
        0.0
      ],
      [
        0.0,
        0.0,
        0.0
      ],
      [
        0.0,
        0.0,
        0.20000000298023224
      ],
      [
        0.0,
        0.20000000298023224,
        0.0
      ]
    ],
    "Recall": [
      [
        0.0,
        0.4000000059604645,
        0.4000000059604645
      ],
      [
        1.0,
        0.20000000298023224,
        0.0
      ],
      [
        0.0,
        0.4000000059604645,
        0.4000000059604645
      ],
      [
        0.0,
        0.0,
        0.0
      ],
      [
        0.0,
        0.4000000059604645,
        0.4000000059604645
      ],
      [
        0.0,
        0.0,
        0.0
      ],
      [
        0.0,
        0.4000000059604645,
        0.4000000059604645
      ],
      [
        0.0,
        0.0,
        0.0
      ],
      [
        0.0,
        0.4000000059604645,
        0.4000000059604645
      ],
      [
        1.0,
        0.4000000059604645,
        0.20000000298023224
      ],
      [
        0.0,
        0.4000000059604645,
        0.4000000059604645
      ],
      [
        0.0,
        0.0,
        0.0
      ],
      [
        0.0,
        0.4000000059604645,
        0.0
      ],
      [
        0.0,
        0.20000000298023224,
        0.0
      ],
      [
        0.0,
        0.4000000059604645,
        0.4000000059604645
      ],
      [
        1.0,
        0.20000000298023224,
        0.4000000059604645
      ],
      [
        0.0,
        0.4000000059604645,
        0.20000000298023224
      ],
      [
        0.0,
        0.20000000298023224,
        0.0
      ],
      [
        0.0,
        0.4000000059604645,
        0.4000000059604645
      ],
      [
        0.0,
        0.0,
        0.0
      ],
      [
        0.0,
        0.4000000059604645,
        0.20000000298023224
      ],
      [
        0.0,
        0.20000000298023224,
        0.0
      ],
      [
        0.0,
        0.6000000238418579,
        0.4000000059604645
      ],
      [
        1.0,
        0.20000000298023224,
        0.0
      ],
      [
        0.0,
        0.4000000059604645,
        0.4000000059604645
      ],
      [
        0.0,
        0.6000000238418579,
        0.4000000059604645
      ],
      [
        0.0,
        0.4000000059604645,
        0.0
      ],
      [
        0.0,
        0.0,
        0.0
      ],
      [
        0.0,
        0.0,
        0.20000000298023224
      ],
      [
        0.0,
        0.20000000298023224,
        0.0
      ]
    ],