{
  "User": "500",
  "validation_results": {
    "Accuracy": [
      [
        1.0,
        0.875,
        0.5
      ],
      [
        0.0,
        0.125,
        0.5
      ],
      [
        1.0,
        0.875,
        0.5
      ],
      [
        0.0,
        0.125,
        0.5
      ],
      [
        1.0,
        0.875,
        0.5
      ],
      [
        1.0,
        0.875,
        0.5
      ],
      [
        1.0,
        0.875,
        0.5
      ],
      [
        1.0,
        0.875,
        0.5
      ],
      [
        0.0,
        0.875,
        0.5
      ],
      [
        0.0,
        0.625,
        0.5
      ],
      [
        1.0,
        0.875,
        0.5
      ],
      [
        0.0,
        0.375,
        0.5
      ],
      [
        0.0,
        0.875,
        0.5
      ],
      [
        0.0,
        0.625,
        0.5
      ],
      [
        1.0,
        0.875,
        0.5
      ],
      [
        1.0,
        0.875,
        0.5
      ],
      [
        1.0,
        0.875,
        0.5
      ],
      [
        1.0,
        0.125,
        0.5
      ],
      [
        1.0,
        0.875,
        0.5
      ],
      [
        1.0,
        0.375,
        0.5
      ],
      [
        1.0,
        0.875,
        0.5
      ],
      [
        0.0,
        0.375,
        0.5
      ],
      [
        1.0,
        0.875,
        0.5
      ],
      [
        1.0,
        0.125,
        0.5
      ],
      [
        1.0,
        0.875,
        0.5
      ],
      [
        0.0,
        0.125,
        0.5
      ],
      [
        1.0,
        0.875,
        0.5
      ],
      [
        1.0,
        0.125,
        0.5
      ],
      [
        1.0,
        0.875,
        0.5
      ],
      [
        1.0,
        0.375,
        0.5
      ]
    ],
    "Precision": [
      [
        1.0,
        0.75,
        0.1666666716337204
      ],
      [
        0.0,
        0.0,
        0.25
      ],
      [
        1.0,
        0.8125,
        0.3333333432674408
      ],
      [
        0.0,
        0.0,
        0.0833333358168602
      ],
      [
        1.0,
        0.875,
        0.4166666865348816
      ],
      [
        1.0,
        0.8125,
        0.25
      ],
      [
        1.0,
        0.8125,
        0.25
      ],
      [
        1.0,
        0.75,
        0.25
      ],
      [
        0.0,
        0.75,
        0.3333333432674408
      ],
      [
        0.0,
        0.5,
        0.0833333358168602
      ],
      [
        1.0,
        0.75,
        0.25
      ],
      [
        0.0,
        0.3125,
        0.0833333358168602
      ],
      [
        0.0,
        0.8125,
        0.3333333432674408
      ],
      [
        0.0,
        0.5,
        0.1666666716337204
      ],
      [
        1.0,
        0.875,
        0.3333333432674408
      ],
      [
        1.0,
        0.875,
        0.4166666865348816
      ],
      [
        1.0,
        0.8125,
        0.3333333432674408
      ],
      [
        1.0,
        0.0,
        0.0833333358168602
      ],
      [
        1.0,
        0.8125,
        0.3333333432674408
      ],
      [
        1.0,
        0.25,
        0.0833333358168602
      ],
      [
        1.0,
        0.8125,
        0.3333333432674408
      ],
      [
        0.0,
        0.25,
        0.0833333358168602
      ],
      [
        1.0,
        0.875,
        0.4166666865348816
      ],
      [
        1.0,
        0.0,
        0.0
      ],
      [
        1.0,
        0.8125,
        0.3333333432674408
      ],
      [
        0.0,
        0.0,
        0.0
      ],
      [
        1.0,
        0.75,
        0.1666666716337204
      ],
      [
        1.0,
        0.0,
        0.1666666716337204
      ],
      [
        1.0,
        0.8125,
        0.3333333432674408
      ],
      [
        1.0,
        0.25,
        0.0833333358168602
      ]
    ],
    "Recall": [
      [
        1.0,
        0.75,
        0.3333333432674408
      ],
      [
        0.0,
        0.0,
        0.5
      ],
      [
        1.0,
        0.875,
        0.6666666865348816
      ],
      [
        0.0,
        0.0,
        0.1666666716337204
      ],
      [
        1.0,
        1.0,
        0.8333333730697632
      ],
      [
        1.0,
        0.875,
        0.5
      ],
      [
        1.0,
        0.875,
        0.5
      ],
      [
        1.0,
        0.75,
        0.5
      ],
      [
        0.0,
        0.75,
        0.6666666865348816
      ],
      [
        0.0,
        0.5,
        0.1666666716337204
      ],
      [
        1.0,
        0.75,
        0.5
      ],
      [
        0.0,
        0.375,
        0.1666666716337204
      ],
      [
        0.0,
        0.875,
        0.6666666865348816
      ],
      [
        0.0,
        0.5,
        0.3333333432674408
      ],
      [
        1.0,
        1.0,
        0.6666666865348816
      ],
      [
        1.0,
        1.0,
        0.8333333730697632
      ],
      [
        1.0,
        0.875,
        0.6666666865348816
      ],
      [
        1.0,
        0.0,
        0.1666666716337204
      ],
      [
        1.0,
        0.875,
        0.6666666865348816
      ],
      [
        1.0,
        0.25,
        0.1666666716337204
      ],
      [
        1.0,
        0.875,
        0.6666666865348816
      ],
      [
        0.0,
        0.25,
        0.1666666716337204
      ],
      [
        1.0,
        1.0,
        0.8333333730697632
      ],
      [
        1.0,
        0.0,
        0.0
      ],
      [
        1.0,
        0.875,
        0.6666666865348816
      ],
      [
        0.0,
        0.0,
        0.0
      ],
      [
        1.0,
        0.75,
        0.3333333432674408
      ],
      [
        1.0,
        0.0,
        0.3333333432674408
      ],
      [
        1.0,
        0.875,
        0.6666666865348816
      ],
      [
        1.0,
        0.25,
        0.1666666716337204
      ]
    ],