{
  "User": "125",
  "validation_results": {
    "Accuracy": [
      [
        0.7333333492279053,
        0.0,
        1.0
      ],
      [
        0.13333334028720856,
        0.0,
        1.0
      ],
      [
        0.8666666746139526,
        1.0,
        1.0
      ],
      [
        0.13333334028720856,
        0.0,
        0.0
      ],
      [
        0.7333333492279053,
        1.0,
        1.0
      ],
      [
        0.13333334028720856,
        0.0,
        0.0
      ],
      [
        0.7333333492279053,
        1.0,
        1.0
      ],
      [
        0.7333333492279053,
        1.0,
        1.0
      ],
      [
        0.7333333492279053,
        1.0,
        1.0
      ],
      [
        0.7333333492279053,
        0.0,
        0.0
      ],
      [
        0.8666666746139526,
        1.0,
        1.0
      ],
      [
        0.13333334028720856,
        1.0,
        0.0
      ],
      [
        0.8666666746139526,
        1.0,
        1.0
      ],
      [
        0.8666666746139526,
        0.0,
        0.0
      ],
      [
        0.8666666746139526,
        1.0,
        1.0
      ],
      [
        0.7333333492279053,
        1.0,
        1.0
      ],
      [
        0.7333333492279053,
        1.0,
        1.0
      ],
      [
        0.2666666805744171,
        0.0,
        0.0
      ],
      [
        0.7333333492279053,
        0.0,
        1.0
      ],
      [
        0.7333333492279053,
        0.0,
        0.0
      ],
      [
        0.8666666746139526,
        1.0,
        1.0
      ],
      [
        0.2666666805744171,
        0.0,
        0.0
      ],
      [
        0.8666666746139526,
        1.0,
        1.0
      ],
      [
        0.8666666746139526,
        1.0,
        1.0
      ],
      [
        0.8666666746139526,
        1.0,
        1.0
      ],
      [
        0.7333333492279053,
        0.0,
        1.0
      ],
      [
        0.8666666746139526,
        1.0,
        1.0
      ],
      [
        0.7333333492279053,
        0.0,
        0.0
      ],
      [
        0.8666666746139526,
        1.0,
        1.0
      ],
      [
        0.8666666746139526,
        0.0,
        1.0
      ]
    ],
    "Precision": [
      [
        0.6000000238418579,
        0.0,
        1.0
      ],
      [
        0.0,
        0.0,
        1.0
      ],
      [
        0.8666666746139526,
        1.0,
        1.0
      ],
      [
        0.0,
        0.0,
        0.0
      ],
      [
        0.6000000238418579,
        1.0,
        1.0
      ],
      [
        0.0,
        0.0,
        0.0
      ],
      [
        0.6000000238418579,
        1.0,
        1.0
      ],
      [
        0.6000000238418579,
        1.0,
        1.0
      ],
      [
        0.6000000238418579,
        1.0,
        1.0
      ],
      [
        0.6000000238418579,
        0.0,
        0.0
      ],
      [
        0.8666666746139526,
        1.0,
        1.0
      ],
      [
        0.0,
        1.0,
        0.0
      ],
      [
        0.8666666746139526,
        1.0,
        1.0
      ],
      [
        0.8666666746139526,
        0.0,
        0.0
      ],
      [
        0.8666666746139526,
        1.0,
        1.0
      ],
      [
        0.6000000238418579,
        1.0,
        1.0
      ],
      [
        0.6000000238418579,
        1.0,
        1.0
      ],
      [
        0.2666666805744171,
        0.0,
        0.0
      ],
      [
        0.6000000238418579,
        0.0,
        1.0
      ],
      [
        0.6000000238418579,
        0.0,
        0.0
      ],
      [
        0.8666666746139526,
        1.0,
        1.0
      ],
      [
        0.2666666805744171,
        0.0,
        0.0
      ],
      [
        0.8666666746139526,
        1.0,
        1.0
      ],
      [
        0.8666666746139526,
        1.0,
        1.0
      ],
      [
        0.8666666746139526,
        1.0,
        1.0
      ],
      [
        0.6000000238418579,
        0.0,
        1.0
      ],
      [
        0.8666666746139526,
        1.0,
        1.0
      ],
      [
        0.6000000238418579,
        0.0,
        0.0
      ],
      [
        0.8666666746139526,
        1.0,
        1.0
      ],
      [
        0.8666666746139526,
        0.0,
        1.0
      ]
    ],
    "Recall": [
      [
        0.6000000238418579,
        0.0,
        1.0
      ],
      [
        0.0,
        0.0,
        1.0
      ],
      [
        1.0,
        1.0,
        1.0
      ],
      [
        0.0,
        0.0,
        0.0
      ],
      [
        0.6000000238418579,
        1.0,
        1.0
      ],
      [
        0.0,
        0.0,
        0.0
      ],
      [
        0.6000000238418579,
        1.0,
        1.0
      ],
      [
        0.6000000238418579,
        1.0,
        1.0
      ],
      [
        0.6000000238418579,
        1.0,
        1.0
      ],
      [
        0.6000000238418579,
        0.0,
        0.0
      ],
      [
        1.0,
        1.0,
        1.0
      ],
      [
        0.0,
        1.0,
        0.0
      ],
      [
        1.0,
        1.0,
        1.0
      ],
      [
        1.0,
        0.0,
        0.0
      ],
      [
        1.0,
        1.0,
        1.0
      ],
      [
        0.6000000238418579,
        1.0,
        1.0
      ],
      [
        0.6000000238418579,
        1.0,
        1.0
      ],
      [
        0.4000000059604645,
        0.0,
        0.0
      ],
      [
        0.6000000238418579,
        0.0,
        1.0
      ],
      [
        0.6000000238418579,
        0.0,
        0.0
      ],
      [
        1.0,
        1.0,
        1.0
      ],
      [
        0.4000000059604645,
        0.0,
        0.0
      ],
      [
        1.0,
        1.0,
        1.0
      ],
      [
        1.0,
        1.0,
        1.0
      ],
      [
        1.0,
        1.0,
        1.0
      ],
      [
        0.6000000238418579,
        0.0,
        1.0
      ],
      [
        1.0,
        1.0,
        1.0
      ],
      [
        0.6000000238418579,
        0.0,
        0.0
      ],
      [
        1.0,
        1.0,
        1.0
      ],
      [
        1.0,
        0.0,
        1.0
      ]
    ],