{
  "User": "256",
  "validation_results": {
    "Accuracy": [
      [
        0.9166666865348816,
        1.0,
        1.0
      ],
      [
        0.9166666865348816,
        1.0,
        1.0
      ],
      [
        0.9166666865348816,
        1.0,
        1.0
      ],
      [
        0.9166666865348816,
        1.0,
        1.0
      ],
      [
        0.9166666865348816,
        1.0,
        1.0
      ],
      [
        0.1666666716337204,
        1.0,
        1.0
      ],
      [
        0.9166666865348816,
        1.0,
        1.0
      ],
      [
        0.9166666865348816,
        0.0,
        1.0
      ],
      [
        0.9166666865348816,
        1.0,
        1.0
      ],
      [
        0.1666666716337204,
        1.0,
        1.0
      ],
      [
        0.9166666865348816,
        1.0,
        1.0
      ],
      [
        0.1666666716337204,
        1.0,
        1.0
      ],
      [
        0.9166666865348816,
        1.0,
        1.0
      ],
      [
        0.1666666716337204,
        1.0,
        0.0
      ],
      [
        0.9166666865348816,
        1.0,
        1.0
      ],
      [
        0.0833333358168602,
        0.0,
        0.0
      ],
      [
        0.9166666865348816,
        1.0,
        1.0
      ],
      [
        0.1666666716337204,
        0.0,
        0.0
      ],
      [
        0.9166666865348816,
        1.0,
        1.0
      ],
      [
        0.9166666865348816,
        0.0,
        1.0
      ],
      [
        0.9166666865348816,
        1.0,
        1.0
      ],
      [
        0.9166666865348816,
        0.0,
        0.0
      ],
      [
        0.9166666865348816,
        1.0,
        1.0
      ],
      [
        0.9166666865348816,
        0.0,
        0.0
      ],
      [
        0.9166666865348816,
        1.0,
        1.0
      ],
      [
        0.9166666865348816,
        0.0,
        0.0
      ],
      [
        0.9166666865348816,
        1.0,
        1.0
      ],
      [
        0.9166666865348816,
        1.0,
        1.0
      ],
      [
        0.9166666865348816,
        1.0,
        1.0
      ],
      [
        0.0833333358168602,
        1.0,
        0.0
      ]
    ],
    "Precision": [
      [
        0.75,
        1.0,
        1.0
      ],
      [
        0.75,
        1.0,
        1.0
      ],
      [
        0.75,
        1.0,
        1.0
      ],
      [
        0.75,
        1.0,
        1.0
      ],
      [
        0.75,
        1.0,
        1.0
      ],
      [
        0.0,
        1.0,
        1.0
      ],
      [
        0.75,
        1.0,
        1.0
      ],
      [
        0.75,
        0.0,
        1.0
      ],
      [
        0.75,
        1.0,
        1.0
      ],
      [
        0.0,
        1.0,
        1.0
      ],
      [
        0.75,
        1.0,
        1.0
      ],
      [
        0.0,
        1.0,
        1.0
      ],
      [
        0.75,
        1.0,
        1.0
      ],
      [
        0.0,
        1.0,
        0.0
      ],
      [
        0.75,
        1.0,
        1.0
      ],
      [
        0.0833333358168602,
        0.0,
        0.0
      ],
      [
        0.75,
        1.0,
        1.0
      ],
      [
        0.0,
        0.0,
        0.0
      ],
      [
        0.75,
        1.0,
        1.0
      ],
      [
        0.75,
        0.0,
        1.0
      ],
      [
        0.75,
        1.0,
        1.0
      ],
      [
        0.75,
        0.0,
        0.0
      ],
      [
        0.75,
        1.0,
        1.0
      ],
      [
        0.75,
        0.0,
        0.0
      ],
      [
        0.75,
        1.0,
        1.0
      ],
      [
        0.75,
        0.0,
        0.0
      ],
      [
        0.75,
        1.0,
        1.0
      ],
      [
        0.75,
        1.0,
        1.0
      ],
      [
        0.75,
        1.0,
        1.0
      ],
      [
        0.0833333358168602,
        1.0,
        0.0
      ]
    ],
    "Recall": [
      [
        0.75,
        1.0,
        1.0
      ],
      [
        0.75,
        1.0,
        1.0
      ],
      [
        0.75,
        1.0,
        1.0
      ],
      [
        0.75,
        1.0,
        1.0
      ],
      [
        0.75,
        1.0,
        1.0
      ],
      [
        0.0,
        1.0,
        1.0
      ],
      [
        0.75,
        1.0,
        1.0
      ],
      [
        0.75,
        0.0,
        1.0
      ],
      [
        0.75,
        1.0,
        1.0
      ],
      [
        0.0,
        1.0,
        1.0
      ],
      [
        0.75,
        1.0,
        1.0
      ],
      [
        0.0,
        1.0,
        1.0
      ],
      [
        0.75,
        1.0,
        1.0
      ],
      [
        0.0,
        1.0,
        0.0
      ],
      [
        0.75,
        1.0,
        1.0
      ],
      [
        0.25,
        0.0,
        0.0
      ],
      [
        0.75,
        1.0,
        1.0
      ],
      [
        0.0,
        0.0,
        0.0
      ],
      [
        0.75,
        1.0,
        1.0
      ],
      [
        0.75,
        0.0,
        1.0
      ],
      [
        0.75,
        1.0,
        1.0
      ],
      [
        0.75,
        0.0,
        0.0
      ],
      [
        0.75,
        1.0,
        1.0
      ],
      [
        0.75,
        0.0,
        0.0
      ],
      [
        0.75,
        1.0,
        1.0
      ],
      [
        0.75,
        0.0,
        0.0
      ],
      [
        0.75,
        1.0,
        1.0
      ],
      [
        0.75,
        1.0,
        1.0
      ],
      [
        0.75,
        1.0,
        1.0
      ],
      [
        0.25,
        1.0,
        0.0
      ]
    ],
    "F1Score": [
      [
        0.75,
        1.0,
        1.0
      ],
      [
        0.75,
        1.0,
        1.0
      ],
      [
        0.75,
        1.0,
        1.0
      ],
      [
        0.75,
        1.0,
        1.0
      ],
      [
        0.75,
        1.0,
        1.0
      ],
      [
        0.0,
        1.0,
        1.0
      ],
      [
        0.75,
        1.0,
        1.0
      ],
      [
        0.75,
        0.0,
        1.0
      ],
      [
        0.75,
        1.0,
        1.0
      ],
      [
        0.0,
        1.0,
        1.0
      ],
      [
        0.75,
        1.0,
        1.0
      ],
      [
        0.0,
        1.0,
        1.0
      ],
      [
        0.75,
        1.0,
        1.0
      ],
      [
        0.0,
        1.0,
        0.0
      ],
      [
        0.75,
        1.0,
        1.0
      ],
      [
        0.125,
        0.0,
        0.0
      ],
      [
        0.75,
        1.0,
        1.0
      ],
      [
        0.0,
        0.0,
        0.0
      ],
      [
        0.75,
        1.0,
        1.0
      ],
      [
        0.75,
        0.0,
        1.0
      ],
      [
        0.75,
        1.0,
        1.0
      ],
      [
        0.75,
        0.0,
        0.0
      ],
      [
        0.75,
        1.0,
        1.0
      ],
      [
        0.75,
        0.0,
        0.0
      ],
      [
        0.75,
        1.0,
        1.0
      ],
      [
        0.75,
        0.0,
        0.0
      ],
      [
        0.75,
        1.0,
        1.0
      ],
      [
        0.75,
        1.0,
        1.0
      ],
      [
        0.75,
        1.0,
        1.0
      ],
      [
        0.125,
        1.0,
        0.0
      ]
    ],
    "info_prec": [
      0.0,
      0.0,
      0.0,
      0.0,
      0.0,
      0.16666666666666666,
      0.0,
      0.0,
      0.0,
      0.0,
      0.3333333333333333,
      0.0,
      0.0,
      0.16666666666666666,
      0.0,
      0.16666666666666666,
      0.0,
      0.16666666666666666,
      0.3333333333333333,
      0.0,
      0.16666666666666666,
      0.3333333333333333,
      0.3333333333333333,
      0.3333333333333333,
      0.0,
      0.3333333333333333,
      0.3333333333333333,
      0.0,
      0.3333333333333333,
      0.3333333333333333
    ],