{
  "User": "57",
  "validation_results": {
    "Accuracy": [
      [
        0.4444444477558136,
        1.0,
        0.5
      ],
      [
        0.7037037014961243,
        1.0,
        1.0
      ],
      [
        0.5555555820465088,
        1.0,
        1.0
      ],
      [
        0.5555555820465088,
        1.0,
        1.0
      ],
      [
        0.5555555820465088,
        1.0,
        1.0
      ],
      [
        0.6296296119689941,
        1.0,
        1.0
      ],
      [
        0.6296296119689941,
        1.0,
        1.0
      ],
      [
        0.6296296119689941,
        1.0,
        1.0
      ],
      [
        0.5555555820465088,
        1.0,
        1.0
      ],
      [
        0.6296296119689941,
        1.0,
        1.0
      ],
      [
        0.5555555820465088,
        1.0,
        1.0
      ],
      [
        0.5555555820465088,
        1.0,
        1.0
      ],
      [
        0.5555555820465088,
        1.0,
        1.0
      ],
      [
        0.5555555820465088,
        1.0,
        1.0
      ],
      [
        0.5555555820465088,
        1.0,
        1.0
      ],
      [
        0.5555555820465088,
        1.0,
        1.0
      ],
      [
        0.5555555820465088,
        1.0,
        1.0
      ],
      [
        0.5555555820465088,
        1.0,
        1.0
      ],
      [
        0.5555555820465088,
        1.0,
        1.0
      ],
      [
        0.6296296119689941,
        1.0,
        1.0
      ],
      [
        0.5555555820465088,
        1.0,
        1.0
      ],
      [
        0.6296296119689941,
        1.0,
        1.0
      ],
      [
        0.6296296119689941,
        1.0,
        1.0
      ],
      [
        0.6296296119689941,
        1.0,
        1.0
      ],
      [
        0.6296296119689941,
        1.0,
        1.0
      ],
      [
        0.6296296119689941,
        1.0,
        1.0
      ],
      [
        0.6296296119689941,
        1.0,
        1.0
      ],
      [
        0.6296296119689941,
        1.0,
        1.0
      ],
      [
        0.6296296119689941,
        1.0,
        1.0
      ],
      [
        0.6296296119689941,
        1.0,
        1.0
      ]
    ],
    "Precision": [
      [
        0.4444444477558136,
        1.0,
        0.5
      ],
      [
        0.6296296119689941,
        1.0,
        1.0
      ],
      [
        0.3333333432674408,
        1.0,
        1.0
      ],
      [
        0.3333333432674408,
        1.0,
        1.0
      ],
      [
        0.3333333432674408,
        1.0,
        1.0
      ],
      [
        0.48148149251937866,
        1.0,
        1.0
      ],
      [
        0.48148149251937866,
        1.0,
        1.0
      ],
      [
        0.48148149251937866,
        1.0,
        1.0
      ],
      [
        0.3333333432674408,
        1.0,
        1.0
      ],
      [
        0.48148149251937866,
        1.0,
        1.0
      ],
      [
        0.3333333432674408,
        1.0,
        1.0
      ],
      [
        0.3333333432674408,
        1.0,
        1.0
      ],
      [
        0.3333333432674408,
        1.0,
        1.0
      ],
      [
        0.3333333432674408,
        1.0,
        1.0
      ],
      [
        0.3333333432674408,
        1.0,
        1.0
      ],
      [
        0.3333333432674408,
        1.0,
        1.0
      ],
      [
        0.3333333432674408,
        1.0,
        1.0
      ],
      [
        0.3333333432674408,
        1.0,
        1.0
      ],
      [
        0.3333333432674408,
        1.0,
        1.0
      ],
      [
        0.48148149251937866,
        1.0,
        1.0
      ],
      [
        0.3333333432674408,
        1.0,
        1.0
      ],
      [
        0.48148149251937866,
        1.0,
        1.0
      ],
      [
        0.48148149251937866,
        1.0,
        1.0
      ],
      [
        0.48148149251937866,
        1.0,
        1.0
      ],
      [
        0.48148149251937866,
        1.0,
        1.0
      ],
      [
        0.48148149251937866,
        1.0,
        1.0
      ],
      [
        0.48148149251937866,
        1.0,
        1.0
      ],
      [
        0.48148149251937866,
        1.0,
        1.0
      ],
      [
        0.48148149251937866,
        1.0,
        1.0
      ],
      [
        0.48148149251937866,
        1.0,
        1.0
      ]
    ],
    "Recall": [
      [
        0.6666666865348816,
        1.0,
        0.5
      ],
      [
        0.7777777910232544,
        1.0,
        1.0
      ],
      [
        0.3333333432674408,
        1.0,
        1.0
      ],
      [
        0.3333333432674408,
        1.0,
        1.0
      ],
      [
        0.3333333432674408,
        1.0,
        1.0
      ],
      [
        0.5555555820465088,
        1.0,
        1.0
      ],
      [
        0.5555555820465088,
        1.0,
        1.0
      ],
      [
        0.5555555820465088,
        1.0,
        1.0
      ],
      [
        0.3333333432674408,
        1.0,
        1.0
      ],
      [
        0.5555555820465088,
        1.0,
        1.0
      ],
      [
        0.3333333432674408,
        1.0,
        1.0
      ],
      [
        0.3333333432674408,
        1.0,
        1.0
      ],
      [
        0.3333333432674408,
        1.0,
        1.0
      ],
      [
        0.3333333432674408,
        1.0,
        1.0
      ],
      [
        0.3333333432674408,
        1.0,
        1.0
      ],
      [
        0.3333333432674408,
        1.0,
        1.0
      ],
      [
        0.3333333432674408,
        1.0,
        1.0
      ],
      [
        0.3333333432674408,
        1.0,
        1.0
      ],
      [
        0.3333333432674408,
        1.0,
        1.0
      ],
      [
        0.5555555820465088,
        1.0,
        1.0
      ],
      [
        0.3333333432674408,
        1.0,
        1.0
      ],
      [
        0.5555555820465088,
        1.0,
        1.0
      ],
      [
        0.5555555820465088,
        1.0,
        1.0
      ],
      [
        0.5555555820465088,
        1.0,
        1.0
      ],
      [
        0.5555555820465088,
        1.0,
        1.0
      ],
      [
        0.5555555820465088,
        1.0,
        1.0
      ],
      [
        0.5555555820465088,
        1.0,
        1.0
      ],
      [
        0.5555555820465088,
        1.0,
        1.0
      ],
      [
        0.5555555820465088,
        1.0,
        1.0
      ],
      [
        0.5555555820465088,
        1.0,
        1.0
      ]
    ],