{
  "User": "513",
  "validation_results": {
    "Accuracy": [
      [
        0.0,
        0.4000000059604645,
        0.0
      ],
      [
        0.0,
        0.6000000238418579,
        0.0
      ],
      [
        0.5,
        0.0,
        0.0
      ],
      [
        0.5,
        0.20000000298023224,
        0.0
      ],
      [
        0.5,
        0.0,
        0.0
      ],
      [
        0.0,
        0.0,
        0.0
      ],
      [
        0.5,
        0.0,
        0.0
      ],
      [
        0.5,
        0.20000000298023224,
        0.0
      ],
      [
        0.5,
        0.20000000298023224,
        0.25
      ],
      [
        0.0,
        0.0,
        0.0
      ],
      [
        0.5,
        0.4000000059604645,
        0.0
      ],
      [
        0.5,
        0.20000000298023224,
        0.0
      ],
      [
        0.5,
        0.4000000059604645,
        0.25
      ],
      [
        0.5,
        0.20000000298023224,
        0.25
      ],
      [
        0.5,
        0.20000000298023224,
        0.25
      ],
      [
        0.5,
        0.20000000298023224,
        0.0
      ],
      [
        0.5,
        0.20000000298023224,
        0.0
      ],
      [
        0.5,
        0.20000000298023224,
        0.0
      ],
      [
        0.5,
        0.20000000298023224,
        0.0
      ],
      [
        0.5,
        0.20000000298023224,
        0.0
      ],
      [
        0.5,
        0.20000000298023224,
        0.0
      ],
      [
        0.5,
        0.20000000298023224,
        0.5
      ],
      [
        0.5,
        0.6000000238418579,
        0.0
      ],
      [
        0.5,
        0.6000000238418579,
        0.0
      ],
      [
        0.5,
        0.20000000298023224,
        0.0
      ],
      [
        0.5,
        0.0,
        0.0
      ],
      [
        0.5,
        0.0,
        0.0
      ],
      [
        0.5,
        0.0,
        0.0
      ],
      [
        0.0,
        0.20000000298023224,
        0.0
      ],
      [
        0.0,
        0.4000000059604645,
        0.5
      ]
    ],
    "Precision": [
      [
        0.0,
        0.4000000059604645,
        0.0
      ],
      [
        0.0,
        0.6000000238418579,
        0.0
      ],
      [
        0.5,
        0.0,
        0.0
      ],
      [
        0.5,
        0.20000000298023224,
        0.0
      ],
      [
        0.5,
        0.0,
        0.0
      ],
      [
        0.0,
        0.0,
        0.0
      ],
      [
        0.5,
        0.0,
        0.0
      ],
      [
        0.5,
        0.20000000298023224,
        0.0
      ],
      [
        0.5,
        0.20000000298023224,
        0.25
      ],
      [
        0.0,
        0.0,
        0.0
      ],
      [
        0.5,
        0.4000000059604645,
        0.0
      ],
      [
        0.5,
        0.20000000298023224,
        0.0
      ],
      [
        0.5,
        0.4000000059604645,
        0.25
      ],
      [
        0.5,
        0.20000000298023224,
        0.25
      ],
      [
        0.5,
        0.20000000298023224,
        0.25
      ],
      [
        0.5,
        0.20000000298023224,
        0.0
      ],
      [
        0.5,
        0.20000000298023224,
        0.0
      ],
      [
        0.5,
        0.20000000298023224,
        0.0
      ],
      [
        0.5,
        0.20000000298023224,
        0.0
      ],
      [
        0.5,
        0.20000000298023224,
        0.0
      ],
      [
        0.5,
        0.20000000298023224,
        0.0
      ],
      [
        0.5,
        0.20000000298023224,
        0.5
      ],
      [
        0.5,
        0.6000000238418579,
        0.0
      ],
      [
        0.5,
        0.6000000238418579,
        0.0
      ],
      [
        0.5,
        0.20000000298023224,
        0.0
      ],
      [
        0.5,
        0.0,
        0.0
      ],
      [
        0.5,
        0.0,
        0.0
      ],
      [
        0.5,
        0.0,
        0.0
      ],
      [
        0.0,
        0.20000000298023224,
        0.0
      ],
      [
        0.0,
        0.4000000059604645,
        0.5
      ]
    ],
    "Recall": [
      [
        0.0,
        0.4000000059604645,
        0.0
      ],
      [
        0.0,
        0.6000000238418579,
        0.0
      ],
      [
        0.5,
        0.0,
        0.0
      ],
      [
        0.5,
        0.20000000298023224,
        0.0
      ],
      [
        0.5,
        0.0,
        0.0
      ],
      [
        0.0,
        0.0,
        0.0
      ],
      [
        0.5,
        0.0,
        0.0
      ],
      [
        0.5,
        0.20000000298023224,
        0.0
      ],
      [
        0.5,
        0.20000000298023224,
        0.25
      ],
      [
        0.0,
        0.0,
        0.0
      ],
      [
        0.5,
        0.4000000059604645,
        0.0
      ],
      [
        0.5,
        0.20000000298023224,
        0.0
      ],
      [
        0.5,
        0.4000000059604645,
        0.25
      ],
      [
        0.5,
        0.20000000298023224,
        0.25
      ],
      [
        0.5,
        0.20000000298023224,
        0.25
      ],
      [
        0.5,
        0.20000000298023224,
        0.0
      ],
      [
        0.5,
        0.20000000298023224,
        0.0
      ],
      [
        0.5,
        0.20000000298023224,
        0.0
      ],
      [
        0.5,
        0.20000000298023224,
        0.0
      ],
      [
        0.5,
        0.20000000298023224,
        0.0
      ],
      [
        0.5,
        0.20000000298023224,
        0.0
      ],
      [
        0.5,
        0.20000000298023224,
        0.5
      ],
      [
        0.5,
        0.6000000238418579,
        0.0
      ],
      [
        0.5,
        0.6000000238418579,
        0.0
      ],
      [
        0.5,
        0.20000000298023224,
        0.0
      ],
      [
        0.5,
        0.0,
        0.0
      ],
      [
        0.5,
        0.0,
        0.0
      ],
      [
        0.5,
        0.0,
        0.0
      ],
      [
        0.0,
        0.20000000298023224,
        0.0
      ],
      [
        0.0,
        0.4000000059604645,
        0.5
      ]
    ],