{
  "User": "240",
  "validation_results": {
    "Accuracy": [
      [
        0.0,
        1.0,
        0.5
      ],
      [
        0.0,
        0.6666666865348816,
        0.8999999761581421
      ],
      [
        1.0,
        1.0,
        0.8999999761581421
      ],
      [
        1.0,
        1.0,
        0.10000000149011612
      ],
      [
        1.0,
        0.8333333730697632,
        0.8999999761581421
      ],
      [
        1.0,
        0.0,
        0.10000000149011612
      ],
      [
        1.0,
        0.3333333432674408,
        0.5
      ],
      [
        1.0,
        1.0,
        0.5
      ],
      [
        0.0,
        0.3333333432674408,
        0.10000000149011612
      ],
      [
        0.0,
        0.0,
        0.10000000149011612
      ],
      [
        1.0,
        1.0,
        0.8999999761581421
      ],
      [
        1.0,
        0.0,
        0.10000000149011612
      ],
      [
        1.0,
        1.0,
        0.5
      ],
      [
        0.0,
        0.0,
        0.10000000149011612
      ],
      [
        0.0,
        1.0,
        0.8999999761581421
      ],
      [
        0.0,
        1.0,
        0.5
      ],
      [
        0.0,
        1.0,
        0.8999999761581421
      ],
      [
        1.0,
        0.6666666865348816,
        0.5
      ],
      [
        1.0,
        1.0,
        0.8999999761581421
      ],
      [
        1.0,
        0.3333333432674408,
        0.10000000149011612
      ],
      [
        1.0,
        1.0,
        0.5
      ],
      [
        1.0,
        0.3333333432674408,
        0.5
      ],
      [
        1.0,
        1.0,
        0.5
      ],
      [
        1.0,
        0.0,
        0.10000000149011612
      ],
      [
        1.0,
        0.6666666865348816,
        0.8999999761581421
      ],
      [
        1.0,
        0.0,
        0.10000000149011612
      ],
      [
        1.0,
        0.6666666865348816,
        0.5
      ],
      [
        1.0,
        1.0,
        0.10000000149011612
      ],
      [
        0.0,
        1.0,
        0.8999999761581421
      ],
      [
        1.0,
        0.0,
        0.10000000149011612
      ]
    ],
    "Precision": [
      [
        0.0,
        1.0,
        0.4000000059604645
      ],
      [
        0.0,
        0.6666666865348816,
        0.800000011920929
      ],
      [
        1.0,
        1.0,
        0.8999999761581421
      ],
      [
        1.0,
        1.0,
        0.0
      ],
      [
        1.0,
        1.0,
        0.8999999761581421
      ],
      [
        1.0,
        0.0,
        0.0
      ],
      [
        1.0,
        0.3333333432674408,
        0.4000000059604645
      ],
      [
        1.0,
        1.0,
        0.4000000059604645
      ],
      [
        0.0,
        0.3333333432674408,
        0.0
      ],
      [
        0.0,
        0.0,
        0.0
      ],
      [
        1.0,
        1.0,
        0.8999999761581421
      ],
      [
        1.0,
        0.0,
        0.0
      ],
      [
        1.0,
        1.0,
        0.5
      ],
      [
        0.0,
        0.0,
        0.0
      ],
      [
        0.0,
        1.0,
        0.8999999761581421
      ],
      [
        0.0,
        1.0,
        0.4000000059604645
      ],
      [
        0.0,
        1.0,
        0.800000011920929
      ],
      [
        1.0,
        0.6666666865348816,
        0.4000000059604645
      ],
      [
        1.0,
        1.0,
        0.8999999761581421
      ],
      [
        1.0,
        0.3333333432674408,
        0.0
      ],
      [
        1.0,
        1.0,
        0.4000000059604645
      ],
      [
        1.0,
        0.3333333432674408,
        0.4000000059604645
      ],
      [
        1.0,
        1.0,
        0.4000000059604645
      ],
      [
        1.0,
        0.0,
        0.0
      ],
      [
        1.0,
        0.6666666865348816,
        0.800000011920929
      ],
      [
        1.0,
        0.0,
        0.0
      ],
      [
        1.0,
        0.6666666865348816,
        0.4000000059604645
      ],
      [
        1.0,
        1.0,
        0.0
      ],
      [
        0.0,
        1.0,
        0.800000011920929
      ],
      [
        1.0,
        0.0,
        0.10000000149011612
      ]
    ],
    "Recall": [
      [
        0.0,
        1.0,
        0.4000000059604645
      ],
      [
        0.0,
        0.6666666865348816,
        0.800000011920929
      ],
      [
        1.0,
        1.0,
        1.0
      ],
      [
        1.0,
        1.0,
        0.0
      ],
      [
        1.0,
        0.8333333730697632,
        1.0
      ],
      [
        1.0,
        0.0,
        0.0
      ],
      [
        1.0,
        0.3333333432674408,
        0.4000000059604645
      ],
      [
        1.0,
        1.0,
        0.4000000059604645
      ],
      [
        0.0,
        0.3333333432674408,
        0.0
      ],
      [
        0.0,
        0.0,
        0.0
      ],
      [
        1.0,
        1.0,
        1.0
      ],
      [
        1.0,
        0.0,
        0.0
      ],
      [
        1.0,
        1.0,
        0.6000000238418579
      ],
      [
        0.0,
        0.0,
        0.0
      ],
      [
        0.0,
        1.0,
        1.0
      ],
      [
        0.0,
        1.0,
        0.4000000059604645
      ],
      [
        0.0,
        1.0,
        0.800000011920929
      ],
      [
        1.0,
        0.6666666865348816,
        0.4000000059604645
      ],
      [
        1.0,
        1.0,
        1.0
      ],
      [
        1.0,
        0.3333333432674408,
        0.0
      ],
      [
        1.0,
        1.0,
        0.4000000059604645
      ],
      [
        1.0,
        0.3333333432674408,
        0.4000000059604645
      ],
      [
        1.0,
        1.0,
        0.4000000059604645
      ],
      [
        1.0,
        0.0,
        0.0
      ],
      [
        1.0,
        0.6666666865348816,
        0.800000011920929
      ],
      [
        1.0,
        0.0,
        0.0
      ],
      [
        1.0,
        0.6666666865348816,
        0.4000000059604645
      ],
      [
        1.0,
        1.0,
        0.0
      ],
      [
        0.0,
        1.0,
        0.800000011920929
      ],
      [
        1.0,
        0.0,
        0.20000000298023224
      ]
    ],