{
  "User": "187",
  "validation_results": {
    "Accuracy": [
      [
        0.30000001192092896,
        0.0,
        0.5
      ],
      [
        0.30000001192092896,
        1.0,
        0.5
      ],
      [
        0.30000001192092896,
        0.0,
        0.5
      ],
      [
        0.30000001192092896,
        0.0,
        0.5
      ],
      [
        0.699999988079071,
        0.0,
        0.5
      ],
      [
        0.30000001192092896,
        0.0,
        0.5
      ],
      [
        0.30000001192092896,
        0.0,
        0.5
      ],
      [
        0.30000001192092896,
        0.0,
        0.5
      ],
      [
        0.30000001192092896,
        0.0,
        0.5
      ],
      [
        0.30000001192092896,
        0.0,
        0.5
      ],
      [
        0.30000001192092896,
        0.0,
        0.5
      ],
      [
        0.30000001192092896,
        0.0,
        0.5
      ],
      [
        0.699999988079071,
        0.0,
        0.5
      ],
      [
        0.30000001192092896,
        1.0,
        0.5
      ],
      [
        0.30000001192092896,
        0.0,
        0.5
      ],
      [
        0.30000001192092896,
        0.0,
        0.5
      ],
      [
        0.30000001192092896,
        1.0,
        0.5
      ],
      [
        0.30000001192092896,
        0.0,
        0.5
      ],
      [
        0.30000001192092896,
        1.0,
        0.5
      ],
      [
        0.30000001192092896,
        0.0,
        0.5
      ],
      [
        0.30000001192092896,
        0.0,
        0.5
      ],
      [
        0.30000001192092896,
        1.0,
        0.5
      ],
      [
        0.30000001192092896,
        1.0,
        0.5
      ],
      [
        0.30000001192092896,
        1.0,
        0.5
      ],
      [
        0.30000001192092896,
        1.0,
        0.5
      ],
      [
        0.30000001192092896,
        1.0,
        0.5
      ],
      [
        0.699999988079071,
        0.0,
        0.5
      ],
      [
        0.30000001192092896,
        0.0,
        0.5
      ],
      [
        0.30000001192092896,
        1.0,
        0.5
      ],
      [
        0.30000001192092896,
        1.0,
        0.5
      ]
    ],
    "Precision": [
      [
        0.0,
        0.0,
        0.0
      ],
      [
        0.0,
        1.0,
        0.0
      ],
      [
        0.10000000149011612,
        0.0,
        0.25
      ],
      [
        0.0,
        0.0,
        0.25
      ],
      [
        0.4000000059604645,
        0.0,
        0.25
      ],
      [
        0.0,
        0.0,
        0.25
      ],
      [
        0.0,
        0.0,
        0.0
      ],
      [
        0.0,
        0.0,
        0.0
      ],
      [
        0.0,
        0.0,
        0.0
      ],
      [
        0.0,
        0.0,
        0.0
      ],
      [
        0.0,
        0.0,
        0.0
      ],
      [
        0.0,
        0.0,
        0.25
      ],
      [
        0.5,
        0.0,
        0.25
      ],
      [
        0.10000000149011612,
        1.0,
        0.25
      ],
      [
        0.0,
        0.0,
        0.0
      ],
      [
        0.0,
        0.0,
        0.25
      ],
      [
        0.0,
        1.0,
        0.0
      ],
      [
        0.0,
        0.0,
        0.25
      ],
      [
        0.0,
        1.0,
        0.25
      ],
      [
        0.0,
        0.0,
        0.0
      ],
      [
        0.0,
        0.0,
        0.25
      ],
      [
        0.10000000149011612,
        1.0,
        0.25
      ],
      [
        0.0,
        1.0,
        0.0
      ],
      [
        0.0,
        1.0,
        0.0
      ],
      [
        0.0,
        1.0,
        0.0
      ],
      [
        0.0,
        1.0,
        0.0
      ],
      [
        0.4000000059604645,
        0.0,
        0.0
      ],
      [
        0.0,
        0.0,
        0.0
      ],
      [
        0.0,
        1.0,
        0.25
      ],
      [
        0.0,
        1.0,
        0.25
      ]
    ],
    "Recall": [
      [
        0.0,
        0.0,
        0.0
      ],
      [
        0.0,
        1.0,
        0.0
      ],
      [
        0.20000000298023224,
        0.0,
        0.5
      ],
      [
        0.0,
        0.0,
        0.5
      ],
      [
        0.4000000059604645,
        0.0,
        0.5
      ],
      [
        0.0,
        0.0,
        0.5
      ],
      [
        0.0,
        0.0,
        0.0
      ],
      [
        0.0,
        0.0,
        0.0
      ],
      [
        0.0,
        0.0,
        0.0
      ],
      [
        0.0,
        0.0,
        0.0
      ],
      [
        0.0,
        0.0,
        0.0
      ],
      [
        0.0,
        0.0,
        0.5
      ],
      [
        0.6000000238418579,
        0.0,
        0.5
      ],
      [
        0.20000000298023224,
        1.0,
        0.5
      ],
      [
        0.0,
        0.0,
        0.0
      ],
      [
        0.0,
        0.0,
        0.5
      ],
      [
        0.0,
        1.0,
        0.0
      ],
      [
        0.0,
        0.0,
        0.5
      ],
      [
        0.0,
        1.0,
        0.5
      ],
      [
        0.0,
        0.0,
        0.0
      ],
      [
        0.0,
        0.0,
        0.5
      ],
      [
        0.20000000298023224,
        1.0,
        0.5
      ],
      [
        0.0,
        1.0,
        0.0
      ],
      [
        0.0,
        1.0,
        0.0
      ],
      [
        0.0,
        1.0,
        0.0
      ],
      [
        0.0,
        1.0,
        0.0
      ],
      [
        0.4000000059604645,
        0.0,
        0.0
      ],
      [
        0.0,
        0.0,
        0.0
      ],
      [
        0.0,
        1.0,
        0.5
      ],
      [
        0.0,
        1.0,
        0.5
      ]
    ],
    "F1Score": [
      [
        0.0,
        0.0,
        0.0
      ],
      [
        0.0,
        1.0,
        0.0
      ],
      [
        0.13333334028720856,
        0.0,
        0.3333333432674408
      ],
      [
        0.0,
        0.0,
        0.3333333432674408
      ],
      [
        0.4000000059604645,
        0.0,
        0.3333333432674408
      ],
      [
        0.0,
        0.0,
        0.3333333432674408
      ],
      [
        0.0,
        0.0,
        0.0
      ],
      [
        0.0,
        0.0,
        0.0
      ],
      [
        0.0,
        0.0,
        0.0
      ],
      [
        0.0,
        0.0,
        0.0
      ],
      [
        0.0,
        0.0,
        0.0
      ],
      [
        0.0,
        0.0,
        0.3333333432674408
      ],
      [
        0.5333333611488342,
        0.0,
        0.3333333432674408
      ],
      [
        0.13333334028720856,
        1.0,
        0.3333333432674408
      ],
      [
        0.0,
        0.0,
        0.0
      ],
      [
        0.0,
        0.0,
        0.3333333432674408
      ],
      [
        0.0,
        1.0,
        0.0
      ],
      [
        0.0,
        0.0,
        0.3333333432674408
      ],
      [
        0.0,
        1.0,
        0.3333333432674408
      ],
      [
        0.0,
        0.0,
        0.0
      ],
      [
        0.0,
        0.0,
        0.3333333432674408
      ],
      [
        0.13333334028720856,
        1.0,
        0.3333333432674408
      ],
      [
        0.0,
        1.0,
        0.0
      ],
      [
        0.0,
        1.0,
        0.0
      ],
      [
        0.0,
        1.0,
        0.0
      ],
      [
        0.0,
        1.0,
        0.0
      ],
      [
        0.4000000059604645,
        0.0,
        0.0
      ],
      [
        0.0,
        0.0,
        0.0
      ],
      [
        0.0,
        1.0,
        0.3333333432674408
      ],
      [
        0.0,
        1.0,
        0.3333333432674408
      ]
    ],