{
  "User": "554",
  "validation_results": {
    "Accuracy": [
      [
        0.6428571939468384,
        0.5,
        1.0
      ],
      [
        0.9285714626312256,
        0.5,
        1.0
      ],
      [
        0.3571428656578064,
        0.5,
        1.0
      ],
      [
        0.9285714626312256,
        0.5,
        1.0
      ],
      [
        0.9285714626312256,
        0.5,
        1.0
      ],
      [
        0.9285714626312256,
        0.5,
        1.0
      ],
      [
        0.9285714626312256,
        0.5,
        1.0
      ],
      [
        0.9285714626312256,
        0.5,
        1.0
      ],
      [
        0.9285714626312256,
        0.5,
        1.0
      ],
      [
        0.9285714626312256,
        0.5,
        1.0
      ],
      [
        0.9285714626312256,
        0.5,
        1.0
      ],
      [
        0.9285714626312256,
        0.5,
        1.0
      ],
      [
        0.9285714626312256,
        0.5,
        1.0
      ],
      [
        0.9285714626312256,
        0.5,
        1.0
      ],
      [
        0.9285714626312256,
        0.5,
        1.0
      ],
      [
        0.9285714626312256,
        0.5,
        1.0
      ],
      [
        0.9285714626312256,
        0.5,
        1.0
      ],
      [
        0.9285714626312256,
        0.5,
        1.0
      ],
      [
        0.9285714626312256,
        0.5,
        1.0
      ],
      [
        0.9285714626312256,
        0.5,
        1.0
      ],
      [
        0.9285714626312256,
        0.5,
        1.0
      ],
      [
        0.9285714626312256,
        0.5,
        1.0
      ],
      [
        0.9285714626312256,
        0.5,
        1.0
      ],
      [
        0.9285714626312256,
        0.5,
        1.0
      ],
      [
        0.9285714626312256,
        0.5,
        1.0
      ],
      [
        0.9285714626312256,
        0.5,
        1.0
      ],
      [
        0.9285714626312256,
        0.5,
        1.0
      ],
      [
        0.9285714626312256,
        0.5,
        1.0
      ],
      [
        0.9285714626312256,
        0.5,
        1.0
      ],
      [
        0.9285714626312256,
        0.5,
        1.0
      ]
    ],
    "Precision": [
      [
        0.5714285969734192,
        0.25,
        1.0
      ],
      [
        0.9285714626312256,
        0.25,
        1.0
      ],
      [
        0.3571428656578064,
        0.25,
        1.0
      ],
      [
        0.9285714626312256,
        0.25,
        1.0
      ],
      [
        0.9285714626312256,
        0.25,
        1.0
      ],
      [
        0.9285714626312256,
        0.25,
        1.0
      ],
      [
        0.9285714626312256,
        0.25,
        1.0
      ],
      [
        0.9285714626312256,
        0.25,
        1.0
      ],
      [
        0.9285714626312256,
        0.25,
        1.0
      ],
      [
        0.9285714626312256,
        0.25,
        1.0
      ],
      [
        0.9285714626312256,
        0.25,
        1.0
      ],
      [
        0.9285714626312256,
        0.25,
        1.0
      ],
      [
        0.9285714626312256,
        0.25,
        1.0
      ],
      [
        0.9285714626312256,
        0.25,
        1.0
      ],
      [
        0.9285714626312256,
        0.25,
        1.0
      ],
      [
        0.9285714626312256,
        0.25,
        1.0
      ],
      [
        0.9285714626312256,
        0.25,
        1.0
      ],
      [
        0.9285714626312256,
        0.25,
        1.0
      ],
      [
        0.9285714626312256,
        0.25,
        1.0
      ],
      [
        0.9285714626312256,
        0.25,
        1.0
      ],
      [
        0.9285714626312256,
        0.25,
        1.0
      ],
      [
        0.9285714626312256,
        0.25,
        1.0
      ],
      [
        0.9285714626312256,
        0.25,
        1.0
      ],
      [
        0.9285714626312256,
        0.25,
        1.0
      ],
      [
        0.9285714626312256,
        0.25,
        1.0
      ],
      [
        0.9285714626312256,
        0.25,
        1.0
      ],
      [
        0.9285714626312256,
        0.25,
        1.0
      ],
      [
        0.9285714626312256,
        0.25,
        1.0
      ],
      [
        0.9285714626312256,
        0.25,
        1.0
      ],
      [
        0.9285714626312256,
        0.25,
        1.0
      ]
    ],
    "Recall": [
      [
        0.5714285969734192,
        0.5,
        1.0
      ],
      [
        1.0,
        0.5,
        1.0
      ],
      [
        0.4285714626312256,
        0.5,
        1.0
      ],
      [
        1.0,
        0.5,
        1.0
      ],
      [
        1.0,
        0.5,
        1.0
      ],
      [
        1.0,
        0.5,
        1.0
      ],
      [
        1.0,
        0.5,
        1.0
      ],
      [
        1.0,
        0.5,
        1.0
      ],
      [
        1.0,
        0.5,
        1.0
      ],
      [
        1.0,
        0.5,
        1.0
      ],
      [
        1.0,
        0.5,
        1.0
      ],
      [
        1.0,
        0.5,
        1.0
      ],
      [
        1.0,
        0.5,
        1.0
      ],
      [
        1.0,
        0.5,
        1.0
      ],
      [
        1.0,
        0.5,
        1.0
      ],
      [
        1.0,
        0.5,
        1.0
      ],
      [
        1.0,
        0.5,
        1.0
      ],
      [
        1.0,
        0.5,
        1.0
      ],
      [
        1.0,
        0.5,
        1.0
      ],
      [
        1.0,
        0.5,
        1.0
      ],
      [
        1.0,
        0.5,
        1.0
      ],
      [
        1.0,
        0.5,
        1.0
      ],
      [
        1.0,
        0.5,
        1.0
      ],
      [
        1.0,
        0.5,
        1.0
      ],
      [
        1.0,
        0.5,
        1.0
      ],
      [
        1.0,
        0.5,
        1.0
      ],
      [
        1.0,
        0.5,
        1.0
      ],
      [
        1.0,
        0.5,
        1.0
      ],
      [
        1.0,
        0.5,
        1.0
      ],
      [
        1.0,
        0.5,
        1.0
      ]
    ],