{
  "User": "537",
  "validation_results": {
    "Accuracy": [
      [
        0.8999999761581421,
        1.0,
        0.75
      ],
      [
        0.5,
        0.5,
        0.0
      ],
      [
        0.8999999761581421,
        0.75,
        1.0
      ],
      [
        0.10000000149011612,
        0.25,
        0.25
      ],
      [
        0.8999999761581421,
        1.0,
        0.75
      ],
      [
        0.10000000149011612,
        0.25,
        0.0
      ],
      [
        0.8999999761581421,
        0.75,
        0.5
      ],
      [
        0.10000000149011612,
        0.75,
        0.25
      ],
      [
        0.8999999761581421,
        0.75,
        0.5
      ],
      [
        0.10000000149011612,
        0.0,
        0.0
      ],
      [
        0.8999999761581421,
        1.0,
        0.5
      ],
      [
        0.5,
        0.75,
        1.0
      ],
      [
        0.5,
        1.0,
        1.0
      ],
      [
        0.5,
        0.75,
        0.75
      ],
      [
        0.8999999761581421,
        0.75,
        0.5
      ],
      [
        0.10000000149011612,
        0.25,
        0.5
      ],
      [
        0.8999999761581421,
        1.0,
        0.75
      ],
      [
        0.5,
        0.0,
        0.0
      ],
      [
        0.8999999761581421,
        1.0,
        1.0
      ],
      [
        0.10000000149011612,
        0.0,
        0.0
      ],
      [
        0.5,
        0.5,
        1.0
      ],
      [
        0.5,
        0.5,
        0.5
      ],
      [
        0.8999999761581421,
        1.0,
        1.0
      ],
      [
        0.5,
        0.0,
        0.0
      ],
      [
        0.8999999761581421,
        0.75,
        1.0
      ],
      [
        0.5,
        0.25,
        0.25
      ],
      [
        0.8999999761581421,
        0.75,
        1.0
      ],
      [
        0.5,
        0.75,
        0.5
      ],
      [
        0.8999999761581421,
        0.75,
        1.0
      ],
      [
        0.5,
        0.0,
        0.0
      ]
    ],
    "Precision": [
      [
        0.800000011920929,
        1.0,
        0.75
      ],
      [
        0.4000000059604645,
        0.5,
        0.0
      ],
      [
        0.800000011920929,
        0.75,
        1.0
      ],
      [
        0.0,
        0.25,
        0.25
      ],
      [
        0.800000011920929,
        1.0,
        0.75
      ],
      [
        0.0,
        0.25,
        0.0
      ],
      [
        0.800000011920929,
        0.75,
        0.5
      ],
      [
        0.10000000149011612,
        0.75,
        0.25
      ],
      [
        0.800000011920929,
        0.75,
        0.5
      ],
      [
        0.0,
        0.0,
        0.0
      ],
      [
        0.800000011920929,
        1.0,
        0.5
      ],
      [
        0.4000000059604645,
        0.75,
        1.0
      ],
      [
        0.4000000059604645,
        1.0,
        1.0
      ],
      [
        0.4000000059604645,
        0.75,
        0.75
      ],
      [
        0.800000011920929,
        0.75,
        0.5
      ],
      [
        0.0,
        0.25,
        0.5
      ],
      [
        0.800000011920929,
        1.0,
        0.75
      ],
      [
        0.5,
        0.0,
        0.0
      ],
      [
        0.800000011920929,
        1.0,
        1.0
      ],
      [
        0.0,
        0.0,
        0.0
      ],
      [
        0.4000000059604645,
        0.5,
        1.0
      ],
      [
        0.4000000059604645,
        0.5,
        0.5
      ],
      [
        0.800000011920929,
        1.0,
        1.0
      ],
      [
        0.5,
        0.0,
        0.0
      ],
      [
        0.800000011920929,
        0.75,
        1.0
      ],
      [
        0.4000000059604645,
        0.25,
        0.25
      ],
      [
        0.800000011920929,
        0.75,
        1.0
      ],
      [
        0.4000000059604645,
        0.75,
        0.5
      ],
      [
        0.800000011920929,
        0.75,
        1.0
      ],
      [
        0.4000000059604645,
        0.0,
        0.0
      ]
    ],
    "Recall": [
      [
        0.800000011920929,
        1.0,
        0.75
      ],
      [
        0.4000000059604645,
        0.5,
        0.0
      ],
      [
        0.800000011920929,
        0.75,
        1.0
      ],
      [
        0.0,
        0.25,
        0.25
      ],
      [
        0.800000011920929,
        1.0,
        0.75
      ],
      [
        0.0,
        0.25,
        0.0
      ],
      [
        0.800000011920929,
        0.75,
        0.5
      ],
      [
        0.20000000298023224,
        0.75,
        0.25
      ],
      [
        0.800000011920929,
        0.75,
        0.5
      ],
      [
        0.0,
        0.0,
        0.0
      ],
      [
        0.800000011920929,
        1.0,
        0.5
      ],
      [
        0.4000000059604645,
        0.75,
        1.0
      ],
      [
        0.4000000059604645,
        1.0,
        1.0
      ],
      [
        0.4000000059604645,
        0.75,
        0.75
      ],
      [
        0.800000011920929,
        0.75,
        0.5
      ],
      [
        0.0,
        0.25,
        0.5
      ],
      [
        0.800000011920929,
        1.0,
        0.75
      ],
      [
        0.6000000238418579,
        0.0,
        0.0
      ],
      [
        0.800000011920929,
        1.0,
        1.0
      ],
      [
        0.0,
        0.0,
        0.0
      ],
      [
        0.4000000059604645,
        0.5,
        1.0
      ],
      [
        0.4000000059604645,
        0.5,
        0.5
      ],
      [
        0.800000011920929,
        1.0,
        1.0
      ],
      [
        0.6000000238418579,
        0.0,
        0.0
      ],
      [
        0.800000011920929,
        0.75,
        1.0
      ],
      [
        0.4000000059604645,
        0.25,
        0.25
      ],
      [
        0.800000011920929,
        0.75,
        1.0
      ],
      [
        0.4000000059604645,
        0.75,
        0.5
      ],
      [
        0.800000011920929,
        0.75,
        1.0
      ],
      [
        0.4000000059604645,
        0.0,
        0.0
      ]
    ],