{
  "User": "271",
  "validation_results": {
    "Accuracy": [
      [
        0.0714285746216774,
        0.0,
        0.0
      ],
      [
        0.3571428656578064,
        0.0,
        0.0
      ],
      [
        0.3571428656578064,
        0.0,
        0.0
      ],
      [
        0.3571428656578064,
        0.0,
        0.0
      ],
      [
        0.0714285746216774,
        0.0,
        1.0
      ],
      [
        0.3571428656578064,
        0.0,
        0.0
      ],
      [
        0.6428571939468384,
        0.0,
        0.0
      ],
      [
        0.3571428656578064,
        0.0,
        1.0
      ],
      [
        0.3571428656578064,
        0.0,
        0.0
      ],
      [
        0.3571428656578064,
        0.0,
        0.0
      ],
      [
        0.3571428656578064,
        0.0,
        0.0
      ],
      [
        0.3571428656578064,
        0.0,
        0.0
      ],
      [
        0.6428571939468384,
        0.0,
        0.0
      ],
      [
        0.3571428656578064,
        0.0,
        0.0
      ],
      [
        0.3571428656578064,
        0.0,
        0.0
      ],
      [
        0.3571428656578064,
        0.0,
        0.0
      ],
      [
        0.3571428656578064,
        0.0,
        0.0
      ],
      [
        0.0714285746216774,
        0.0,
        1.0
      ],
      [
        0.3571428656578064,
        0.0,
        0.0
      ],
      [
        0.3571428656578064,
        1.0,
        1.0
      ],
      [
        0.3571428656578064,
        0.0,
        0.0
      ],
      [
        0.3571428656578064,
        0.0,
        0.0
      ],
      [
        0.3571428656578064,
        0.0,
        0.0
      ],
      [
        0.3571428656578064,
        0.0,
        0.0
      ],
      [
        0.3571428656578064,
        0.0,
        0.0
      ],
      [
        0.0714285746216774,
        1.0,
        0.0
      ],
      [
        0.0714285746216774,
        0.0,
        0.0
      ],
      [
        0.6428571939468384,
        0.0,
        0.0
      ],
      [
        0.3571428656578064,
        1.0,
        1.0
      ],
      [
        0.6428571939468384,
        1.0,
        1.0
      ]
    ],
    "Precision": [
      [
        0.0,
        0.0,
        0.0
      ],
      [
        0.2857142984867096,
        0.0,
        0.0
      ],
      [
        0.2857142984867096,
        0.0,
        0.0
      ],
      [
        0.2857142984867096,
        0.0,
        0.0
      ],
      [
        0.0,
        0.0,
        1.0
      ],
      [
        0.2857142984867096,
        0.0,
        0.0
      ],
      [
        0.5714285969734192,
        0.0,
        0.0
      ],
      [
        0.2857142984867096,
        0.0,
        1.0
      ],
      [
        0.2857142984867096,
        0.0,
        0.0
      ],
      [
        0.2857142984867096,
        0.0,
        0.0
      ],
      [
        0.2857142984867096,
        0.0,
        0.0
      ],
      [
        0.2857142984867096,
        0.0,
        0.0
      ],
      [
        0.6428571939468384,
        0.0,
        0.0
      ],
      [
        0.2857142984867096,
        0.0,
        0.0
      ],
      [
        0.2857142984867096,
        0.0,
        0.0
      ],
      [
        0.2857142984867096,
        0.0,
        0.0
      ],
      [
        0.2857142984867096,
        0.0,
        0.0
      ],
      [
        0.0714285746216774,
        0.0,
        1.0
      ],
      [
        0.2857142984867096,
        0.0,
        0.0
      ],
      [
        0.2857142984867096,
        1.0,
        1.0
      ],
      [
        0.2857142984867096,
        0.0,
        0.0
      ],
      [
        0.2857142984867096,
        0.0,
        0.0
      ],
      [
        0.2857142984867096,
        0.0,
        0.0
      ],
      [
        0.2857142984867096,
        0.0,
        0.0
      ],
      [
        0.3571428656578064,
        0.0,
        0.0
      ],
      [
        0.0714285746216774,
        1.0,
        0.0
      ],
      [
        0.0714285746216774,
        0.0,
        0.0
      ],
      [
        0.5714285969734192,
        0.0,
        0.0
      ],
      [
        0.2857142984867096,
        1.0,
        1.0
      ],
      [
        0.6428571939468384,
        1.0,
        1.0
      ]
    ],
    "Recall": [
      [
        0.0,
        0.0,
        0.0
      ],
      [
        0.2857142984867096,
        0.0,
        0.0
      ],
      [
        0.2857142984867096,
        0.0,
        0.0
      ],
      [
        0.2857142984867096,
        0.0,
        0.0
      ],
      [
        0.0,
        0.0,
        1.0
      ],
      [
        0.2857142984867096,
        0.0,
        0.0
      ],
      [
        0.5714285969734192,
        0.0,
        0.0
      ],
      [
        0.2857142984867096,
        0.0,
        1.0
      ],
      [
        0.2857142984867096,
        0.0,
        0.0
      ],
      [
        0.2857142984867096,
        0.0,
        0.0
      ],
      [
        0.2857142984867096,
        0.0,
        0.0
      ],
      [
        0.2857142984867096,
        0.0,
        0.0
      ],
      [
        0.7142857313156128,
        0.0,
        0.0
      ],
      [
        0.2857142984867096,
        0.0,
        0.0
      ],
      [
        0.2857142984867096,
        0.0,
        0.0
      ],
      [
        0.2857142984867096,
        0.0,
        0.0
      ],
      [
        0.2857142984867096,
        0.0,
        0.0
      ],
      [
        0.1428571492433548,
        0.0,
        1.0
      ],
      [
        0.2857142984867096,
        0.0,
        0.0
      ],
      [
        0.2857142984867096,
        1.0,
        1.0
      ],
      [
        0.2857142984867096,
        0.0,
        0.0
      ],
      [
        0.2857142984867096,
        0.0,
        0.0
      ],
      [
        0.2857142984867096,
        0.0,
        0.0
      ],
      [
        0.2857142984867096,
        0.0,
        0.0
      ],
      [
        0.4285714626312256,
        0.0,
        0.0
      ],
      [
        0.1428571492433548,
        1.0,
        0.0
      ],
      [
        0.1428571492433548,
        0.0,
        0.0
      ],
      [
        0.5714285969734192,
        0.0,
        0.0
      ],
      [
        0.2857142984867096,
        1.0,
        1.0
      ],
      [
        0.7142857313156128,
        1.0,
        1.0
      ]
    ],