{
  "User": "58",
  "validation_results": {
    "Accuracy": [
      [
        0.4722222089767456,
        1.0,
        0.0
      ],
      [
        0.4166666567325592,
        1.0,
        0.0
      ],
      [
        0.4166666567325592,
        1.0,
        0.0
      ],
      [
        0.4166666567325592,
        1.0,
        0.0
      ],
      [
        0.8333333134651184,
        1.0,
        1.0
      ],
      [
        0.4166666567325592,
        0.0,
        0.0
      ],
      [
        0.4722222089767456,
        1.0,
        0.0
      ],
      [
        0.4166666567325592,
        1.0,
        0.0
      ],
      [
        0.4166666567325592,
        1.0,
        0.0
      ],
      [
        0.4166666567325592,
        1.0,
        0.0
      ],
      [
        0.4166666567325592,
        1.0,
        0.0
      ],
      [
        0.4166666567325592,
        1.0,
        0.0
      ],
      [
        0.4166666567325592,
        1.0,
        0.0
      ],
      [
        0.4166666567325592,
        1.0,
        0.0
      ],
      [
        0.4166666567325592,
        1.0,
        0.0
      ],
      [
        0.4166666567325592,
        1.0,
        0.0
      ],
      [
        0.4166666567325592,
        1.0,
        0.0
      ],
      [
        0.4166666567325592,
        1.0,
        0.0
      ],
      [
        0.4166666567325592,
        1.0,
        0.0
      ],
      [
        0.4722222089767456,
        1.0,
        0.0
      ],
      [
        0.4166666567325592,
        1.0,
        0.0
      ],
      [
        0.4722222089767456,
        1.0,
        0.0
      ],
      [
        0.4166666567325592,
        1.0,
        0.0
      ],
      [
        0.5277777910232544,
        1.0,
        0.0
      ],
      [
        0.4166666567325592,
        1.0,
        0.0
      ],
      [
        0.4722222089767456,
        1.0,
        0.0
      ],
      [
        0.4166666567325592,
        1.0,
        0.0
      ],
      [
        0.4166666567325592,
        1.0,
        0.0
      ],
      [
        0.4166666567325592,
        1.0,
        0.0
      ],
      [
        0.4166666567325592,
        1.0,
        0.0
      ]
    ],
    "Precision": [
      [
        0.3611111044883728,
        1.0,
        0.0
      ],
      [
        0.25,
        1.0,
        0.0
      ],
      [
        0.25,
        1.0,
        0.0
      ],
      [
        0.25,
        1.0,
        0.0
      ],
      [
        0.8333333134651184,
        1.0,
        1.0
      ],
      [
        0.25,
        0.0,
        0.0
      ],
      [
        0.3611111044883728,
        1.0,
        0.0
      ],
      [
        0.25,
        1.0,
        0.0
      ],
      [
        0.25,
        1.0,
        0.0
      ],
      [
        0.25,
        1.0,
        0.0
      ],
      [
        0.25,
        1.0,
        0.0
      ],
      [
        0.25,
        1.0,
        0.0
      ],
      [
        0.25,
        1.0,
        0.0
      ],
      [
        0.25,
        1.0,
        0.0
      ],
      [
        0.25,
        1.0,
        0.0
      ],
      [
        0.25,
        1.0,
        0.0
      ],
      [
        0.25,
        1.0,
        0.0
      ],
      [
        0.25,
        1.0,
        0.0
      ],
      [
        0.25,
        1.0,
        0.0
      ],
      [
        0.3611111044883728,
        1.0,
        0.0
      ],
      [
        0.25,
        1.0,
        0.0
      ],
      [
        0.3611111044883728,
        1.0,
        0.0
      ],
      [
        0.25,
        1.0,
        0.0
      ],
      [
        0.4722222089767456,
        1.0,
        0.0
      ],
      [
        0.25,
        1.0,
        0.0
      ],
      [
        0.3611111044883728,
        1.0,
        0.0
      ],
      [
        0.25,
        1.0,
        0.0
      ],
      [
        0.25,
        1.0,
        0.0
      ],
      [
        0.25,
        1.0,
        0.0
      ],
      [
        0.25,
        1.0,
        0.0
      ]
    ],
    "Recall": [
      [
        0.4166666865348816,
        1.0,
        0.0
      ],
      [
        0.25,
        1.0,
        0.0
      ],
      [
        0.25,
        1.0,
        0.0
      ],
      [
        0.25,
        1.0,
        0.0
      ],
      [
        1.0,
        1.0,
        1.0
      ],
      [
        0.25,
        0.0,
        0.0
      ],
      [
        0.4166666865348816,
        1.0,
        0.0
      ],
      [
        0.25,
        1.0,
        0.0
      ],
      [
        0.25,
        1.0,
        0.0
      ],
      [
        0.25,
        1.0,
        0.0
      ],
      [
        0.25,
        1.0,
        0.0
      ],
      [
        0.25,
        1.0,
        0.0
      ],
      [
        0.25,
        1.0,
        0.0
      ],
      [
        0.25,
        1.0,
        0.0
      ],
      [
        0.25,
        1.0,
        0.0
      ],
      [
        0.25,
        1.0,
        0.0
      ],
      [
        0.25,
        1.0,
        0.0
      ],
      [
        0.25,
        1.0,
        0.0
      ],
      [
        0.25,
        1.0,
        0.0
      ],
      [
        0.4166666865348816,
        1.0,
        0.0
      ],
      [
        0.25,
        1.0,
        0.0
      ],
      [
        0.4166666865348816,
        1.0,
        0.0
      ],
      [
        0.25,
        1.0,
        0.0
      ],
      [
        0.5833333730697632,
        1.0,
        0.0
      ],
      [
        0.25,
        1.0,
        0.0
      ],
      [
        0.4166666865348816,
        1.0,
        0.0
      ],
      [
        0.25,
        1.0,
        0.0
      ],
      [
        0.25,
        1.0,
        0.0
      ],
      [
        0.25,
        1.0,
        0.0
      ],
      [
        0.25,
        1.0,
        0.0
      ]
    ],
    "F1Score": [
      [
        0.38333332538604736,
        1.0,
        0.0
      ],
      [
        0.25,
        1.0,
        0.0
      ],
      [
        0.25,
        1.0,
        0.0
      ],
      [
        0.25,
        1.0,
        0.0
      ],
      [
        0.8999999761581421,
        1.0,
        1.0
      ],
      [
        0.25,
        0.0,
        0.0
      ],
      [
        0.38333332538604736,
        1.0,
        0.0
      ],
      [
        0.25,
        1.0,
        0.0
      ],
      [
        0.25,
        1.0,
        0.0
      ],
      [
        0.25,
        1.0,
        0.0
      ],
      [
        0.25,
        1.0,
        0.0
      ],
      [
        0.25,
        1.0,
        0.0
      ],
      [
        0.25,
        1.0,
        0.0
      ],
      [
        0.25,
        1.0,
        0.0
      ],
      [
        0.25,
        1.0,
        0.0
      ],
      [
        0.25,
        1.0,
        0.0
      ],
      [
        0.25,
        1.0,
        0.0
      ],
      [
        0.25,
        1.0,
        0.0
      ],
      [
        0.25,
        1.0,
        0.0
      ],
      [
        0.38333332538604736,
        1.0,
        0.0
      ],
      [
        0.25,
        1.0,
        0.0
      ],
      [
        0.38333332538604736,
        1.0,
        0.0
      ],
      [
        0.25,
        1.0,
        0.0
      ],
      [
        0.5166666507720947,
        1.0,
        0.0
      ],
      [
        0.25,
        1.0,
        0.0
      ],
      [
        0.38333332538604736,
        1.0,
        0.0
      ],
      [
        0.25,
        1.0,
        0.0
      ],
      [
        0.25,
        1.0,
        0.0
      ],
      [
        0.25,
        1.0,
        0.0
      ],
      [
        0.25,
        1.0,
        0.0
      ]
    ],