{
  "User": "307",
  "validation_results": {
    "Accuracy": [
      [
        0.5,
        0.0,
        0.0
      ],
      [
        0.5,
        0.0,
        0.0
      ],
      [
        0.785714328289032,
        0.0,
        1.0
      ],
      [
        0.5,
        0.0,
        0.0
      ],
      [
        0.5,
        0.0,
        0.0
      ],
      [
        0.5,
        0.0,
        0.0
      ],
      [
        0.5,
        0.0,
        0.0
      ],
      [
        0.5,
        0.0,
        0.0
      ],
      [
        0.5,
        0.0,
        0.0
      ],
      [
        0.5,
        0.0,
        0.0
      ],
      [
        0.5,
        0.0,
        0.0
      ],
      [
        0.5,
        0.0,
        0.0
      ],
      [
        0.5,
        0.0,
        0.0
      ],
      [
        0.5,
        0.0,
        0.0
      ],
      [
        0.5,
        0.0,
        0.0
      ],
      [
        0.5,
        0.0,
        0.0
      ],
      [
        0.5,
        0.0,
        0.0
      ],
      [
        0.5,
        0.0,
        0.0
      ],
      [
        0.5,
        0.0,
        0.0
      ],
      [
        0.5,
        0.0,
        0.0
      ],
      [
        0.5,
        0.0,
        0.0
      ],
      [
        0.5,
        0.0,
        0.0
      ],
      [
        0.5,
        0.0,
        0.0
      ],
      [
        0.5,
        0.0,
        0.0
      ],
      [
        0.5,
        0.0,
        0.0
      ],
      [
        0.5,
        0.0,
        0.0
      ],
      [
        0.5,
        0.0,
        0.0
      ],
      [
        0.5,
        0.0,
        0.0
      ],
      [
        0.5,
        0.0,
        0.0
      ],
      [
        0.5,
        0.0,
        0.0
      ]
    ],
    "Precision": [
      [
        0.2857142984867096,
        0.0,
        0.0
      ],
      [
        0.2857142984867096,
        0.0,
        0.0
      ],
      [
        0.5714285969734192,
        0.0,
        1.0
      ],
      [
        0.2857142984867096,
        0.0,
        0.0
      ],
      [
        0.2857142984867096,
        0.0,
        0.0
      ],
      [
        0.2857142984867096,
        0.0,
        0.0
      ],
      [
        0.2857142984867096,
        0.0,
        0.0
      ],
      [
        0.2857142984867096,
        0.0,
        0.0
      ],
      [
        0.2857142984867096,
        0.0,
        0.0
      ],
      [
        0.2857142984867096,
        0.0,
        0.0
      ],
      [
        0.2857142984867096,
        0.0,
        0.0
      ],
      [
        0.2857142984867096,
        0.0,
        0.0
      ],
      [
        0.2857142984867096,
        0.0,
        0.0
      ],
      [
        0.2857142984867096,
        0.0,
        0.0
      ],
      [
        0.2857142984867096,
        0.0,
        0.0
      ],
      [
        0.2857142984867096,
        0.0,
        0.0
      ],
      [
        0.2857142984867096,
        0.0,
        0.0
      ],
      [
        0.2857142984867096,
        0.0,
        0.0
      ],
      [
        0.2857142984867096,
        0.0,
        0.0
      ],
      [
        0.2857142984867096,
        0.0,
        0.0
      ],
      [
        0.2857142984867096,
        0.0,
        0.0
      ],
      [
        0.2857142984867096,
        0.0,
        0.0
      ],
      [
        0.2857142984867096,
        0.0,
        0.0
      ],
      [
        0.2857142984867096,
        0.0,
        0.0
      ],
      [
        0.2857142984867096,
        0.0,
        0.0
      ],
      [
        0.2857142984867096,
        0.0,
        0.0
      ],
      [
        0.2857142984867096,
        0.0,
        0.0
      ],
      [
        0.2857142984867096,
        0.0,
        0.0
      ],
      [
        0.2857142984867096,
        0.0,
        0.0
      ],
      [
        0.2857142984867096,
        0.0,
        0.0
      ]
    ],
    "Recall": [
      [
        0.2857142984867096,
        0.0,
        0.0
      ],
      [
        0.2857142984867096,
        0.0,
        0.0
      ],
      [
        0.5714285969734192,
        0.0,
        1.0
      ],
      [
        0.2857142984867096,
        0.0,
        0.0
      ],
      [
        0.2857142984867096,
        0.0,
        0.0
      ],
      [
        0.2857142984867096,
        0.0,
        0.0
      ],
      [
        0.2857142984867096,
        0.0,
        0.0
      ],
      [
        0.2857142984867096,
        0.0,
        0.0
      ],
      [
        0.2857142984867096,
        0.0,
        0.0
      ],
      [
        0.2857142984867096,
        0.0,
        0.0
      ],
      [
        0.2857142984867096,
        0.0,
        0.0
      ],
      [
        0.2857142984867096,
        0.0,
        0.0
      ],
      [
        0.2857142984867096,
        0.0,
        0.0
      ],
      [
        0.2857142984867096,
        0.0,
        0.0
      ],
      [
        0.2857142984867096,
        0.0,
        0.0
      ],
      [
        0.2857142984867096,
        0.0,
        0.0
      ],
      [
        0.2857142984867096,
        0.0,
        0.0
      ],
      [
        0.2857142984867096,
        0.0,
        0.0
      ],
      [
        0.2857142984867096,
        0.0,
        0.0
      ],
      [
        0.2857142984867096,
        0.0,
        0.0
      ],
      [
        0.2857142984867096,
        0.0,
        0.0
      ],
      [
        0.2857142984867096,
        0.0,
        0.0
      ],
      [
        0.2857142984867096,
        0.0,
        0.0
      ],
      [
        0.2857142984867096,
        0.0,
        0.0
      ],
      [
        0.2857142984867096,
        0.0,
        0.0
      ],
      [
        0.2857142984867096,
        0.0,
        0.0
      ],
      [
        0.2857142984867096,
        0.0,
        0.0
      ],
      [
        0.2857142984867096,
        0.0,
        0.0
      ],
      [
        0.2857142984867096,
        0.0,
        0.0
      ],
      [
        0.2857142984867096,
        0.0,
        0.0
      ]
    ],