{
  "User": "32",
  "validation_results": {
    "Accuracy": [
      [
        0.6499999761581421,
        0.5,
        0.0
      ],
      [
        0.3500000238418579,
        0.5,
        0.0
      ],
      [
        0.6499999761581421,
        0.5,
        0.0
      ],
      [
        0.6499999761581421,
        0.0,
        0.0
      ],
      [
        0.6499999761581421,
        0.0,
        1.0
      ],
      [
        0.6499999761581421,
        0.0,
        0.0
      ],
      [
        0.6499999761581421,
        0.5,
        0.0
      ],
      [
        0.6499999761581421,
        0.5,
        0.0
      ],
      [
        0.6499999761581421,
        0.5,
        0.0
      ],
      [
        0.6499999761581421,
        0.0,
        0.0
      ],
      [
        0.6499999761581421,
        0.5,
        0.0
      ],
      [
        0.6499999761581421,
        0.5,
        0.0
      ],
      [
        0.6499999761581421,
        0.5,
        0.0
      ],
      [
        0.6499999761581421,
        0.5,
        0.0
      ],
      [
        0.6499999761581421,
        0.5,
        0.0
      ],
      [
        0.6499999761581421,
        0.5,
        0.0
      ],
      [
        0.6499999761581421,
        0.5,
        0.0
      ],
      [
        0.6499999761581421,
        0.5,
        0.0
      ],
      [
        0.6499999761581421,
        0.5,
        0.0
      ],
      [
        0.6499999761581421,
        0.5,
        0.0
      ],
      [
        0.6499999761581421,
        0.5,
        0.0
      ],
      [
        0.6499999761581421,
        0.5,
        0.0
      ],
      [
        0.6499999761581421,
        0.5,
        0.0
      ],
      [
        0.6499999761581421,
        0.5,
        0.0
      ],
      [
        0.6499999761581421,
        0.5,
        0.0
      ],
      [
        0.6499999761581421,
        0.5,
        0.0
      ],
      [
        0.6499999761581421,
        0.5,
        0.0
      ],
      [
        0.6499999761581421,
        0.5,
        0.0
      ],
      [
        0.6499999761581421,
        0.5,
        0.0
      ],
      [
        0.6499999761581421,
        0.5,
        0.0
      ]
    ],
    "Precision": [
      [
        0.44999998807907104,
        0.5,
        0.0
      ],
      [
        0.0,
        0.5,
        0.0
      ],
      [
        0.44999998807907104,
        0.5,
        0.0
      ],
      [
        0.44999998807907104,
        0.0,
        0.0
      ],
      [
        0.44999998807907104,
        0.0,
        1.0
      ],
      [
        0.44999998807907104,
        0.0,
        0.0
      ],
      [
        0.44999998807907104,
        0.5,
        0.0
      ],
      [
        0.44999998807907104,
        0.5,
        0.0
      ],
      [
        0.44999998807907104,
        0.5,
        0.0
      ],
      [
        0.44999998807907104,
        0.0,
        0.0
      ],
      [
        0.44999998807907104,
        0.5,
        0.0
      ],
      [
        0.44999998807907104,
        0.5,
        0.0
      ],
      [
        0.44999998807907104,
        0.5,
        0.0
      ],
      [
        0.44999998807907104,
        0.5,
        0.0
      ],
      [
        0.44999998807907104,
        0.5,
        0.0
      ],
      [
        0.44999998807907104,
        0.5,
        0.0
      ],
      [
        0.44999998807907104,
        0.5,
        0.0
      ],
      [
        0.44999998807907104,
        0.5,
        0.0
      ],
      [
        0.44999998807907104,
        0.5,
        0.0
      ],
      [
        0.44999998807907104,
        0.5,
        0.0
      ],
      [
        0.44999998807907104,
        0.5,
        0.0
      ],
      [
        0.44999998807907104,
        0.5,
        0.0
      ],
      [
        0.44999998807907104,
        0.5,
        0.0
      ],
      [
        0.44999998807907104,
        0.5,
        0.0
      ],
      [
        0.44999998807907104,
        0.5,
        0.0
      ],
      [
        0.44999998807907104,
        0.5,
        0.0
      ],
      [
        0.44999998807907104,
        0.5,
        0.0
      ],
      [
        0.44999998807907104,
        0.5,
        0.0
      ],
      [
        0.44999998807907104,
        0.5,
        0.0
      ],
      [
        0.44999998807907104,
        0.5,
        0.0
      ]
    ],
    "Recall": [
      [
        0.6000000238418579,
        0.5,
        0.0
      ],
      [
        0.0,
        0.5,
        0.0
      ],
      [
        0.6000000238418579,
        0.5,
        0.0
      ],
      [
        0.6000000238418579,
        0.0,
        0.0
      ],
      [
        0.6000000238418579,
        0.0,
        1.0
      ],
      [
        0.6000000238418579,
        0.0,
        0.0
      ],
      [
        0.6000000238418579,
        0.5,
        0.0
      ],
      [
        0.6000000238418579,
        0.5,
        0.0
      ],
      [
        0.6000000238418579,
        0.5,
        0.0
      ],
      [
        0.6000000238418579,
        0.0,
        0.0
      ],
      [
        0.6000000238418579,
        0.5,
        0.0
      ],
      [
        0.6000000238418579,
        0.5,
        0.0
      ],
      [
        0.6000000238418579,
        0.5,
        0.0
      ],
      [
        0.6000000238418579,
        0.5,
        0.0
      ],
      [
        0.6000000238418579,
        0.5,
        0.0
      ],
      [
        0.6000000238418579,
        0.5,
        0.0
      ],
      [
        0.6000000238418579,
        0.5,
        0.0
      ],
      [
        0.6000000238418579,
        0.5,
        0.0
      ],
      [
        0.6000000238418579,
        0.5,
        0.0
      ],
      [
        0.6000000238418579,
        0.5,
        0.0
      ],
      [
        0.6000000238418579,
        0.5,
        0.0
      ],
      [
        0.6000000238418579,
        0.5,
        0.0
      ],
      [
        0.6000000238418579,
        0.5,
        0.0
      ],
      [
        0.6000000238418579,
        0.5,
        0.0
      ],
      [
        0.6000000238418579,
        0.5,
        0.0
      ],
      [
        0.6000000238418579,
        0.5,
        0.0
      ],
      [
        0.6000000238418579,
        0.5,
        0.0
      ],
      [
        0.6000000238418579,
        0.5,
        0.0
      ],
      [
        0.6000000238418579,
        0.5,
        0.0
      ],
      [
        0.6000000238418579,
        0.5,
        0.0
      ]
    ],