{
  "User": "449",
  "validation_results": {
    "Accuracy": [
      [
        0.5,
        0.5,
        0.0
      ],
      [
        0.5,
        0.5,
        0.0
      ],
      [
        0.5,
        0.5,
        0.0
      ],
      [
        0.5,
        0.10000000149011612,
        0.0
      ],
      [
        0.5,
        0.10000000149011612,
        1.0
      ],
      [
        0.5,
        0.10000000149011612,
        0.0
      ],
      [
        0.5,
        0.5,
        0.0
      ],
      [
        0.5,
        0.5,
        0.0
      ],
      [
        0.5,
        0.5,
        0.0
      ],
      [
        0.5,
        0.10000000149011612,
        0.0
      ],
      [
        0.5,
        0.5,
        0.0
      ],
      [
        0.5,
        0.5,
        0.0
      ],
      [
        0.5,
        0.5,
        0.0
      ],
      [
        0.5,
        0.5,
        0.0
      ],
      [
        0.5,
        0.5,
        0.0
      ],
      [
        0.5,
        0.5,
        0.0
      ],
      [
        0.5,
        0.5,
        0.0
      ],
      [
        0.5,
        0.5,
        0.0
      ],
      [
        0.5,
        0.5,
        0.0
      ],
      [
        0.5,
        0.5,
        0.0
      ],
      [
        0.5,
        0.5,
        0.0
      ],
      [
        0.5,
        0.5,
        0.0
      ],
      [
        0.5,
        0.5,
        0.0
      ],
      [
        0.5,
        0.5,
        0.0
      ],
      [
        0.5,
        0.5,
        0.0
      ],
      [
        0.5,
        0.5,
        0.0
      ],
      [
        0.5,
        0.5,
        0.0
      ],
      [
        0.5,
        0.5,
        0.0
      ],
      [
        0.5,
        0.5,
        0.0
      ],
      [
        0.5,
        0.5,
        0.0
      ]
    ],
    "Precision": [
      [
        0.125,
        0.4000000059604645,
        0.0
      ],
      [
        0.0,
        0.5,
        0.0
      ],
      [
        0.125,
        0.4000000059604645,
        0.0
      ],
      [
        0.125,
        0.0,
        0.0
      ],
      [
        0.125,
        0.0,
        1.0
      ],
      [
        0.125,
        0.0,
        0.0
      ],
      [
        0.125,
        0.4000000059604645,
        0.0
      ],
      [
        0.125,
        0.4000000059604645,
        0.0
      ],
      [
        0.125,
        0.4000000059604645,
        0.0
      ],
      [
        0.125,
        0.0,
        0.0
      ],
      [
        0.125,
        0.4000000059604645,
        0.0
      ],
      [
        0.125,
        0.4000000059604645,
        0.0
      ],
      [
        0.125,
        0.4000000059604645,
        0.0
      ],
      [
        0.125,
        0.4000000059604645,
        0.0
      ],
      [
        0.125,
        0.4000000059604645,
        0.0
      ],
      [
        0.125,
        0.4000000059604645,
        0.0
      ],
      [
        0.125,
        0.4000000059604645,
        0.0
      ],
      [
        0.125,
        0.4000000059604645,
        0.0
      ],
      [
        0.125,
        0.4000000059604645,
        0.0
      ],
      [
        0.125,
        0.4000000059604645,
        0.0
      ],
      [
        0.125,
        0.4000000059604645,
        0.0
      ],
      [
        0.125,
        0.4000000059604645,
        0.0
      ],
      [
        0.125,
        0.4000000059604645,
        0.0
      ],
      [
        0.125,
        0.4000000059604645,
        0.0
      ],
      [
        0.125,
        0.4000000059604645,
        0.0
      ],
      [
        0.125,
        0.4000000059604645,
        0.0
      ],
      [
        0.125,
        0.4000000059604645,
        0.0
      ],
      [
        0.125,
        0.4000000059604645,
        0.0
      ],
      [
        0.125,
        0.4000000059604645,
        0.0
      ],
      [
        0.125,
        0.4000000059604645,
        0.0
      ]
    ],
    "Recall": [
      [
        0.25,
        0.4000000059604645,
        0.0
      ],
      [
        0.0,
        0.6000000238418579,
        0.0
      ],
      [
        0.25,
        0.4000000059604645,
        0.0
      ],
      [
        0.25,
        0.0,
        0.0
      ],
      [
        0.25,
        0.0,
        1.0
      ],
      [
        0.25,
        0.0,
        0.0
      ],
      [
        0.25,
        0.4000000059604645,
        0.0
      ],
      [
        0.25,
        0.4000000059604645,
        0.0
      ],
      [
        0.25,
        0.4000000059604645,
        0.0
      ],
      [
        0.25,
        0.0,
        0.0
      ],
      [
        0.25,
        0.4000000059604645,
        0.0
      ],
      [
        0.25,
        0.4000000059604645,
        0.0
      ],
      [
        0.25,
        0.4000000059604645,
        0.0
      ],
      [
        0.25,
        0.4000000059604645,
        0.0
      ],
      [
        0.25,
        0.4000000059604645,
        0.0
      ],
      [
        0.25,
        0.4000000059604645,
        0.0
      ],
      [
        0.25,
        0.4000000059604645,
        0.0
      ],
      [
        0.25,
        0.4000000059604645,
        0.0
      ],
      [
        0.25,
        0.4000000059604645,
        0.0
      ],
      [
        0.25,
        0.4000000059604645,
        0.0
      ],
      [
        0.25,
        0.4000000059604645,
        0.0
      ],
      [
        0.25,
        0.4000000059604645,
        0.0
      ],
      [
        0.25,
        0.4000000059604645,
        0.0
      ],
      [
        0.25,
        0.4000000059604645,
        0.0
      ],
      [
        0.25,
        0.4000000059604645,
        0.0
      ],
      [
        0.25,
        0.4000000059604645,
        0.0
      ],
      [
        0.25,
        0.4000000059604645,
        0.0
      ],
      [
        0.25,
        0.4000000059604645,
        0.0
      ],
      [
        0.25,
        0.4000000059604645,
        0.0
      ],
      [
        0.25,
        0.4000000059604645,
        0.0
      ]
    ],