{
  "resource_category": "Resourceless user",
  "validation_results": {
    "Accuracy": [
      [
        0.5,
        0.25,
        0.5
      ],
      [
        0.5,
        0.75,
        0.5
      ],
      [
        0.5,
        0.25,
        0.5
      ],
      [
        0.5,
        0.25,
        0.5
      ],
      [
        0.5,
        0.25,
        0.5
      ],
      [
        0.5,
        0.25,
        0.5
      ],
      [
        0.5,
        0.75,
        0.5
      ],
      [
        0.5,
        0.25,
        0.5
      ],
      [
        0.5,
        0.25,
        0.5
      ],
      [
        0.5,
        0.25,
        0.5
      ],
      [
        0.5,
        0.25,
        0.5
      ],
      [
        0.5,
        0.75,
        0.5
      ],
      [
        0.5,
        0.25,
        0.5
      ],
      [
        0.5,
        0.25,
        0.5
      ],
      [
        0.5,
        0.75,
        0.5
      ],
      [
        0.5,
        0.75,
        0.5
      ],
      [
        0.5,
        0.75,
        0.5
      ],
      [
        0.5,
        0.25,
        0.5
      ],
      [
        0.5,
        0.25,
        0.5
      ],
      [
        0.5,
        0.75,
        0.5
      ],
      [
        0.5,
        0.75,
        0.5
      ],
      [
        0.5,
        0.25,
        0.5
      ],
      [
        0.5,
        0.75,
        0.5
      ],
      [
        0.5,
        0.25,
        0.5
      ],
      [
        0.5,
        0.25,
        0.5
      ],
      [
        0.5,
        0.75,
        0.5
      ],
      [
        0.5,
        0.75,
        0.5
      ],
      [
        0.5,
        0.75,
        0.5
      ],
      [
        0.5,
        0.25,
        0.5
      ],
      [
        0.5,
        0.75,
        0.5
      ]
    ],
    "Precision": [
      [
        0.0,
        0.0,
        0.0
      ],
      [
        0.0,
        0.5,
        0.125
      ],
      [
        0.1666666716337204,
        0.0,
        0.125
      ],
      [
        0.5,
        0.0,
        0.125
      ],
      [
        0.3333333432674408,
        0.0,
        0.125
      ],
      [
        0.1666666716337204,
        0.0,
        0.125
      ],
      [
        0.1666666716337204,
        0.5,
        0.0
      ],
      [
        0.1666666716337204,
        0.0,
        0.125
      ],
      [
        0.1666666716337204,
        0.0,
        0.125
      ],
      [
        0.1666666716337204,
        0.0,
        0.125
      ],
      [
        0.1666666716337204,
        0.0,
        0.125
      ],
      [
        0.0,
        0.5,
        0.125
      ],
      [
        0.1666666716337204,
        0.0,
        0.25
      ],
      [
        0.1666666716337204,
        0.125,
        0.125
      ],
      [
        0.3333333432674408,
        0.5,
        0.125
      ],
      [
        0.1666666716337204,
        0.75,
        0.125
      ],
      [
        0.1666666716337204,
        0.5,
        0.125
      ],
      [
        0.3333333432674408,
        0.0,
        0.125
      ],
      [
        0.1666666716337204,
        0.0,
        0.125
      ],
      [
        0.1666666716337204,
        0.75,
        0.125
      ],
      [
        0.0,
        0.625,
        0.125
      ],
      [
        0.1666666716337204,
        0.0,
        0.125
      ],
      [
        0.0,
        0.5,
        0.125
      ],
      [
        0.1666666716337204,
        0.0,
        0.125
      ],
      [
        0.1666666716337204,
        0.0,
        0.25
      ],
      [
        0.1666666716337204,
        0.75,
        0.125
      ],
      [
        0.1666666716337204,
        0.5,
        0.0
      ],
      [
        0.0,
        0.5,
        0.125
      ],
      [
        0.3333333432674408,
        0.0,
        0.125
      ],
      [
        0.1666666716337204,
        0.5,
        0.125
      ]
    ],
    "Recall": [
      [
        0.0,
        0.0,
        0.0
      ],
      [
        0.0,
        0.5,
        0.25
      ],
      [
        0.3333333432674408,
        0.0,
        0.25
      ],
      [
        1.0,
        0.0,
        0.25
      ],
      [
        0.6666666865348816,
        0.0,
        0.25
      ],
      [
        0.3333333432674408,
        0.0,
        0.25
      ],
      [
        0.3333333432674408,
        0.5,
        0.0
      ],
      [
        0.3333333432674408,
        0.0,
        0.25
      ],
      [
        0.3333333432674408,
        0.0,
        0.25
      ],
      [
        0.3333333432674408,
        0.0,
        0.25
      ],
      [
        0.3333333432674408,
        0.0,
        0.25
      ],
      [
        0.0,
        0.5,
        0.25
      ],
      [
        0.3333333432674408,
        0.0,
        0.5
      ],
      [
        0.3333333432674408,
        0.25,
        0.25
      ],
      [
        0.6666666865348816,
        0.5,
        0.25
      ],
      [
        0.3333333432674408,
        1.0,
        0.25
      ],
      [
        0.3333333432674408,
        0.5,
        0.25
      ],
      [
        0.6666666865348816,
        0.0,
        0.25
      ],
      [
        0.3333333432674408,
        0.0,
        0.25
      ],
      [
        0.3333333432674408,
        1.0,
        0.25
      ],
      [
        0.0,
        0.75,
        0.25
      ],
      [
        0.3333333432674408,
        0.0,
        0.25
      ],
      [
        0.0,
        0.5,
        0.25
      ],
      [
        0.3333333432674408,
        0.0,
        0.25
      ],
      [
        0.3333333432674408,
        0.0,
        0.5
      ],
      [
        0.3333333432674408,
        1.0,
        0.25
      ],
      [
        0.3333333432674408,
        0.5,
        0.0
      ],
      [
        0.0,
        0.5,
        0.25
      ],
      [
        0.6666666865348816,
        0.0,
        0.25
      ],
      [
        0.3333333432674408,
        0.5,
        0.25
      ]
    ],