{
  "resource_category": "Resourceless user",
  "validation_results": {
    "Accuracy": [
      [
        0.30000001192092896,
        0.0,
        0.5
      ],
      [
        0.699999988079071,
        1.0,
        0.5
      ],
      [
        0.30000001192092896,
        0.0,
        0.5
      ],
      [
        0.30000001192092896,
        0.0,
        0.5
      ],
      [
        0.30000001192092896,
        1.0,
        0.5
      ],
      [
        0.30000001192092896,
        1.0,
        0.5
      ],
      [
        0.30000001192092896,
        0.0,
        0.5
      ],
      [
        0.30000001192092896,
        1.0,
        0.5
      ],
      [
        0.30000001192092896,
        1.0,
        0.5
      ],
      [
        0.30000001192092896,
        0.0,
        0.5
      ],
      [
        0.30000001192092896,
        0.0,
        0.5
      ],
      [
        0.699999988079071,
        1.0,
        0.5
      ],
      [
        0.30000001192092896,
        0.0,
        0.5
      ],
      [
        0.30000001192092896,
        0.0,
        0.5
      ],
      [
        0.30000001192092896,
        0.0,
        0.5
      ],
      [
        0.30000001192092896,
        1.0,
        0.5
      ],
      [
        0.30000001192092896,
        0.0,
        0.5
      ],
      [
        0.30000001192092896,
        1.0,
        0.5
      ],
      [
        0.30000001192092896,
        1.0,
        0.5
      ],
      [
        0.30000001192092896,
        0.0,
        0.5
      ],
      [
        0.30000001192092896,
        1.0,
        0.5
      ],
      [
        0.30000001192092896,
        0.0,
        0.5
      ],
      [
        0.30000001192092896,
        0.0,
        0.5
      ],
      [
        0.30000001192092896,
        1.0,
        0.5
      ],
      [
        0.30000001192092896,
        1.0,
        0.5
      ],
      [
        0.30000001192092896,
        0.0,
        0.5
      ],
      [
        0.30000001192092896,
        0.0,
        0.5
      ],
      [
        0.30000001192092896,
        0.0,
        0.5
      ],
      [
        0.30000001192092896,
        0.0,
        0.5
      ],
      [
        0.30000001192092896,
        0.0,
        0.5
      ]
    ],
    "Precision": [
      [
        0.10000000149011612,
        0.0,
        0.25
      ],
      [
        0.699999988079071,
        1.0,
        0.25
      ],
      [
        0.0,
        0.0,
        0.25
      ],
      [
        0.0,
        0.0,
        0.0
      ],
      [
        0.10000000149011612,
        1.0,
        0.25
      ],
      [
        0.10000000149011612,
        1.0,
        0.25
      ],
      [
        0.20000000298023224,
        0.0,
        0.25
      ],
      [
        0.20000000298023224,
        1.0,
        0.25
      ],
      [
        0.10000000149011612,
        1.0,
        0.0
      ],
      [
        0.10000000149011612,
        0.0,
        0.25
      ],
      [
        0.20000000298023224,
        0.0,
        0.0
      ],
      [
        0.6000000238418579,
        1.0,
        0.25
      ],
      [
        0.0,
        0.0,
        0.0
      ],
      [
        0.20000000298023224,
        0.0,
        0.25
      ],
      [
        0.20000000298023224,
        0.0,
        0.25
      ],
      [
        0.10000000149011612,
        1.0,
        0.25
      ],
      [
        0.10000000149011612,
        0.0,
        0.25
      ],
      [
        0.10000000149011612,
        1.0,
        0.25
      ],
      [
        0.20000000298023224,
        1.0,
        0.25
      ],
      [
        0.10000000149011612,
        0.0,
        0.25
      ],
      [
        0.0,
        1.0,
        0.25
      ],
      [
        0.10000000149011612,
        0.0,
        0.25
      ],
      [
        0.20000000298023224,
        0.0,
        0.25
      ],
      [
        0.10000000149011612,
        1.0,
        0.25
      ],
      [
        0.10000000149011612,
        1.0,
        0.25
      ],
      [
        0.20000000298023224,
        0.0,
        0.25
      ],
      [
        0.10000000149011612,
        0.0,
        0.25
      ],
      [
        0.0,
        0.0,
        0.0
      ],
      [
        0.10000000149011612,
        0.0,
        0.0
      ],
      [
        0.20000000298023224,
        0.0,
        0.25
      ]
    ],
    "Recall": [
      [
        0.20000000298023224,
        0.0,
        0.5
      ],
      [
        1.0,
        1.0,
        0.5
      ],
      [
        0.0,
        0.0,
        0.5
      ],
      [
        0.0,
        0.0,
        0.0
      ],
      [
        0.20000000298023224,
        1.0,
        0.5
      ],
      [
        0.20000000298023224,
        1.0,
        0.5
      ],
      [
        0.4000000059604645,
        0.0,
        0.5
      ],
      [
        0.4000000059604645,
        1.0,
        0.5
      ],
      [
        0.20000000298023224,
        1.0,
        0.0
      ],
      [
        0.20000000298023224,
        0.0,
        0.5
      ],
      [
        0.4000000059604645,
        0.0,
        0.0
      ],
      [
        0.800000011920929,
        1.0,
        0.5
      ],
      [
        0.0,
        0.0,
        0.0
      ],
      [
        0.4000000059604645,
        0.0,
        0.5
      ],
      [
        0.4000000059604645,
        0.0,
        0.5
      ],
      [
        0.20000000298023224,
        1.0,
        0.5
      ],
      [
        0.20000000298023224,
        0.0,
        0.5
      ],
      [
        0.20000000298023224,
        1.0,
        0.5
      ],
      [
        0.4000000059604645,
        1.0,
        0.5
      ],
      [
        0.20000000298023224,
        0.0,
        0.5
      ],
      [
        0.0,
        1.0,
        0.5
      ],
      [
        0.20000000298023224,
        0.0,
        0.5
      ],
      [
        0.4000000059604645,
        0.0,
        0.5
      ],
      [
        0.20000000298023224,
        1.0,
        0.5
      ],
      [
        0.20000000298023224,
        1.0,
        0.5
      ],
      [
        0.4000000059604645,
        0.0,
        0.5
      ],
      [
        0.20000000298023224,
        0.0,
        0.5
      ],
      [
        0.0,
        0.0,
        0.0
      ],
      [
        0.20000000298023224,
        0.0,
        0.0
      ],
      [
        0.4000000059604645,
        0.0,
        0.5
      ]
    ],