{
  "resource_category": "Resourceful user",
  "validation_results": {
    "Accuracy": [
      [
        0.4285714328289032,
        0.5,
        0.5
      ],
      [
        0.4642857313156128,
        0.5,
        0.5
      ],
      [
        0.75,
        0.5,
        0.5
      ],
      [
        0.4642857313156128,
        0.5,
        0.5
      ],
      [
        0.4642857313156128,
        0.5,
        0.5
      ],
      [
        0.4642857313156128,
        0.5,
        0.5
      ],
      [
        0.4642857313156128,
        0.5,
        0.5
      ],
      [
        0.4642857313156128,
        0.5,
        0.5
      ],
      [
        0.4642857313156128,
        0.5,
        0.5
      ],
      [
        0.4642857313156128,
        0.5,
        0.5
      ],
      [
        0.4642857313156128,
        0.5,
        0.5
      ],
      [
        0.4642857313156128,
        0.5,
        0.5
      ],
      [
        0.4642857313156128,
        0.5,
        0.5
      ],
      [
        0.4642857313156128,
        0.5,
        0.5
      ],
      [
        0.4642857313156128,
        0.5,
        0.5
      ],
      [
        0.4642857313156128,
        0.5,
        0.5
      ],
      [
        0.4642857313156128,
        0.5,
        0.5
      ],
      [
        0.4642857313156128,
        0.5,
        0.5
      ],
      [
        0.4642857313156128,
        0.5,
        0.5
      ],
      [
        0.4642857313156128,
        0.5,
        0.5
      ],
      [
        0.4642857313156128,
        0.5,
        0.5
      ],
      [
        0.4642857313156128,
        0.5,
        0.5
      ],
      [
        0.4642857313156128,
        0.5,
        0.5
      ],
      [
        0.4642857313156128,
        0.5,
        0.5
      ],
      [
        0.4642857313156128,
        0.5,
        0.5
      ],
      [
        0.4642857313156128,
        0.5,
        0.5
      ],
      [
        0.4642857313156128,
        0.5,
        0.5
      ],
      [
        0.4642857313156128,
        0.5,
        0.5
      ],
      [
        0.4642857313156128,
        0.5,
        0.5
      ],
      [
        0.4642857313156128,
        0.5,
        0.5
      ]
    ],
    "Precision": [
      [
        0.3035714328289032,
        0.3333333432674408,
        0.0
      ],
      [
        0.2857142984867096,
        0.3333333432674408,
        0.25
      ],
      [
        0.5714285969734192,
        0.3333333432674408,
        0.25
      ],
      [
        0.2857142984867096,
        0.3333333432674408,
        0.25
      ],
      [
        0.2857142984867096,
        0.3333333432674408,
        0.25
      ],
      [
        0.2857142984867096,
        0.3333333432674408,
        0.25
      ],
      [
        0.2857142984867096,
        0.3333333432674408,
        0.25
      ],
      [
        0.2857142984867096,
        0.3333333432674408,
        0.25
      ],
      [
        0.2857142984867096,
        0.3333333432674408,
        0.25
      ],
      [
        0.2857142984867096,
        0.3333333432674408,
        0.25
      ],
      [
        0.2857142984867096,
        0.3333333432674408,
        0.25
      ],
      [
        0.2857142984867096,
        0.3333333432674408,
        0.25
      ],
      [
        0.2857142984867096,
        0.3333333432674408,
        0.25
      ],
      [
        0.2857142984867096,
        0.3333333432674408,
        0.25
      ],
      [
        0.2857142984867096,
        0.3333333432674408,
        0.25
      ],
      [
        0.2857142984867096,
        0.3333333432674408,
        0.25
      ],
      [
        0.2857142984867096,
        0.3333333432674408,
        0.25
      ],
      [
        0.2857142984867096,
        0.3333333432674408,
        0.25
      ],
      [
        0.2857142984867096,
        0.3333333432674408,
        0.25
      ],
      [
        0.2857142984867096,
        0.3333333432674408,
        0.25
      ],
      [
        0.2857142984867096,
        0.3333333432674408,
        0.25
      ],
      [
        0.2857142984867096,
        0.3333333432674408,
        0.25
      ],
      [
        0.2857142984867096,
        0.3333333432674408,
        0.25
      ],
      [
        0.2857142984867096,
        0.3333333432674408,
        0.25
      ],
      [
        0.2857142984867096,
        0.3333333432674408,
        0.25
      ],
      [
        0.2857142984867096,
        0.3333333432674408,
        0.25
      ],
      [
        0.2857142984867096,
        0.3333333432674408,
        0.25
      ],
      [
        0.2857142984867096,
        0.3333333432674408,
        0.25
      ],
      [
        0.2857142984867096,
        0.3333333432674408,
        0.25
      ],
      [
        0.2857142984867096,
        0.3333333432674408,
        0.25
      ]
    ],
    "Recall": [
      [
        0.3571428656578064,
        0.6666666865348816,
        0.0
      ],
      [
        0.2857142984867096,
        0.6666666865348816,
        0.5
      ],
      [
        0.5714285969734192,
        0.6666666865348816,
        0.5
      ],
      [
        0.2857142984867096,
        0.6666666865348816,
        0.5
      ],
      [
        0.2857142984867096,
        0.6666666865348816,
        0.5
      ],
      [
        0.2857142984867096,
        0.6666666865348816,
        0.5
      ],
      [
        0.2857142984867096,
        0.6666666865348816,
        0.5
      ],
      [
        0.2857142984867096,
        0.6666666865348816,
        0.5
      ],
      [
        0.2857142984867096,
        0.6666666865348816,
        0.5
      ],
      [
        0.2857142984867096,
        0.6666666865348816,
        0.5
      ],
      [
        0.2857142984867096,
        0.6666666865348816,
        0.5
      ],
      [
        0.2857142984867096,
        0.6666666865348816,
        0.5
      ],
      [
        0.2857142984867096,
        0.6666666865348816,
        0.5
      ],
      [
        0.2857142984867096,
        0.6666666865348816,
        0.5
      ],
      [
        0.2857142984867096,
        0.6666666865348816,
        0.5
      ],
      [
        0.2857142984867096,
        0.6666666865348816,
        0.5
      ],
      [
        0.2857142984867096,
        0.6666666865348816,
        0.5
      ],
      [
        0.2857142984867096,
        0.6666666865348816,
        0.5
      ],
      [
        0.2857142984867096,
        0.6666666865348816,
        0.5
      ],
      [
        0.2857142984867096,
        0.6666666865348816,
        0.5
      ],
      [
        0.2857142984867096,
        0.6666666865348816,
        0.5
      ],
      [
        0.2857142984867096,
        0.6666666865348816,
        0.5
      ],
      [
        0.2857142984867096,
        0.6666666865348816,
        0.5
      ],
      [
        0.2857142984867096,
        0.6666666865348816,
        0.5
      ],
      [
        0.2857142984867096,
        0.6666666865348816,
        0.5
      ],
      [
        0.2857142984867096,
        0.6666666865348816,
        0.5
      ],
      [
        0.2857142984867096,
        0.6666666865348816,
        0.5
      ],
      [
        0.2857142984867096,
        0.6666666865348816,
        0.5
      ],
      [
        0.2857142984867096,
        0.6666666865348816,
        0.5
      ],
      [
        0.2857142984867096,
        0.6666666865348816,
        0.5
      ]
    ],