{
  "resource_category": "Resourceful user",
  "validation_results": {
    "Accuracy": [
      [
        0.7222222089767456,
        1.0,
        1.0
      ],
      [
        0.796296238899231,
        1.0,
        1.0
      ],
      [
        0.7222222089767456,
        1.0,
        1.0
      ],
      [
        0.7222222089767456,
        1.0,
        1.0
      ],
      [
        0.7222222089767456,
        1.0,
        1.0
      ],
      [
        0.7222222089767456,
        1.0,
        1.0
      ],
      [
        0.7222222089767456,
        1.0,
        1.0
      ],
      [
        0.7222222089767456,
        1.0,
        1.0
      ],
      [
        0.7222222089767456,
        1.0,
        1.0
      ],
      [
        0.7222222089767456,
        1.0,
        1.0
      ],
      [
        0.7222222089767456,
        1.0,
        1.0
      ],
      [
        0.7222222089767456,
        1.0,
        1.0
      ],
      [
        0.7222222089767456,
        1.0,
        1.0
      ],
      [
        0.7222222089767456,
        1.0,
        1.0
      ],
      [
        0.7222222089767456,
        1.0,
        1.0
      ],
      [
        0.7222222089767456,
        1.0,
        1.0
      ],
      [
        0.7222222089767456,
        1.0,
        1.0
      ],
      [
        0.7222222089767456,
        1.0,
        1.0
      ],
      [
        0.7222222089767456,
        1.0,
        1.0
      ],
      [
        0.7222222089767456,
        1.0,
        1.0
      ],
      [
        0.7222222089767456,
        1.0,
        1.0
      ],
      [
        0.7222222089767456,
        1.0,
        1.0
      ],
      [
        0.7222222089767456,
        1.0,
        1.0
      ],
      [
        0.7222222089767456,
        1.0,
        1.0
      ],
      [
        0.7222222089767456,
        1.0,
        1.0
      ],
      [
        0.7222222089767456,
        1.0,
        1.0
      ],
      [
        0.7222222089767456,
        1.0,
        1.0
      ],
      [
        0.7222222089767456,
        1.0,
        1.0
      ],
      [
        0.7222222089767456,
        1.0,
        1.0
      ],
      [
        0.7222222089767456,
        1.0,
        1.0
      ]
    ],
    "Precision": [
      [
        0.4814814627170563,
        1.0,
        1.0
      ],
      [
        0.46296295523643494,
        1.0,
        1.0
      ],
      [
        0.5370370149612427,
        1.0,
        1.0
      ],
      [
        0.5370370149612427,
        1.0,
        1.0
      ],
      [
        0.5370370149612427,
        1.0,
        1.0
      ],
      [
        0.5370370149612427,
        1.0,
        1.0
      ],
      [
        0.5370370149612427,
        1.0,
        1.0
      ],
      [
        0.5370370149612427,
        1.0,
        1.0
      ],
      [
        0.5370370149612427,
        1.0,
        1.0
      ],
      [
        0.5370370149612427,
        1.0,
        1.0
      ],
      [
        0.5370370149612427,
        1.0,
        1.0
      ],
      [
        0.5370370149612427,
        1.0,
        1.0
      ],
      [
        0.5370370149612427,
        1.0,
        1.0
      ],
      [
        0.5370370149612427,
        1.0,
        1.0
      ],
      [
        0.5370370149612427,
        1.0,
        1.0
      ],
      [
        0.5370370149612427,
        1.0,
        1.0
      ],
      [
        0.5370370149612427,
        1.0,
        1.0
      ],
      [
        0.5370370149612427,
        1.0,
        1.0
      ],
      [
        0.5370370149612427,
        1.0,
        1.0
      ],
      [
        0.5370370149612427,
        1.0,
        1.0
      ],
      [
        0.5370370149612427,
        1.0,
        1.0
      ],
      [
        0.5370370149612427,
        1.0,
        1.0
      ],
      [
        0.5370370149612427,
        1.0,
        1.0
      ],
      [
        0.5370370149612427,
        1.0,
        1.0
      ],
      [
        0.5370370149612427,
        1.0,
        1.0
      ],
      [
        0.5370370149612427,
        1.0,
        1.0
      ],
      [
        0.5370370149612427,
        1.0,
        1.0
      ],
      [
        0.5370370149612427,
        1.0,
        1.0
      ],
      [
        0.5370370149612427,
        1.0,
        1.0
      ],
      [
        0.5370370149612427,
        1.0,
        1.0
      ]
    ],
    "Recall": [
      [
        0.6666666865348816,
        1.0,
        1.0
      ],
      [
        0.5555555820465088,
        1.0,
        1.0
      ],
      [
        0.7777777910232544,
        1.0,
        1.0
      ],
      [
        0.7777777910232544,
        1.0,
        1.0
      ],
      [
        0.7777777910232544,
        1.0,
        1.0
      ],
      [
        0.7777777910232544,
        1.0,
        1.0
      ],
      [
        0.7777777910232544,
        1.0,
        1.0
      ],
      [
        0.7777777910232544,
        1.0,
        1.0
      ],
      [
        0.7777777910232544,
        1.0,
        1.0
      ],
      [
        0.7777777910232544,
        1.0,
        1.0
      ],
      [
        0.7777777910232544,
        1.0,
        1.0
      ],
      [
        0.7777777910232544,
        1.0,
        1.0
      ],
      [
        0.7777777910232544,
        1.0,
        1.0
      ],
      [
        0.7777777910232544,
        1.0,
        1.0
      ],
      [
        0.7777777910232544,
        1.0,
        1.0
      ],
      [
        0.7777777910232544,
        1.0,
        1.0
      ],
      [
        0.7777777910232544,
        1.0,
        1.0
      ],
      [
        0.7777777910232544,
        1.0,
        1.0
      ],
      [
        0.7777777910232544,
        1.0,
        1.0
      ],
      [
        0.7777777910232544,
        1.0,
        1.0
      ],
      [
        0.7777777910232544,
        1.0,
        1.0
      ],
      [
        0.7777777910232544,
        1.0,
        1.0
      ],
      [
        0.7777777910232544,
        1.0,
        1.0
      ],
      [
        0.7777777910232544,
        1.0,
        1.0
      ],
      [
        0.7777777910232544,
        1.0,
        1.0
      ],
      [
        0.7777777910232544,
        1.0,
        1.0
      ],
      [
        0.7777777910232544,
        1.0,
        1.0
      ],
      [
        0.7777777910232544,
        1.0,
        1.0
      ],
      [
        0.7777777910232544,
        1.0,
        1.0
      ],
      [
        0.7777777910232544,
        1.0,
        1.0
      ]
    ],