{
  "resource_category": "Resourceless user",
  "validation_results": {
    "Accuracy": [
      [
        0.550000011920929,
        0.5,
        0.625
      ],
      [
        0.550000011920929,
        0.5,
        0.625
      ],
      [
        0.550000011920929,
        0.5,
        0.625
      ],
      [
        0.550000011920929,
        0.5,
        0.625
      ],
      [
        0.44999998807907104,
        0.625,
        0.5
      ],
      [
        0.550000011920929,
        0.625,
        0.5
      ],
      [
        0.550000011920929,
        0.625,
        0.625
      ],
      [
        0.44999998807907104,
        0.5,
        0.625
      ],
      [
        0.550000011920929,
        0.625,
        0.5
      ],
      [
        0.550000011920929,
        0.625,
        0.5
      ],
      [
        0.550000011920929,
        0.625,
        0.625
      ],
      [
        0.44999998807907104,
        0.5,
        0.625
      ],
      [
        0.550000011920929,
        0.5,
        0.625
      ],
      [
        0.550000011920929,
        0.625,
        0.625
      ],
      [
        0.550000011920929,
        0.5,
        0.625
      ],
      [
        0.44999998807907104,
        0.5,
        0.625
      ],
      [
        0.550000011920929,
        0.5,
        0.625
      ],
      [
        0.550000011920929,
        0.625,
        0.625
      ],
      [
        0.550000011920929,
        0.5,
        0.625
      ],
      [
        0.550000011920929,
        0.625,
        0.625
      ],
      [
        0.44999998807907104,
        0.625,
        0.625
      ],
      [
        0.550000011920929,
        0.5,
        0.625
      ],
      [
        0.550000011920929,
        0.625,
        0.5
      ],
      [
        0.550000011920929,
        0.5,
        0.625
      ],
      [
        0.44999998807907104,
        0.5,
        0.625
      ],
      [
        0.550000011920929,
        0.5,
        0.625
      ],
      [
        0.550000011920929,
        0.625,
        0.5
      ],
      [
        0.550000011920929,
        0.5,
        0.625
      ],
      [
        0.550000011920929,
        0.625,
        0.625
      ],
      [
        0.550000011920929,
        0.5,
        0.625
      ]
    ],
    "Precision": [
      [
        0.20000000298023224,
        0.0625,
        0.25
      ],
      [
        0.20000000298023224,
        0.3125,
        0.25
      ],
      [
        0.4000000059604645,
        0.0625,
        0.25
      ],
      [
        0.0,
        0.0625,
        0.25
      ],
      [
        0.25,
        0.25,
        0.0625
      ],
      [
        0.20000000298023224,
        0.25,
        0.0625
      ],
      [
        0.0,
        0.0,
        0.25
      ],
      [
        0.05000000074505806,
        0.0625,
        0.25
      ],
      [
        0.20000000298023224,
        0.25,
        0.0625
      ],
      [
        0.20000000298023224,
        0.25,
        0.0625
      ],
      [
        0.4000000059604645,
        0.25,
        0.25
      ],
      [
        0.44999998807907104,
        0.0625,
        0.25
      ],
      [
        0.4000000059604645,
        0.0625,
        0.25
      ],
      [
        0.0,
        0.25,
        0.0
      ],
      [
        0.20000000298023224,
        0.0625,
        0.25
      ],
      [
        0.44999998807907104,
        0.0625,
        0.25
      ],
      [
        0.4000000059604645,
        0.0625,
        0.25
      ],
      [
        0.20000000298023224,
        0.25,
        0.0
      ],
      [
        0.0,
        0.3125,
        0.25
      ],
      [
        0.20000000298023224,
        0.25,
        0.25
      ],
      [
        0.25,
        0.25,
        0.25
      ],
      [
        0.20000000298023224,
        0.0625,
        0.25
      ],
      [
        0.0,
        0.25,
        0.0625
      ],
      [
        0.20000000298023224,
        0.0625,
        0.25
      ],
      [
        0.05000000074505806,
        0.0625,
        0.25
      ],
      [
        0.0,
        0.0625,
        0.0
      ],
      [
        0.0,
        0.0,
        0.0625
      ],
      [
        0.20000000298023224,
        0.0625,
        0.25
      ],
      [
        0.20000000298023224,
        0.25,
        0.25
      ],
      [
        0.20000000298023224,
        0.0625,
        0.25
      ]
    ],
    "Recall": [
      [
        0.4000000059604645,
        0.25,
        0.5
      ],
      [
        0.4000000059604645,
        0.75,
        0.5
      ],
      [
        0.800000011920929,
        0.25,
        0.5
      ],
      [
        0.0,
        0.25,
        0.5
      ],
      [
        0.6000000238418579,
        0.5,
        0.25
      ],
      [
        0.4000000059604645,
        0.5,
        0.25
      ],
      [
        0.0,
        0.0,
        0.5
      ],
      [
        0.20000000298023224,
        0.25,
        0.5
      ],
      [
        0.4000000059604645,
        0.5,
        0.25
      ],
      [
        0.4000000059604645,
        0.5,
        0.25
      ],
      [
        0.800000011920929,
        0.5,
        0.5
      ],
      [
        1.0,
        0.25,
        0.5
      ],
      [
        0.800000011920929,
        0.25,
        0.5
      ],
      [
        0.0,
        0.5,
        0.0
      ],
      [
        0.4000000059604645,
        0.25,
        0.5
      ],
      [
        1.0,
        0.25,
        0.5
      ],
      [
        0.800000011920929,
        0.25,
        0.5
      ],
      [
        0.4000000059604645,
        0.5,
        0.0
      ],
      [
        0.0,
        0.75,
        0.5
      ],
      [
        0.4000000059604645,
        0.5,
        0.5
      ],
      [
        0.6000000238418579,
        0.5,
        0.5
      ],
      [
        0.4000000059604645,
        0.25,
        0.5
      ],
      [
        0.0,
        0.5,
        0.25
      ],
      [
        0.4000000059604645,
        0.25,
        0.5
      ],
      [
        0.20000000298023224,
        0.25,
        0.5
      ],
      [
        0.0,
        0.25,
        0.0
      ],
      [
        0.0,
        0.0,
        0.25
      ],
      [
        0.4000000059604645,
        0.25,
        0.5
      ],
      [
        0.4000000059604645,
        0.5,
        0.5
      ],
      [
        0.4000000059604645,
        0.25,
        0.5
      ]
    ],