{
  "resource_category": "Resourceful user",
  "validation_results": {
    "Accuracy": [
      [
        0.9821428656578064,
        1.0,
        1.0
      ],
      [
        0.9821428656578064,
        1.0,
        1.0
      ],
      [
        0.9821428656578064,
        1.0,
        1.0
      ],
      [
        0.9821428656578064,
        1.0,
        1.0
      ],
      [
        0.9821428656578064,
        1.0,
        1.0
      ],
      [
        0.9821428656578064,
        1.0,
        1.0
      ],
      [
        0.9821428656578064,
        1.0,
        1.0
      ],
      [
        0.9821428656578064,
        1.0,
        1.0
      ],
      [
        0.9821428656578064,
        1.0,
        1.0
      ],
      [
        0.9821428656578064,
        1.0,
        1.0
      ],
      [
        0.9821428656578064,
        1.0,
        1.0
      ],
      [
        0.9821428656578064,
        1.0,
        1.0
      ],
      [
        0.9821428656578064,
        1.0,
        1.0
      ],
      [
        0.9821428656578064,
        1.0,
        1.0
      ],
      [
        0.9821428656578064,
        1.0,
        1.0
      ],
      [
        0.9821428656578064,
        1.0,
        1.0
      ],
      [
        0.9821428656578064,
        1.0,
        1.0
      ],
      [
        0.9821428656578064,
        1.0,
        1.0
      ],
      [
        0.9821428656578064,
        1.0,
        1.0
      ],
      [
        0.9821428656578064,
        1.0,
        1.0
      ],
      [
        0.9821428656578064,
        1.0,
        1.0
      ],
      [
        0.9821428656578064,
        1.0,
        1.0
      ],
      [
        0.9821428656578064,
        1.0,
        1.0
      ],
      [
        0.9821428656578064,
        1.0,
        1.0
      ],
      [
        0.9821428656578064,
        1.0,
        1.0
      ],
      [
        0.9821428656578064,
        1.0,
        1.0
      ],
      [
        0.9821428656578064,
        1.0,
        1.0
      ],
      [
        0.9821428656578064,
        1.0,
        1.0
      ],
      [
        0.9821428656578064,
        1.0,
        1.0
      ],
      [
        0.9821428656578064,
        1.0,
        1.0
      ]
    ],
    "Precision": [
      [
        0.875,
        1.0,
        1.0
      ],
      [
        0.875,
        1.0,
        1.0
      ],
      [
        0.875,
        1.0,
        1.0
      ],
      [
        0.875,
        1.0,
        1.0
      ],
      [
        0.875,
        1.0,
        1.0
      ],
      [
        0.875,
        1.0,
        1.0
      ],
      [
        0.875,
        1.0,
        1.0
      ],
      [
        0.875,
        1.0,
        1.0
      ],
      [
        0.875,
        1.0,
        1.0
      ],
      [
        0.875,
        1.0,
        1.0
      ],
      [
        0.875,
        1.0,
        1.0
      ],
      [
        0.875,
        1.0,
        1.0
      ],
      [
        0.875,
        1.0,
        1.0
      ],
      [
        0.875,
        1.0,
        1.0
      ],
      [
        0.875,
        1.0,
        1.0
      ],
      [
        0.875,
        1.0,
        1.0
      ],
      [
        0.875,
        1.0,
        1.0
      ],
      [
        0.875,
        1.0,
        1.0
      ],
      [
        0.875,
        1.0,
        1.0
      ],
      [
        0.875,
        1.0,
        1.0
      ],
      [
        0.875,
        1.0,
        1.0
      ],
      [
        0.875,
        1.0,
        1.0
      ],
      [
        0.875,
        1.0,
        1.0
      ],
      [
        0.875,
        1.0,
        1.0
      ],
      [
        0.875,
        1.0,
        1.0
      ],
      [
        0.875,
        1.0,
        1.0
      ],
      [
        0.875,
        1.0,
        1.0
      ],
      [
        0.875,
        1.0,
        1.0
      ],
      [
        0.875,
        1.0,
        1.0
      ],
      [
        0.875,
        1.0,
        1.0
      ]
    ],
    "Recall": [
      [
        0.875,
        1.0,
        1.0
      ],
      [
        0.875,
        1.0,
        1.0
      ],
      [
        0.875,
        1.0,
        1.0
      ],
      [
        0.875,
        1.0,
        1.0
      ],
      [
        0.875,
        1.0,
        1.0
      ],
      [
        0.875,
        1.0,
        1.0
      ],
      [
        0.875,
        1.0,
        1.0
      ],
      [
        0.875,
        1.0,
        1.0
      ],
      [
        0.875,
        1.0,
        1.0
      ],
      [
        0.875,
        1.0,
        1.0
      ],
      [
        0.875,
        1.0,
        1.0
      ],
      [
        0.875,
        1.0,
        1.0
      ],
      [
        0.875,
        1.0,
        1.0
      ],
      [
        0.875,
        1.0,
        1.0
      ],
      [
        0.875,
        1.0,
        1.0
      ],
      [
        0.875,
        1.0,
        1.0
      ],
      [
        0.875,
        1.0,
        1.0
      ],
      [
        0.875,
        1.0,
        1.0
      ],
      [
        0.875,
        1.0,
        1.0
      ],
      [
        0.875,
        1.0,
        1.0
      ],
      [
        0.875,
        1.0,
        1.0
      ],
      [
        0.875,
        1.0,
        1.0
      ],
      [
        0.875,
        1.0,
        1.0
      ],
      [
        0.875,
        1.0,
        1.0
      ],
      [
        0.875,
        1.0,
        1.0
      ],
      [
        0.875,
        1.0,
        1.0
      ],
      [
        0.875,
        1.0,
        1.0
      ],
      [
        0.875,
        1.0,
        1.0
      ],
      [
        0.875,
        1.0,
        1.0
      ],
      [
        0.875,
        1.0,
        1.0
      ]
    ],
    "F1Score": [
      [
        0.875,
        1.0,
        1.0
      ],
      [
        0.875,
        1.0,
        1.0
      ],
      [
        0.875,
        1.0,
        1.0
      ],
      [
        0.875,
        1.0,
        1.0
      ],
      [
        0.875,
        1.0,
        1.0
      ],
      [
        0.875,
        1.0,
        1.0
      ],
      [
        0.875,
        1.0,
        1.0
      ],
      [
        0.875,
        1.0,
        1.0
      ],
      [
        0.875,
        1.0,
        1.0
      ],
      [
        0.875,
        1.0,
        1.0
      ],
      [
        0.875,
        1.0,
        1.0
      ],
      [
        0.875,
        1.0,
        1.0
      ],
      [
        0.875,
        1.0,
        1.0
      ],
      [
        0.875,
        1.0,
        1.0
      ],
      [
        0.875,
        1.0,
        1.0
      ],
      [
        0.875,
        1.0,
        1.0
      ],
      [
        0.875,
        1.0,
        1.0
      ],
      [
        0.875,
        1.0,
        1.0
      ],
      [
        0.875,
        1.0,
        1.0
      ],
      [
        0.875,
        1.0,
        1.0
      ],
      [
        0.875,
        1.0,
        1.0
      ],
      [
        0.875,
        1.0,
        1.0
      ],
      [
        0.875,
        1.0,
        1.0
      ],
      [
        0.875,
        1.0,
        1.0
      ],
      [
        0.875,
        1.0,
        1.0
      ],
      [
        0.875,
        1.0,
        1.0
      ],
      [
        0.875,
        1.0,
        1.0
      ],
      [
        0.875,
        1.0,
        1.0
      ],
      [
        0.875,
        1.0,
        1.0
      ],
      [
        0.875,
        1.0,
        1.0
      ]
    ],