{
  "resource_category": "Resourceless user",
  "validation_results": {
    "Accuracy": [
      [
        0.8333333730697632,
        0.5,
        0.5
      ],
      [
        0.1666666716337204,
        0.5,
        0.5
      ],
      [
        0.1666666716337204,
        0.5,
        0.5
      ],
      [
        0.1666666716337204,
        0.5,
        0.5
      ],
      [
        0.1666666716337204,
        0.5,
        0.5
      ],
      [
        0.1666666716337204,
        0.5,
        0.5
      ],
      [
        0.1666666716337204,
        0.5,
        0.5
      ],
      [
        0.1666666716337204,
        0.5,
        0.5
      ],
      [
        0.1666666716337204,
        0.5,
        0.5
      ],
      [
        0.1666666716337204,
        0.5,
        0.5
      ],
      [
        0.1666666716337204,
        0.5,
        0.5
      ],
      [
        0.1666666716337204,
        0.5,
        0.5
      ],
      [
        0.1666666716337204,
        0.5,
        0.5
      ],
      [
        0.1666666716337204,
        0.5,
        0.5
      ],
      [
        0.1666666716337204,
        0.5,
        0.5
      ],
      [
        0.1666666716337204,
        0.5,
        0.5
      ],
      [
        0.1666666716337204,
        0.5,
        0.5
      ],
      [
        0.1666666716337204,
        0.5,
        0.5
      ],
      [
        0.1666666716337204,
        0.5,
        0.5
      ],
      [
        0.1666666716337204,
        0.5,
        0.5
      ],
      [
        0.1666666716337204,
        0.5,
        0.5
      ],
      [
        0.1666666716337204,
        0.5,
        0.5
      ],
      [
        0.1666666716337204,
        0.5,
        0.5
      ],
      [
        0.1666666716337204,
        0.5,
        0.5
      ],
      [
        0.1666666716337204,
        0.5,
        0.5
      ],
      [
        0.1666666716337204,
        0.5,
        0.5
      ],
      [
        0.1666666716337204,
        0.5,
        0.5
      ],
      [
        0.1666666716337204,
        0.5,
        0.5
      ],
      [
        0.1666666716337204,
        0.5,
        0.5
      ],
      [
        0.1666666716337204,
        0.5,
        0.5
      ]
    ],
    "Precision": [
      [
        0.6666666865348816,
        0.10000000149011612,
        0.10000000149011612
      ],
      [
        0.1666666716337204,
        0.10000000149011612,
        0.10000000149011612
      ],
      [
        0.1666666716337204,
        0.0,
        0.10000000149011612
      ],
      [
        0.1666666716337204,
        0.10000000149011612,
        0.10000000149011612
      ],
      [
        0.1666666716337204,
        0.10000000149011612,
        0.10000000149011612
      ],
      [
        0.1666666716337204,
        0.10000000149011612,
        0.10000000149011612
      ],
      [
        0.1666666716337204,
        0.10000000149011612,
        0.10000000149011612
      ],
      [
        0.1666666716337204,
        0.10000000149011612,
        0.10000000149011612
      ],
      [
        0.0,
        0.10000000149011612,
        0.10000000149011612
      ],
      [
        0.1666666716337204,
        0.10000000149011612,
        0.10000000149011612
      ],
      [
        0.0,
        0.20000000298023224,
        0.10000000149011612
      ],
      [
        0.0,
        0.10000000149011612,
        0.10000000149011612
      ],
      [
        0.1666666716337204,
        0.10000000149011612,
        0.10000000149011612
      ],
      [
        0.1666666716337204,
        0.10000000149011612,
        0.10000000149011612
      ],
      [
        0.1666666716337204,
        0.10000000149011612,
        0.20000000298023224
      ],
      [
        0.1666666716337204,
        0.20000000298023224,
        0.10000000149011612
      ],
      [
        0.1666666716337204,
        0.10000000149011612,
        0.10000000149011612
      ],
      [
        0.1666666716337204,
        0.20000000298023224,
        0.10000000149011612
      ],
      [
        0.1666666716337204,
        0.10000000149011612,
        0.20000000298023224
      ],
      [
        0.1666666716337204,
        0.30000001192092896,
        0.10000000149011612
      ],
      [
        0.1666666716337204,
        0.10000000149011612,
        0.10000000149011612
      ],
      [
        0.0,
        0.20000000298023224,
        0.10000000149011612
      ],
      [
        0.1666666716337204,
        0.10000000149011612,
        0.10000000149011612
      ],
      [
        0.1666666716337204,
        0.30000001192092896,
        0.10000000149011612
      ],
      [
        0.1666666716337204,
        0.10000000149011612,
        0.10000000149011612
      ],
      [
        0.1666666716337204,
        0.10000000149011612,
        0.10000000149011612
      ],
      [
        0.0,
        0.10000000149011612,
        0.10000000149011612
      ],
      [
        0.1666666716337204,
        0.10000000149011612,
        0.10000000149011612
      ],
      [
        0.1666666716337204,
        0.10000000149011612,
        0.0
      ],
      [
        0.1666666716337204,
        0.30000001192092896,
        0.10000000149011612
      ]
    ],