{
  "resource_category": "Resourceful user",
  "validation_results": {
    "Accuracy": [
      [
        0.125,
        0.75,
        0.75
      ],
      [
        0.8749999403953552,
        0.375,
        0.75
      ],
      [
        0.8749999403953552,
        0.25,
        0.75
      ],
      [
        0.8749999403953552,
        0.25,
        0.75
      ],
      [
        0.8749999403953552,
        0.25,
        0.75
      ],
      [
        0.3499999940395355,
        0.625,
        0.25
      ],
      [
        0.8749999403953552,
        0.375,
        0.75
      ],
      [
        0.8749999403953552,
        0.25,
        0.75
      ],
      [
        0.8749999403953552,
        0.25,
        0.75
      ],
      [
        0.8749999403953552,
        0.25,
        0.75
      ],
      [
        0.8749999403953552,
        0.25,
        0.75
      ],
      [
        0.8749999403953552,
        0.25,
        0.75
      ],
      [
        0.8749999403953552,
        0.25,
        0.75
      ],
      [
        0.8749999403953552,
        0.25,
        0.75
      ],
      [
        0.8749999403953552,
        0.25,
        0.75
      ],
      [
        0.8749999403953552,
        0.25,
        0.75
      ],
      [
        0.8749999403953552,
        0.25,
        0.75
      ],
      [
        0.8749999403953552,
        0.625,
        0.75
      ],
      [
        0.8749999403953552,
        0.25,
        0.75
      ],
      [
        0.8749999403953552,
        0.25,
        0.75
      ],
      [
        0.8749999403953552,
        0.25,
        0.75
      ],
      [
        0.8749999403953552,
        0.25,
        0.75
      ],
      [
        0.8749999403953552,
        0.25,
        0.75
      ],
      [
        0.8749999403953552,
        0.25,
        0.75
      ],
      [
        0.8749999403953552,
        0.25,
        0.75
      ],
      [
        0.8749999403953552,
        0.25,
        0.75
      ],
      [
        0.8749999403953552,
        0.25,
        0.75
      ],
      [
        0.8749999403953552,
        0.375,
        0.75
      ],
      [
        0.8749999403953552,
        0.25,
        0.75
      ],
      [
        0.8749999403953552,
        0.25,
        0.75
      ]
    ],
    "Precision": [
      [
        0.03750000149011612,
        0.5625,
        0.5625
      ],
      [
        0.612500011920929,
        0.0,
        0.5625
      ],
      [
        0.612500011920929,
        0.0625,
        0.5625
      ],
      [
        0.612500011920929,
        0.0625,
        0.5625
      ],
      [
        0.612500011920929,
        0.0625,
        0.5625
      ],
      [
        0.0,
        0.625,
        0.0625
      ],
      [
        0.612500011920929,
        0.0,
        0.5625
      ],
      [
        0.612500011920929,
        0.0625,
        0.5625
      ],
      [
        0.612500011920929,
        0.0625,
        0.5625
      ],
      [
        0.612500011920929,
        0.0625,
        0.5625
      ],
      [
        0.612500011920929,
        0.0625,
        0.5625
      ],
      [
        0.612500011920929,
        0.0625,
        0.5625
      ],
      [
        0.612500011920929,
        0.0625,
        0.5625
      ],
      [
        0.612500011920929,
        0.0625,
        0.5625
      ],
      [
        0.612500011920929,
        0.0625,
        0.5625
      ],
      [
        0.612500011920929,
        0.0625,
        0.5625
      ],
      [
        0.612500011920929,
        0.0625,
        0.5625
      ],
      [
        0.612500011920929,
        0.625,
        0.5625
      ],
      [
        0.612500011920929,
        0.0625,
        0.5625
      ],
      [
        0.612500011920929,
        0.0625,
        0.5625
      ],
      [
        0.612500011920929,
        0.0625,
        0.5625
      ],
      [
        0.612500011920929,
        0.0625,
        0.5625
      ],
      [
        0.612500011920929,
        0.0625,
        0.5625
      ],
      [
        0.612500011920929,
        0.0625,
        0.5625
      ],
      [
        0.612500011920929,
        0.0625,
        0.5625
      ],
      [
        0.612500011920929,
        0.0625,
        0.5625
      ],
      [
        0.612500011920929,
        0.0625,
        0.5625
      ],
      [
        0.612500011920929,
        0.0,
        0.5625
      ],
      [
        0.612500011920929,
        0.0625,
        0.5625
      ],
      [
        0.612500011920929,
        0.0625,
        0.5625
      ]
    ],
    "Recall": [
      [
        0.30000001192092896,
        0.75,
        0.75
      ],
      [
        0.699999988079071,
        0.0,
        0.75
      ],
      [
        0.699999988079071,
        0.25,
        0.75
      ],
      [
        0.699999988079071,
        0.25,
        0.75
      ],
      [
        0.699999988079071,
        0.25,
        0.75
      ],
      [
        0.0,
        1.0,
        0.25
      ],
      [
        0.699999988079071,
        0.0,
        0.75
      ],
      [
        0.699999988079071,
        0.25,
        0.75
      ],
      [
        0.699999988079071,
        0.25,
        0.75
      ],
      [
        0.699999988079071,
        0.25,
        0.75
      ],
      [
        0.699999988079071,
        0.25,
        0.75
      ],
      [
        0.699999988079071,
        0.25,
        0.75
      ],
      [
        0.699999988079071,
        0.25,
        0.75
      ],
      [
        0.699999988079071,
        0.25,
        0.75
      ],
      [
        0.699999988079071,
        0.25,
        0.75
      ],
      [
        0.699999988079071,
        0.25,
        0.75
      ],
      [
        0.699999988079071,
        0.25,
        0.75
      ],
      [
        0.699999988079071,
        1.0,
        0.75
      ],
      [
        0.699999988079071,
        0.25,
        0.75
      ],
      [
        0.699999988079071,
        0.25,
        0.75
      ],
      [
        0.699999988079071,
        0.25,
        0.75
      ],
      [
        0.699999988079071,
        0.25,
        0.75
      ],
      [
        0.699999988079071,
        0.25,
        0.75
      ],
      [
        0.699999988079071,
        0.25,
        0.75
      ],
      [
        0.699999988079071,
        0.25,
        0.75
      ],
      [
        0.699999988079071,
        0.25,
        0.75
      ],
      [
        0.699999988079071,
        0.25,
        0.75
      ],
      [
        0.699999988079071,
        0.0,
        0.75
      ],
      [
        0.699999988079071,
        0.25,
        0.75
      ],
      [
        0.699999988079071,
        0.25,
        0.75
      ]
    ],