{
  "resource_category": "Resourceless user",
  "validation_results": {
    "Accuracy": [
      [
        0.3333333432674408,
        1.0,
        1.0
      ],
      [
        0.4444444477558136,
        0.0,
        0.0
      ],
      [
        0.3333333432674408,
        0.0,
        1.0
      ],
      [
        0.3333333432674408,
        1.0,
        1.0
      ],
      [
        0.3333333432674408,
        1.0,
        1.0
      ],
      [
        0.4444444477558136,
        0.0,
        1.0
      ],
      [
        0.3333333432674408,
        1.0,
        1.0
      ],
      [
        0.3333333432674408,
        0.0,
        0.0
      ],
      [
        0.3333333432674408,
        1.0,
        1.0
      ],
      [
        0.3333333432674408,
        0.0,
        0.0
      ],
      [
        0.3333333432674408,
        0.0,
        1.0
      ],
      [
        0.3333333432674408,
        0.0,
        0.0
      ],
      [
        0.5555555820465088,
        0.0,
        1.0
      ],
      [
        0.4444444477558136,
        0.0,
        0.0
      ],
      [
        0.4444444477558136,
        1.0,
        1.0
      ],
      [
        0.3333333432674408,
        1.0,
        1.0
      ],
      [
        0.3333333432674408,
        0.0,
        0.0
      ],
      [
        0.4444444477558136,
        1.0,
        1.0
      ],
      [
        0.3333333432674408,
        0.0,
        1.0
      ],
      [
        0.4444444477558136,
        1.0,
        1.0
      ],
      [
        0.3333333432674408,
        1.0,
        1.0
      ],
      [
        0.3333333432674408,
        0.0,
        0.0
      ],
      [
        0.3333333432674408,
        0.0,
        0.0
      ],
      [
        0.3333333432674408,
        1.0,
        0.0
      ],
      [
        0.4444444477558136,
        1.0,
        1.0
      ],
      [
        0.4444444477558136,
        0.0,
        1.0
      ],
      [
        0.5555555820465088,
        0.0,
        1.0
      ],
      [
        0.4444444477558136,
        0.0,
        0.0
      ],
      [
        0.3333333432674408,
        1.0,
        1.0
      ],
      [
        0.4444444477558136,
        0.0,
        0.0
      ]
    ],
    "Precision": [
      [
        0.1111111119389534,
        1.0,
        1.0
      ],
      [
        0.0,
        0.0,
        0.0
      ],
      [
        0.1111111119389534,
        0.0,
        1.0
      ],
      [
        0.1111111119389534,
        1.0,
        1.0
      ],
      [
        0.1111111119389534,
        1.0,
        1.0
      ],
      [
        0.0,
        0.0,
        1.0
      ],
      [
        0.1111111119389534,
        1.0,
        1.0
      ],
      [
        0.1111111119389534,
        0.0,
        0.0
      ],
      [
        0.1111111119389534,
        1.0,
        1.0
      ],
      [
        0.1111111119389534,
        0.0,
        0.0
      ],
      [
        0.1111111119389534,
        0.0,
        1.0
      ],
      [
        0.1111111119389534,
        0.0,
        0.0
      ],
      [
        0.5555555820465088,
        0.0,
        1.0
      ],
      [
        0.0,
        0.0,
        0.0
      ],
      [
        0.0,
        1.0,
        1.0
      ],
      [
        0.1111111119389534,
        1.0,
        1.0
      ],
      [
        0.1111111119389534,
        0.0,
        0.0
      ],
      [
        0.0,
        1.0,
        1.0
      ],
      [
        0.1111111119389534,
        0.0,
        1.0
      ],
      [
        0.0,
        1.0,
        1.0
      ],
      [
        0.1111111119389534,
        1.0,
        1.0
      ],
      [
        0.1111111119389534,
        0.0,
        0.0
      ],
      [
        0.1111111119389534,
        0.0,
        0.0
      ],
      [
        0.1111111119389534,
        1.0,
        0.0
      ],
      [
        0.0,
        1.0,
        1.0
      ],
      [
        0.0,
        0.0,
        1.0
      ],
      [
        0.5555555820465088,
        0.0,
        1.0
      ],
      [
        0.0,
        0.0,
        0.0
      ],
      [
        0.1111111119389534,
        1.0,
        1.0
      ],
      [
        0.0,
        0.0,
        0.0
      ]
    ],
    "Recall": [
      [
        0.3333333432674408,
        1.0,
        1.0
      ],
      [
        0.0,
        0.0,
        0.0
      ],
      [
        0.3333333432674408,
        0.0,
        1.0
      ],
      [
        0.3333333432674408,
        1.0,
        1.0
      ],
      [
        0.3333333432674408,
        1.0,
        1.0
      ],
      [
        0.0,
        0.0,
        1.0
      ],
      [
        0.3333333432674408,
        1.0,
        1.0
      ],
      [
        0.3333333432674408,
        0.0,
        0.0
      ],
      [
        0.3333333432674408,
        1.0,
        1.0
      ],
      [
        0.3333333432674408,
        0.0,
        0.0
      ],
      [
        0.3333333432674408,
        0.0,
        1.0
      ],
      [
        0.3333333432674408,
        0.0,
        0.0
      ],
      [
        1.0,
        0.0,
        1.0
      ],
      [
        0.0,
        0.0,
        0.0
      ],
      [
        0.0,
        1.0,
        1.0
      ],
      [
        0.3333333432674408,
        1.0,
        1.0
      ],
      [
        0.3333333432674408,
        0.0,
        0.0
      ],
      [
        0.0,
        1.0,
        1.0
      ],
      [
        0.3333333432674408,
        0.0,
        1.0
      ],
      [
        0.0,
        1.0,
        1.0
      ],
      [
        0.3333333432674408,
        1.0,
        1.0
      ],
      [
        0.3333333432674408,
        0.0,
        0.0
      ],
      [
        0.3333333432674408,
        0.0,
        0.0
      ],
      [
        0.3333333432674408,
        1.0,
        0.0
      ],
      [
        0.0,
        1.0,
        1.0
      ],
      [
        0.0,
        0.0,
        1.0
      ],
      [
        1.0,
        0.0,
        1.0
      ],
      [
        0.0,
        0.0,
        0.0
      ],
      [
        0.3333333432674408,
        1.0,
        1.0
      ],
      [
        0.0,
        0.0,
        0.0
      ]
    ],