{
  "resource_category": "Resourceless user",
  "validation_results": {
    "Accuracy": [
      [
        0.4166666865348816,
        1.0,
        0.3500000238418579
      ],
      [
        0.6666666865348816,
        1.0,
        0.75
      ],
      [
        0.6666666865348816,
        1.0,
        0.45000001788139343
      ],
      [
        0.6666666865348816,
        0.0,
        0.3500000238418579
      ],
      [
        0.6666666865348816,
        0.0,
        0.75
      ],
      [
        0.6666666865348816,
        0.0,
        0.45000001788139343
      ],
      [
        0.6666666865348816,
        1.0,
        0.75
      ],
      [
        0.4166666865348816,
        0.0,
        0.45000001788139343
      ],
      [
        0.6666666865348816,
        0.0,
        0.45000001788139343
      ],
      [
        0.4166666865348816,
        1.0,
        0.75
      ],
      [
        0.4166666865348816,
        1.0,
        0.75
      ],
      [
        0.4166666865348816,
        0.0,
        0.3500000238418579
      ],
      [
        0.4166666865348816,
        1.0,
        0.75
      ],
      [
        0.6666666865348816,
        0.0,
        0.3500000238418579
      ],
      [
        0.6666666865348816,
        0.0,
        0.75
      ],
      [
        0.6666666865348816,
        1.0,
        0.75
      ],
      [
        0.6666666865348816,
        0.0,
        0.75
      ],
      [
        0.6666666865348816,
        0.0,
        0.45000001788139343
      ],
      [
        0.6666666865348816,
        0.0,
        0.45000001788139343
      ],
      [
        0.6666666865348816,
        1.0,
        0.75
      ],
      [
        0.6666666865348816,
        1.0,
        0.6499999761581421
      ],
      [
        0.4166666865348816,
        0.0,
        0.75
      ],
      [
        0.6666666865348816,
        1.0,
        0.75
      ],
      [
        0.6666666865348816,
        0.0,
        0.3500000238418579
      ],
      [
        0.6666666865348816,
        1.0,
        0.75
      ],
      [
        0.4166666865348816,
        0.0,
        0.75
      ],
      [
        0.4166666865348816,
        0.0,
        0.3500000238418579
      ],
      [
        0.6666666865348816,
        0.0,
        0.45000001788139343
      ],
      [
        0.6666666865348816,
        1.0,
        0.75
      ],
      [
        0.4166666865348816,
        0.0,
        0.75
      ]
    ],
    "Precision": [
      [
        0.0,
        1.0,
        0.05000000074505806
      ],
      [
        0.375,
        1.0,
        0.44999998807907104
      ],
      [
        0.375,
        1.0,
        0.0
      ],
      [
        0.375,
        0.0,
        0.05000000074505806
      ],
      [
        0.375,
        0.0,
        0.44999998807907104
      ],
      [
        0.375,
        0.0,
        0.0
      ],
      [
        0.375,
        1.0,
        0.44999998807907104
      ],
      [
        0.0,
        0.0,
        0.0
      ],
      [
        0.375,
        0.0,
        0.0
      ],
      [
        0.0,
        1.0,
        0.44999998807907104
      ],
      [
        0.1666666716337204,
        1.0,
        0.44999998807907104
      ],
      [
        0.0,
        0.0,
        0.05000000074505806
      ],
      [
        0.0,
        1.0,
        0.44999998807907104
      ],
      [
        0.375,
        0.0,
        0.05000000074505806
      ],
      [
        0.375,
        0.0,
        0.44999998807907104
      ],
      [
        0.375,
        1.0,
        0.44999998807907104
      ],
      [
        0.375,
        0.0,
        0.44999998807907104
      ],
      [
        0.5416666865348816,
        0.0,
        0.0
      ],
      [
        0.375,
        0.0,
        0.0
      ],
      [
        0.375,
        1.0,
        0.44999998807907104
      ],
      [
        0.5416666865348816,
        1.0,
        0.5
      ],
      [
        0.1666666716337204,
        0.0,
        0.44999998807907104
      ],
      [
        0.375,
        1.0,
        0.44999998807907104
      ],
      [
        0.375,
        0.0,
        0.05000000074505806
      ],
      [
        0.5416666865348816,
        1.0,
        0.44999998807907104
      ],
      [
        0.0,
        0.0,
        0.44999998807907104
      ],
      [
        0.1666666716337204,
        0.0,
        0.05000000074505806
      ],
      [
        0.375,
        0.0,
        0.0
      ],
      [
        0.375,
        1.0,
        0.44999998807907104
      ],
      [
        0.0,
        0.0,
        0.44999998807907104
      ]
    ],
    "Recall": [
      [
        0.0,
        1.0,
        0.20000000298023224
      ],
      [
        0.5,
        1.0,
        0.6000000238418579
      ],
      [
        0.5,
        1.0,
        0.0
      ],
      [
        0.5,
        0.0,
        0.20000000298023224
      ],
      [
        0.5,
        0.0,
        0.6000000238418579
      ],
      [
        0.5,
        0.0,
        0.0
      ],
      [
        0.5,
        1.0,
        0.6000000238418579
      ],
      [
        0.0,
        0.0,
        0.0
      ],
      [
        0.5,
        0.0,
        0.0
      ],
      [
        0.0,
        1.0,
        0.6000000238418579
      ],
      [
        0.3333333432674408,
        1.0,
        0.6000000238418579
      ],
      [
        0.0,
        0.0,
        0.20000000298023224
      ],
      [
        0.0,
        1.0,
        0.6000000238418579
      ],
      [
        0.5,
        0.0,
        0.20000000298023224
      ],
      [
        0.5,
        0.0,
        0.6000000238418579
      ],
      [
        0.5,
        1.0,
        0.6000000238418579
      ],
      [
        0.5,
        0.0,
        0.6000000238418579
      ],
      [
        0.8333333730697632,
        0.0,
        0.0
      ],
      [
        0.5,
        0.0,
        0.0
      ],
      [
        0.5,
        1.0,
        0.6000000238418579
      ],
      [
        0.8333333730697632,
        1.0,
        0.800000011920929
      ],
      [
        0.3333333432674408,
        0.0,
        0.6000000238418579
      ],
      [
        0.5,
        1.0,
        0.6000000238418579
      ],
      [
        0.5,
        0.0,
        0.20000000298023224
      ],
      [
        0.8333333730697632,
        1.0,
        0.6000000238418579
      ],
      [
        0.0,
        0.0,
        0.6000000238418579
      ],
      [
        0.3333333432674408,
        0.0,
        0.20000000298023224
      ],
      [
        0.5,
        0.0,
        0.0
      ],
      [
        0.5,
        1.0,
        0.6000000238418579
      ],
      [
        0.0,
        0.0,
        0.6000000238418579
      ]
    ],