{
  "resource_category": "Resourceful user",
  "validation_results": {
    "Accuracy": [
      [
        0.42500001192092896,
        0.375,
        0.28125
      ],
      [
        0.6000000238418579,
        0.625,
        0.625
      ],
      [
        0.6000000238418579,
        0.71875,
        0.625
      ],
      [
        0.675000011920929,
        0.71875,
        0.625
      ],
      [
        0.6000000238418579,
        0.625,
        0.625
      ],
      [
        0.675000011920929,
        0.625,
        0.625
      ],
      [
        0.675000011920929,
        0.625,
        0.625
      ],
      [
        0.675000011920929,
        0.625,
        0.625
      ],
      [
        0.675000011920929,
        0.625,
        0.625
      ],
      [
        0.675000011920929,
        0.625,
        0.625
      ],
      [
        0.675000011920929,
        0.625,
        0.625
      ],
      [
        0.675000011920929,
        0.625,
        0.71875
      ],
      [
        0.675000011920929,
        0.625,
        0.71875
      ],
      [
        0.675000011920929,
        0.625,
        0.71875
      ],
      [
        0.675000011920929,
        0.625,
        0.71875
      ],
      [
        0.675000011920929,
        0.625,
        0.71875
      ],
      [
        0.675000011920929,
        0.625,
        0.71875
      ],
      [
        0.675000011920929,
        0.625,
        0.71875
      ],
      [
        0.675000011920929,
        0.625,
        0.71875
      ],
      [
        0.675000011920929,
        0.625,
        0.71875
      ],
      [
        0.675000011920929,
        0.625,
        0.71875
      ],
      [
        0.675000011920929,
        0.625,
        0.71875
      ],
      [
        0.675000011920929,
        0.625,
        0.71875
      ],
      [
        0.675000011920929,
        0.625,
        0.71875
      ],
      [
        0.675000011920929,
        0.625,
        0.71875
      ],
      [
        0.675000011920929,
        0.625,
        0.71875
      ],
      [
        0.675000011920929,
        0.625,
        0.71875
      ],
      [
        0.675000011920929,
        0.625,
        0.71875
      ],
      [
        0.675000011920929,
        0.625,
        0.71875
      ],
      [
        0.675000011920929,
        0.625,
        0.71875
      ]
    ],
    "Precision": [
      [
        0.07500000298023224,
        0.140625,
        0.28125
      ],
      [
        0.012500000186264515,
        0.140625,
        0.140625
      ],
      [
        0.012500000186264515,
        0.0,
        0.140625
      ],
      [
        0.0,
        0.0,
        0.140625
      ],
      [
        0.012500000186264515,
        0.140625,
        0.140625
      ],
      [
        0.0,
        0.140625,
        0.140625
      ],
      [
        0.0,
        0.140625,
        0.140625
      ],
      [
        0.0,
        0.140625,
        0.140625
      ],
      [
        0.0,
        0.140625,
        0.140625
      ],
      [
        0.0,
        0.140625,
        0.140625
      ],
      [
        0.0,
        0.140625,
        0.140625
      ],
      [
        0.0,
        0.140625,
        0.0
      ],
      [
        0.0,
        0.140625,
        0.0
      ],
      [
        0.0,
        0.140625,
        0.0
      ],
      [
        0.0,
        0.140625,
        0.0
      ],
      [
        0.0,
        0.140625,
        0.0
      ],
      [
        0.0,
        0.140625,
        0.0
      ],
      [
        0.0,
        0.140625,
        0.0
      ],
      [
        0.0,
        0.140625,
        0.0
      ],
      [
        0.0,
        0.140625,
        0.0
      ],
      [
        0.0,
        0.140625,
        0.0
      ],
      [
        0.0,
        0.140625,
        0.0
      ],
      [
        0.0,
        0.140625,
        0.0
      ],
      [
        0.0,
        0.140625,
        0.0
      ],
      [
        0.0,
        0.140625,
        0.0
      ],
      [
        0.0,
        0.140625,
        0.0
      ],
      [
        0.0,
        0.140625,
        0.0
      ],
      [
        0.0,
        0.140625,
        0.0
      ],
      [
        0.0,
        0.140625,
        0.0
      ],
      [
        0.0,
        0.140625,
        0.0
      ]
    ],
    "Recall": [
      [
        0.4000000059604645,
        0.625,
        1.0
      ],
      [
        0.10000000149011612,
        0.375,
        0.375
      ],
      [
        0.10000000149011612,
        0.0,
        0.375
      ],
      [
        0.0,
        0.0,
        0.375
      ],
      [
        0.10000000149011612,
        0.375,
        0.375
      ],
      [
        0.0,
        0.375,
        0.375
      ],
      [
        0.0,
        0.375,
        0.375
      ],
      [
        0.0,
        0.375,
        0.375
      ],
      [
        0.0,
        0.375,
        0.375
      ],
      [
        0.0,
        0.375,
        0.375
      ],
      [
        0.0,
        0.375,
        0.375
      ],
      [
        0.0,
        0.375,
        0.0
      ],
      [
        0.0,
        0.375,
        0.0
      ],
      [
        0.0,
        0.375,
        0.0
      ],
      [
        0.0,
        0.375,
        0.0
      ],
      [
        0.0,
        0.375,
        0.0
      ],
      [
        0.0,
        0.375,
        0.0
      ],
      [
        0.0,
        0.375,
        0.0
      ],
      [
        0.0,
        0.375,
        0.0
      ],
      [
        0.0,
        0.375,
        0.0
      ],
      [
        0.0,
        0.375,
        0.0
      ],
      [
        0.0,
        0.375,
        0.0
      ],
      [
        0.0,
        0.375,
        0.0
      ],
      [
        0.0,
        0.375,
        0.0
      ],
      [
        0.0,
        0.375,
        0.0
      ],
      [
        0.0,
        0.375,
        0.0
      ],
      [
        0.0,
        0.375,
        0.0
      ],
      [
        0.0,
        0.375,
        0.0
      ],
      [
        0.0,
        0.375,
        0.0
      ],
      [
        0.0,
        0.375,
        0.0
      ]
    ],