{
  "resource_category": "Resourceless user",
  "validation_results": {
    "Accuracy": [
      [
        0.5,
        0.0,
        0.5
      ],
      [
        0.5,
        0.3333333432674408,
        0.5
      ],
      [
        0.5,
        0.3333333432674408,
        0.5
      ],
      [
        0.5,
        0.0,
        0.5
      ],
      [
        0.5,
        1.0,
        0.5
      ],
      [
        0.5,
        0.0,
        0.5
      ],
      [
        0.5,
        0.3333333432674408,
        0.5
      ],
      [
        0.5,
        0.0,
        0.5
      ],
      [
        0.5,
        0.3333333432674408,
        0.5
      ],
      [
        0.5,
        0.0,
        0.5
      ],
      [
        0.5,
        1.0,
        0.5
      ],
      [
        0.5,
        0.6666666865348816,
        0.5
      ],
      [
        0.5,
        0.0,
        0.5
      ],
      [
        0.5,
        0.3333333432674408,
        0.5
      ],
      [
        0.5,
        0.3333333432674408,
        0.5
      ],
      [
        0.5,
        0.0,
        0.5
      ],
      [
        0.5,
        0.0,
        0.5
      ],
      [
        0.5,
        0.6666666865348816,
        0.5
      ],
      [
        0.5,
        0.0,
        0.5
      ],
      [
        0.5,
        0.0,
        0.5
      ],
      [
        0.5,
        0.0,
        0.5
      ],
      [
        0.5,
        0.0,
        0.5
      ],
      [
        0.5,
        1.0,
        0.5
      ],
      [
        0.5,
        0.0,
        0.5
      ],
      [
        0.5,
        1.0,
        0.5
      ],
      [
        0.5,
        0.3333333432674408,
        0.5
      ],
      [
        0.5,
        0.0,
        0.5
      ],
      [
        0.5,
        0.3333333432674408,
        0.5
      ],
      [
        0.5,
        0.3333333432674408,
        0.5
      ],
      [
        0.5,
        0.3333333432674408,
        0.5
      ]
    ],
    "Precision": [
      [
        0.1666666716337204,
        0.0,
        0.1666666716337204
      ],
      [
        0.0,
        0.3333333432674408,
        0.1666666716337204
      ],
      [
        0.1666666716337204,
        0.3333333432674408,
        0.1666666716337204
      ],
      [
        0.0,
        0.0,
        0.1666666716337204
      ],
      [
        0.1666666716337204,
        1.0,
        0.1666666716337204
      ],
      [
        0.5,
        0.0,
        0.1666666716337204
      ],
      [
        0.3333333432674408,
        0.3333333432674408,
        0.1666666716337204
      ],
      [
        0.1666666716337204,
        0.0,
        0.1666666716337204
      ],
      [
        0.1666666716337204,
        0.3333333432674408,
        0.1666666716337204
      ],
      [
        0.0,
        0.0,
        0.1666666716337204
      ],
      [
        0.1666666716337204,
        1.0,
        0.1666666716337204
      ],
      [
        0.1666666716337204,
        0.6666666865348816,
        0.1666666716337204
      ],
      [
        0.1666666716337204,
        0.0,
        0.1666666716337204
      ],
      [
        0.3333333432674408,
        0.3333333432674408,
        0.0
      ],
      [
        0.0,
        0.3333333432674408,
        0.1666666716337204
      ],
      [
        0.1666666716337204,
        0.0,
        0.1666666716337204
      ],
      [
        0.0,
        0.0,
        0.0
      ],
      [
        0.0,
        0.6666666865348816,
        0.1666666716337204
      ],
      [
        0.0,
        0.0,
        0.1666666716337204
      ],
      [
        0.1666666716337204,
        0.0,
        0.1666666716337204
      ],
      [
        0.3333333432674408,
        0.0,
        0.3333333432674408
      ],
      [
        0.3333333432674408,
        0.0,
        0.1666666716337204
      ],
      [
        0.1666666716337204,
        1.0,
        0.1666666716337204
      ],
      [
        0.1666666716337204,
        0.0,
        0.1666666716337204
      ],
      [
        0.3333333432674408,
        1.0,
        0.3333333432674408
      ],
      [
        0.5,
        0.3333333432674408,
        0.1666666716337204
      ],
      [
        0.1666666716337204,
        0.0,
        0.1666666716337204
      ],
      [
        0.1666666716337204,
        0.3333333432674408,
        0.0
      ],
      [
        0.1666666716337204,
        0.3333333432674408,
        0.1666666716337204
      ],
      [
        0.1666666716337204,
        0.3333333432674408,
        0.1666666716337204
      ]
    ],
    "Recall": [
      [
        0.3333333432674408,
        0.0,
        0.3333333432674408
      ],
      [
        0.0,
        0.3333333432674408,
        0.3333333432674408
      ],
      [
        0.3333333432674408,
        0.3333333432674408,
        0.3333333432674408
      ],
      [
        0.0,
        0.0,
        0.3333333432674408
      ],
      [
        0.3333333432674408,
        1.0,
        0.3333333432674408
      ],
      [
        1.0,
        0.0,
        0.3333333432674408
      ],
      [
        0.6666666865348816,
        0.3333333432674408,
        0.3333333432674408
      ],
      [
        0.3333333432674408,
        0.0,
        0.3333333432674408
      ],
      [
        0.3333333432674408,
        0.3333333432674408,
        0.3333333432674408
      ],
      [
        0.0,
        0.0,
        0.3333333432674408
      ],
      [
        0.3333333432674408,
        1.0,
        0.3333333432674408
      ],
      [
        0.3333333432674408,
        0.6666666865348816,
        0.3333333432674408
      ],
      [
        0.3333333432674408,
        0.0,
        0.3333333432674408
      ],
      [
        0.6666666865348816,
        0.3333333432674408,
        0.0
      ],
      [
        0.0,
        0.3333333432674408,
        0.3333333432674408
      ],
      [
        0.3333333432674408,
        0.0,
        0.3333333432674408
      ],
      [
        0.0,
        0.0,
        0.0
      ],
      [
        0.0,
        0.6666666865348816,
        0.3333333432674408
      ],
      [
        0.0,
        0.0,
        0.3333333432674408
      ],
      [
        0.3333333432674408,
        0.0,
        0.3333333432674408
      ],
      [
        0.6666666865348816,
        0.0,
        0.6666666865348816
      ],
      [
        0.6666666865348816,
        0.0,
        0.3333333432674408
      ],
      [
        0.3333333432674408,
        1.0,
        0.3333333432674408
      ],
      [
        0.3333333432674408,
        0.0,
        0.3333333432674408
      ],
      [
        0.6666666865348816,
        1.0,
        0.6666666865348816
      ],
      [
        1.0,
        0.3333333432674408,
        0.3333333432674408
      ],
      [
        0.3333333432674408,
        0.0,
        0.3333333432674408
      ],
      [
        0.3333333432674408,
        0.3333333432674408,
        0.0
      ],
      [
        0.3333333432674408,
        0.3333333432674408,
        0.3333333432674408
      ],
      [
        0.3333333432674408,
        0.3333333432674408,
        0.3333333432674408
      ]
    ],