{
  "User": "19",
  "validation_results": {
    "Accuracy": [
      [
        0.4333333373069763,
        0.5,
        0.0
      ]
    ],
    "Precision": [
      [
        0.03333333507180214,
        0.2666666805744171,
        0.0
      ]
    ],
    "Recall": [
      [
        0.1666666716337204,
        0.3333333432674408,
        0.0
      ]
    ],
    "F1Score": [
      [
        0.0555555559694767,
        0.29629629850387573,
        0.0
      ]
    ],
    "info_prec": [
      0.0,
      0.0,
      0.0,
      0.0,
      0.19999999999999998,
      0.19999999999999998,
      0.19999999999999998,
      0.19999999999999998,
      0.06666666666666667,
      0.19999999999999998,
      0.06666666666666667,
      0.06666666666666667,
      0.06666666666666667,
      0.06666666666666667,
      0.06666666666666667,
      0.06666666666666667,
      0.06666666666666667,
      0.06666666666666667,
      0.06666666666666667,
      0.06666666666666667,
      0.06666666666666667,
      0.06666666666666667,
      0.06666666666666667,
      0.06666666666666667,
      0.06666666666666667,
      0.06666666666666667,
      0.06666666666666667,
      0.06666666666666667,
      0.06666666666666667,
      0.06666666666666667
    ],
    "info_rec": [
      0.0,
      0.0,
      0.0,
      0.0,
      0.3333333333333333,
      0.3333333333333333,
      0.3333333333333333,
      0.3333333333333333,
      0.3333333333333333,
      0.3333333333333333,
      0.3333333333333333,
      0.3333333333333333,
      0.3333333333333333,
      0.3333333333333333,
      0.3333333333333333,
      0.3333333333333333,
      0.3333333333333333,
      0.3333333333333333,
      0.3333333333333333,
      0.3333333333333333,
      0.3333333333333333,
      0.3333333333333333,
      0.3333333333333333,
      0.3333333333333333,
      0.3333333333333333,
      0.3333333333333333,
      0.3333333333333333,
      0.3333333333333333,
      0.3333333333333333,
      0.3333333333333333
    ],
    "info_f1": [
      0.0,
      0.0,
      0.0,
      0.0,
      0.24999999999999997,
      0.24999999999999997,
      0.24999999999999997,
      0.24999999999999997,
      0.11111111111111112,
      0.24999999999999997,
      0.11111111111111112,
      0.11111111111111112,
      0.11111111111111112,
      0.11111111111111112,
      0.11111111111111112,
      0.11111111111111112,
      0.11111111111111112,
      0.11111111111111112,
      0.11111111111111112,
      0.11111111111111112,
      0.11111111111111112,
      0.11111111111111112,
      0.11111111111111112,
      0.11111111111111112,
      0.11111111111111112,
      0.11111111111111112,
      0.11111111111111112,
      0.11111111111111112,
      0.11111111111111112,
      0.11111111111111112
    ],
    "info_cmae": [
      3.0,
      2.699551373720169,
      2.205564022064209,
      1.251197338104248,
      0.7187008857727051,
      0.6993826230367025,
      0.7670990626017252,
      0.7158304850260416,
      0.6814483801523844,
      0.6911289691925049,
      0.6840089162190756,
      0.7260387738545736,
      0.7131654421488444,
      0.7463690439860026,
      0.7600631713867188,
      0.7936905225118002,
      0.7995522816975912,
      0.8314676284790039,
      0.8371915022532145,
      0.849678119023641,
      0.8761677742004395,
      0.8966460227966309,
      0.8926488558451334,
      0.897791862487793,
      0.897666851679484,
      0.9157635370890299,
      0.9365595181783041,
      0.9398874441782633,
      0.9423240025838217,
      0.9456548690795898
    ],
    "info_mae": [
      2.8398716777563093,
      2.299551373720169,
      1.805564022064209,
      0.851197338104248,
      0.7687794685363769,
      0.7803704261779785,
      0.7397405624389648,
      0.770501708984375,
      0.826607084274292,
      0.785322618484497,
      0.8312160491943359,
      0.9068697929382324,
      0.88369779586792,
      0.9434642791748047,
      0.9681137084960938,
      1.0286429405212403,
      1.039194107055664,
      1.096641731262207,
      1.106944704055786,
      1.1294206142425538,
      1.177101993560791,
      1.2139628410339356,
      1.2067679405212401,
      1.2160253524780273,
      1.2158003330230713,
      1.2483743667602538,
      1.2858071327209473,
      1.291797399520874,
      1.296183204650879,
      1.3021787643432616
    ]
  }
}