{
  "User": "112",
  "validation_results": {
    "Accuracy": [
      [
        0.4523809552192688,
        0.5,
        0.6111111044883728
      ]
    ],
    "Precision": [
      [
        0.1071428582072258,
        0.1111111119389534,
        0.0
      ]
    ],
    "Recall": [
      [
        0.2142857164144516,
        0.3333333432674408,
        0.0
      ]
    ],
    "F1Score": [
      [
        0.1428571492433548,
        0.1666666716337204,
        0.0
      ]
    ],
    "info_prec": [
      0.16666666666666666,
      0.16666666666666666,
      0.16666666666666666,
      0.0,
      0.0,
      0.0,
      0.0,
      0.0,
      0.05555555555555555,
      0.0,
      0.05555555555555555,
      0.05555555555555555,
      0.05555555555555555,
      0.05555555555555555,
      0.05555555555555555,
      0.05555555555555555,
      0.05555555555555555,
      0.05555555555555555,
      0.05555555555555555,
      0.05555555555555555,
      0.05555555555555555,
      0.05555555555555555,
      0.05555555555555555,
      0.05555555555555555,
      0.05555555555555555,
      0.05555555555555555,
      0.05555555555555555,
      0.05555555555555555,
      0.05555555555555555,
      0.05555555555555555
    ],
    "info_rec": [
      0.3333333333333333,
      0.3333333333333333,
      0.3333333333333333,
      0.0,
      0.0,
      0.0,
      0.0,
      0.0,
      0.3333333333333333,
      0.0,
      0.3333333333333333,
      0.3333333333333333,
      0.3333333333333333,
      0.3333333333333333,
      0.3333333333333333,
      0.3333333333333333,
      0.3333333333333333,
      0.3333333333333333,
      0.3333333333333333,
      0.3333333333333333,
      0.3333333333333333,
      0.3333333333333333,
      0.3333333333333333,
      0.3333333333333333,
      0.3333333333333333,
      0.3333333333333333,
      0.3333333333333333,
      0.3333333333333333,
      0.3333333333333333,
      0.3333333333333333
    ],
    "info_f1": [
      0.2222222222222222,
      0.2222222222222222,
      0.2222222222222222,
      0.0,
      0.0,
      0.0,
      0.0,
      0.0,
      0.09523809523809523,
      0.0,
      0.09523809523809523,
      0.09523809523809523,
      0.09523809523809523,
      0.09523809523809523,
      0.09523809523809523,
      0.09523809523809523,
      0.09523809523809523,
      0.09523809523809523,
      0.09523809523809523,
      0.09523809523809523,
      0.09523809523809523,
      0.09523809523809523,
      0.09523809523809523,
      0.09523809523809523,
      0.09523809523809523,
      0.09523809523809523,
      0.09523809523809523,
      0.09523809523809523,
      0.09523809523809523,
      0.09523809523809523
    ],
    "info_cmae": [
      2.3319295843442283,
      2.233183801174164,
      2.06852134068807,
      1.750399112701416,
      1.3853675524393718,
      1.3660492897033691,
      1.4337658087412517,
      1.3824971516927083,
      1.3481151262919109,
      1.3577957153320312,
      1.3506755828857422,
      1.3927052815755208,
      1.3798319498697917,
      1.4130357106526692,
      1.4267298380533855,
      1.4603571891784668,
      1.4662187894185383,
      1.4981342951456706,
      1.503858168919881,
      1.5163447856903076,
      1.5428344408671062,
      1.5633126894632976,
      1.5593155225118,
      1.5644585291544597,
      1.5643335183461506,
      1.5824302037556965,
      1.6032261848449707,
      1.60655411084493,
      1.6089906692504883,
      1.6123215357462566
    ],
    "info_mae": [
      2.0312195929388204,
      1.8333333333333333,
      1.8333333333333333,
      1.8333333333333333,
      1.8333333333333333,
      1.8333333333333333,
      1.8333333333333333,
      1.8333333333333333,
      1.8481151262919109,
      1.8333333333333333,
      1.8506755828857422,
      1.8927052815755208,
      1.8798319498697917,
      1.9130357106526692,
      1.9267298380533855,
      1.9603571891784668,
      1.9662187894185383,
      1.9981342951456706,
      2.0038581689198813,
      2.0163447856903076,
      2.042834440867106,
      2.0633126894632974,
      2.0593155225118003,
      2.0644585291544595,
      2.064333518346151,
      2.0824302037556968,
      2.1032261848449707,
      2.10655411084493,
      2.1089906692504883,
      2.1123215357462564
    ]
  }
}