{
  "User": "163",
  "validation_results": {
    "Accuracy": [
      [
        0.41428571939468384,
        0.6142857670783997,
        0.6857143640518188
      ]
    ],
    "Precision": [
      [
        0.12857142090797424,
        0.01428571529686451,
        0.0
      ]
    ],
    "Recall": [
      [
        0.30000001192092896,
        0.10000000149011612,
        0.0
      ]
    ],
    "F1Score": [
      [
        0.18000000715255737,
        0.02500000037252903,
        0.0
      ]
    ],
    "info_prec": [
      0.0,
      0.0,
      0.0,
      0.0,
      0.03571428571428571,
      0.03571428571428571,
      0.03571428571428571,
      0.03571428571428571,
      0.03571428571428571,
      0.03571428571428571,
      0.03571428571428571,
      0.03571428571428571,
      0.03571428571428571,
      0.03571428571428571,
      0.03571428571428571,
      0.03571428571428571,
      0.03571428571428571,
      0.03571428571428571,
      0.03571428571428571,
      0.03571428571428571,
      0.03571428571428571,
      0.03571428571428571,
      0.03571428571428571,
      0.03571428571428571,
      0.03571428571428571,
      0.03571428571428571,
      0.03571428571428571,
      0.03571428571428571,
      0.03571428571428571,
      0.03571428571428571
    ],
    "info_rec": [
      0.0,
      0.0,
      0.0,
      0.0,
      0.25,
      0.25,
      0.25,
      0.25,
      0.25,
      0.25,
      0.25,
      0.25,
      0.25,
      0.25,
      0.25,
      0.25,
      0.25,
      0.25,
      0.25,
      0.25,
      0.25,
      0.25,
      0.25,
      0.25,
      0.25,
      0.25,
      0.25,
      0.25,
      0.25,
      0.25
    ],
    "info_f1": [
      0.0,
      0.0,
      0.0,
      0.0,
      0.0625,
      0.0625,
      0.0625,
      0.0625,
      0.0625,
      0.0625,
      0.0625,
      0.0625,
      0.0625,
      0.0625,
      0.0625,
      0.0625,
      0.0625,
      0.0625,
      0.0625,
      0.0625,
      0.0625,
      0.0625,
      0.0625,
      0.0625,
      0.0625,
      0.0625,
      0.0625,
      0.0625,
      0.0625,
      0.0625
    ],
    "info_cmae": [
      3.499137847373883,
      3.1995514035224915,
      2.705564022064209,
      1.751197338104248,
      1.0780513286590576,
      1.0490739345550537,
      1.1506487131118774,
      1.0737457275390625,
      1.0,
      1.0366935729980469,
      1.0,
      1.0,
      1.0,
      1.0,
      1.0,
      1.0,
      1.0,
      1.0,
      1.0,
      1.0,
      1.0,
      1.0,
      1.0,
      1.0,
      1.0,
      1.0,
      1.0,
      1.0,
      1.0,
      1.0
    ],
    "info_mae": [
      4.026166169771126,
      3.5566942606653487,
      3.062706879207066,
      2.1083401952471053,
      1.2543590409415108,
      1.2129627636500768,
      1.358069590159825,
      1.2482081821986608,
      1.123851980481829,
      1.1952765328543526,
      1.1205599648611886,
      1.0665217808314733,
      1.0830732073102678,
      1.0403826577322823,
      1.0227759225027901,
      0.9795407567705426,
      0.9720044136047363,
      0.9309701919555664,
      0.9236109256744385,
      0.9075567041124616,
      0.8734985760280064,
      0.8471693992614746,
      0.8523086139133998,
      0.8456961768014091,
      0.8458569049835205,
      0.8225897380283901,
      0.7958520480564663,
      0.7915732860565186,
      0.7884405681065151,
      0.7841580254690987
    ]
  }
}