{
  "User": "423",
  "validation_results": {
    "Accuracy": [
      [
        0.46666669845581055,
        0.5555555820465088,
        0.5
      ]
    ],
    "Precision": [
      [
        0.06666667014360428,
        0.2222222238779068,
        0.0
      ]
    ],
    "Recall": [
      [
        0.20000000298023224,
        0.3333333432674408,
        0.0
      ]
    ],
    "F1Score": [
      [
        0.10000000149011612,
        0.2666666805744171,
        0.0
      ]
    ],
    "info_prec": [
      0.0,
      0.0,
      0.0,
      0.0,
      0.1111111111111111,
      0.1111111111111111,
      0.1111111111111111,
      0.1111111111111111,
      0.1111111111111111,
      0.1111111111111111,
      0.1111111111111111,
      0.1111111111111111,
      0.1111111111111111,
      0.1111111111111111,
      0.1111111111111111,
      0.1111111111111111,
      0.1111111111111111,
      0.1111111111111111,
      0.1111111111111111,
      0.1111111111111111,
      0.1111111111111111,
      0.1111111111111111,
      0.1111111111111111,
      0.1111111111111111,
      0.1111111111111111,
      0.1111111111111111,
      0.1111111111111111,
      0.1111111111111111,
      0.1111111111111111,
      0.1111111111111111
    ],
    "info_rec": [
      0.0,
      0.0,
      0.0,
      0.0,
      0.3333333333333333,
      0.3333333333333333,
      0.3333333333333333,
      0.3333333333333333,
      0.3333333333333333,
      0.3333333333333333,
      0.3333333333333333,
      0.3333333333333333,
      0.3333333333333333,
      0.3333333333333333,
      0.3333333333333333,
      0.3333333333333333,
      0.3333333333333333,
      0.3333333333333333,
      0.3333333333333333,
      0.3333333333333333,
      0.3333333333333333,
      0.3333333333333333,
      0.3333333333333333,
      0.3333333333333333,
      0.3333333333333333,
      0.3333333333333333,
      0.3333333333333333,
      0.3333333333333333,
      0.3333333333333333,
      0.3333333333333333
    ],
    "info_f1": [
      0.0,
      0.0,
      0.0,
      0.0,
      0.16666666666666666,
      0.16666666666666666,
      0.16666666666666666,
      0.16666666666666666,
      0.16666666666666666,
      0.16666666666666666,
      0.16666666666666666,
      0.16666666666666666,
      0.16666666666666666,
      0.16666666666666666,
      0.16666666666666666,
      0.16666666666666666,
      0.16666666666666666,
      0.16666666666666666,
      0.16666666666666666,
      0.16666666666666666,
      0.16666666666666666,
      0.16666666666666666,
      0.16666666666666666,
      0.16666666666666666,
      0.16666666666666666,
      0.16666666666666666,
      0.16666666666666666,
      0.16666666666666666,
      0.16666666666666666,
      0.16666666666666666
    ],
    "info_cmae": [
      3.3333333333333335,
      3.0328847070535025,
      2.5388973553975425,
      1.5845306714375813,
      1.0520342191060383,
      1.0327159563700359,
      1.1004323959350586,
      1.049163818359375,
      1.0147817134857178,
      1.0244623025258381,
      1.017342249552409,
      1.059372107187907,
      1.0464987754821777,
      1.079702377319336,
      1.093396504720052,
      1.1270238558451335,
      1.1328856150309246,
      1.1648009618123372,
      1.1705248355865479,
      1.1830114523569744,
      1.2095011075337727,
      1.2299793561299641,
      1.2259821891784668,
      1.2311251958211262,
      1.2310001850128174,
      1.2490968704223633,
      1.2698928515116374,
      1.2732207775115967,
      1.275657335917155,
      1.278988202412923
    ],
    "info_mae": [
      3.6481967171033225,
      3.0328847070535025,
      2.5388973553975425,
      1.5845306714375813,
      1.0520342191060383,
      1.0327159563700359,
      1.1004323959350586,
      1.049163818359375,
      1.0147817134857178,
      1.0244623025258381,
      1.017342249552409,
      1.059372107187907,
      1.0464987754821777,
      1.079702377319336,
      1.093396504720052,
      1.1270238558451335,
      1.1328856150309246,
      1.1648009618123372,
      1.1705248355865479,
      1.1830114523569744,
      1.2095011075337727,
      1.2299793561299641,
      1.2259821891784668,
      1.2311251958211262,
      1.2310001850128174,
      1.2490968704223633,
      1.2698928515116374,
      1.2732207775115967,
      1.275657335917155,
      1.278988202412923
    ]
  }
}