{
  "User": "143",
  "validation_results": {
    "Accuracy": [
      [
        0.6666666865348816,
        0.5,
        0.10000000149011612
      ]
    ],
    "Precision": [
      [
        0.3333333432674408,
        0.4000000059604645,
        0.0
      ]
    ],
    "Recall": [
      [
        0.3333333432674408,
        0.4000000059604645,
        0.0
      ]
    ],
    "F1Score": [
      [
        0.3333333432674408,
        0.4000000059604645,
        0.0
      ]
    ],
    "info_prec": [
      0.0,
      0.0,
      0.0,
      0.0,
      0.0,
      0.0,
      0.0,
      0.0,
      0.0,
      0.0,
      0.0,
      0.0,
      0.0,
      0.0,
      0.0,
      0.0,
      0.0,
      0.0,
      0.0,
      0.0,
      0.0,
      0.0,
      0.0,
      0.0,
      0.0,
      0.0,
      0.0,
      0.0,
      0.0,
      0.0
    ],
    "info_rec": [
      0.0,
      0.0,
      0.0,
      0.0,
      0.0,
      0.0,
      0.0,
      0.0,
      0.0,
      0.0,
      0.0,
      0.0,
      0.0,
      0.0,
      0.0,
      0.0,
      0.0,
      0.0,
      0.0,
      0.0,
      0.0,
      0.0,
      0.0,
      0.0,
      0.0,
      0.0,
      0.0,
      0.0,
      0.0,
      0.0
    ],
    "info_f1": [
      0.0,
      0.0,
      0.0,
      0.0,
      0.0,
      0.0,
      0.0,
      0.0,
      0.0,
      0.0,
      0.0,
      0.0,
      0.0,
      0.0,
      0.0,
      0.0,
      0.0,
      0.0,
      0.0,
      0.0,
      0.0,
      0.0,
      0.0,
      0.0,
      0.0,
      0.0,
      0.0,
      0.0,
      0.0,
      0.0
    ],
    "info_cmae": [
      5.0,
      4.699551373720169,
      4.205564022064209,
      3.251197338104248,
      2.1561026573181152,
      2.0981478691101074,
      2.301297187805176,
      2.147491455078125,
      1.9556548595428467,
      2.0733869075775146,
      1.9479732513427734,
      1.8218836784362793,
      1.8605036735534668,
      1.7608928680419922,
      1.7198104858398438,
      1.6189284324645996,
      1.6013431549072266,
      1.5055971145629883,
      1.4884254932403564,
      1.4509656429290771,
      1.3714966773986816,
      1.3100619316101074,
      1.3220534324645996,
      1.306624412536621,
      1.3069994449615479,
      1.2527093887329102,
      1.190321445465088,
      1.18033766746521,
      1.1730279922485352,
      1.1630353927612305
    ],
    "info_mae": [
      5.308815658092499,
      4.699551373720169,
      4.205564022064209,
      3.251197338104248,
      2.1561026573181152,
      2.0981478691101074,
      2.301297187805176,
      2.147491455078125,
      1.9556548595428467,
      2.0733869075775146,
      1.9479732513427734,
      1.8218836784362793,
      1.8605036735534668,
      1.7608928680419922,
      1.7198104858398438,
      1.6189284324645996,
      1.6013431549072266,
      1.5055971145629883,
      1.4884254932403564,
      1.4509656429290771,
      1.3714966773986816,
      1.3100619316101074,
      1.3220534324645996,
      1.306624412536621,
      1.3069994449615479,
      1.2527093887329102,
      1.190321445465088,
      1.18033766746521,
      1.1730279922485352,
      1.1630353927612305
    ]
  }
}