{
  "User": "503",
  "validation_results": {
    "Accuracy": [
      [
        0.25,
        0.625,
        0.625
      ]
    ],
    "Precision": [
      [
        0.0625,
        0.25,
        0.0
      ]
    ],
    "Recall": [
      [
        0.25,
        0.5,
        0.0
      ]
    ],
    "F1Score": [
      [
        0.10000000149011612,
        0.3333333432674408,
        0.0
      ]
    ],
    "info_prec": [
      0.0,
      0.0,
      0.0,
      0.125,
      0.0,
      0.0,
      0.0,
      0.0,
      0.0,
      0.0,
      0.0,
      0.0,
      0.0,
      0.0,
      0.0,
      0.0,
      0.0,
      0.0,
      0.0,
      0.0,
      0.0,
      0.0,
      0.0,
      0.0,
      0.0,
      0.0,
      0.0,
      0.0,
      0.0,
      0.0
    ],
    "info_rec": [
      0.0,
      0.0,
      0.0,
      0.5,
      0.0,
      0.0,
      0.0,
      0.0,
      0.0,
      0.0,
      0.0,
      0.0,
      0.0,
      0.0,
      0.0,
      0.0,
      0.0,
      0.0,
      0.0,
      0.0,
      0.0,
      0.0,
      0.0,
      0.0,
      0.0,
      0.0,
      0.0,
      0.0,
      0.0,
      0.0
    ],
    "info_f1": [
      0.0,
      0.0,
      0.0,
      0.2,
      0.0,
      0.0,
      0.0,
      0.0,
      0.0,
      0.0,
      0.0,
      0.0,
      0.0,
      0.0,
      0.0,
      0.0,
      0.0,
      0.0,
      0.0,
      0.0,
      0.0,
      0.0,
      0.0,
      0.0,
      0.0,
      0.0,
      0.0,
      0.0,
      0.0,
      0.0
    ],
    "info_cmae": [
      3.0,
      2.699551373720169,
      2.205564022064209,
      2.0,
      2.0,
      2.0,
      2.0,
      2.0,
      2.0,
      2.0,
      2.0,
      2.0,
      2.0,
      2.0,
      2.0,
      2.0,
      2.0,
      2.0,
      2.0,
      2.0,
      2.0,
      2.0,
      2.0,
      2.0,
      2.0,
      2.0,
      2.0,
      2.0,
      2.0,
      2.0
    ],
    "info_mae": [
      4.292585823684931,
      3.699551373720169,
      3.205564022064209,
      2.625598669052124,
      2.0780513286590576,
      2.0490739345550537,
      2.150648593902588,
      2.0737457275390625,
      1.9778274297714233,
      2.0366934537887573,
      1.9739866256713867,
      1.9109418392181396,
      1.9302518367767334,
      1.880446434020996,
      1.8599052429199219,
      1.8094642162322998,
      1.8006715774536133,
      1.7527985572814941,
      1.7442127466201782,
      1.7254828214645386,
      1.6857483386993408,
      1.6550309658050537,
      1.6610267162322998,
      1.6533122062683105,
      1.653499722480774,
      1.626354694366455,
      1.595160722732544,
      1.590168833732605,
      1.5865139961242676,
      1.5815176963806152
    ]
  }
}