{
  "User": "188",
  "validation_results": {
    "Accuracy": [
      [
        0.5,
        0.5,
        0.5
      ]
    ],
    "Precision": [
      [
        0.0625,
        0.25,
        0.0
      ]
    ],
    "Recall": [
      [
        0.25,
        0.5,
        0.0
      ]
    ],
    "F1Score": [
      [
        0.10000000149011612,
        0.3333333432674408,
        0.0
      ]
    ],
    "info_prec": [
      0.0,
      0.0,
      0.0,
      0.16666666666666666,
      0.08333333333333333,
      0.08333333333333333,
      0.08333333333333333,
      0.08333333333333333,
      0.0,
      0.08333333333333333,
      0.0,
      0.0,
      0.0,
      0.0,
      0.0,
      0.0,
      0.0,
      0.0,
      0.0,
      0.0,
      0.0,
      0.0,
      0.0,
      0.0,
      0.0,
      0.0,
      0.0,
      0.0,
      0.0,
      0.0
    ],
    "info_rec": [
      0.0,
      0.0,
      0.0,
      0.3333333333333333,
      0.3333333333333333,
      0.3333333333333333,
      0.3333333333333333,
      0.3333333333333333,
      0.0,
      0.3333333333333333,
      0.0,
      0.0,
      0.0,
      0.0,
      0.0,
      0.0,
      0.0,
      0.0,
      0.0,
      0.0,
      0.0,
      0.0,
      0.0,
      0.0,
      0.0,
      0.0,
      0.0,
      0.0,
      0.0,
      0.0
    ],
    "info_f1": [
      0.0,
      0.0,
      0.0,
      0.2222222222222222,
      0.13333333333333333,
      0.13333333333333333,
      0.13333333333333333,
      0.13333333333333333,
      0.0,
      0.13333333333333333,
      0.0,
      0.0,
      0.0,
      0.0,
      0.0,
      0.0,
      0.0,
      0.0,
      0.0,
      0.0,
      0.0,
      0.0,
      0.0,
      0.0,
      0.0,
      0.0,
      0.0,
      0.0,
      0.0,
      0.0
    ],
    "info_cmae": [
      3.0,
      2.699551373720169,
      2.205564022064209,
      1.750399112701416,
      1.9479657808939617,
      1.9672840436299641,
      1.8995676040649414,
      1.950836181640625,
      2.0147817134857178,
      1.9755376974741619,
      2.0173422495524087,
      2.0593721071879068,
      2.0464987754821777,
      2.079702377319336,
      2.0933965047200522,
      2.1270238558451333,
      2.1328856150309243,
      2.1648009618123374,
      2.170524835586548,
      2.183011452356974,
      2.209501107533773,
      2.2299793561299643,
      2.225982189178467,
      2.2311251958211265,
      2.2310001850128174,
      2.2490968704223633,
      2.269892851511637,
      2.2732207775115967,
      2.275657335917155,
      2.2789882024129233
    ],
    "info_mae": [
      2.792571533471346,
      2.199551373720169,
      1.705564022064209,
      1.5,
      1.9219486713409424,
      1.9509260654449463,
      1.849351406097412,
      1.9262542724609375,
      2.0221725702285767,
      1.9633065462112427,
      2.0260133743286133,
      2.0890581607818604,
      2.0697481632232666,
      2.119553565979004,
      2.140094757080078,
      2.1905357837677,
      2.1993284225463867,
      2.247201442718506,
      2.2557872533798218,
      2.2745171785354614,
      2.314251661300659,
      2.3449690341949463,
      2.3389732837677,
      2.3466877937316895,
      2.346500277519226,
      2.373645305633545,
      2.404839277267456,
      2.409831166267395,
      2.4134860038757324,
      2.4184823036193848
    ]
  }
}