{
  "User": "267",
  "validation_results": {
    "Accuracy": [
      [
        0.4333333671092987,
        0.6538461446762085,
        0.0
      ]
    ],
    "Precision": [
      [
        0.06666667014360428,
        0.4615384638309479,
        0.0
      ]
    ],
    "Recall": [
      [
        0.20000000298023224,
        0.4615384638309479,
        0.0
      ]
    ],
    "F1Score": [
      [
        0.10000000149011612,
        0.4615384638309479,
        0.0
      ]
    ],
    "info_prec": [
      0.0,
      0.0,
      0.0,
      0.041666666666666664,
      0.041666666666666664,
      0.041666666666666664,
      0.041666666666666664,
      0.041666666666666664,
      0.0,
      0.041666666666666664,
      0.0,
      0.0,
      0.0,
      0.0,
      0.0,
      0.0,
      0.0,
      0.0,
      0.0,
      0.0,
      0.0,
      0.0,
      0.0,
      0.0,
      0.0,
      0.0,
      0.0,
      0.0,
      0.0,
      0.0
    ],
    "info_rec": [
      0.0,
      0.0,
      0.0,
      0.25,
      0.25,
      0.25,
      0.25,
      0.25,
      0.0,
      0.25,
      0.0,
      0.0,
      0.0,
      0.0,
      0.0,
      0.0,
      0.0,
      0.0,
      0.0,
      0.0,
      0.0,
      0.0,
      0.0,
      0.0,
      0.0,
      0.0,
      0.0,
      0.0,
      0.0,
      0.0
    ],
    "info_f1": [
      0.0,
      0.0,
      0.0,
      0.07142857142857142,
      0.07142857142857142,
      0.07142857142857142,
      0.07142857142857142,
      0.07142857142857142,
      0.0,
      0.07142857142857142,
      0.0,
      0.0,
      0.0,
      0.0,
      0.0,
      0.0,
      0.0,
      0.0,
      0.0,
      0.0,
      0.0,
      0.0,
      0.0,
      0.0,
      0.0,
      0.0,
      0.0,
      0.0,
      0.0,
      0.0
    ],
    "info_cmae": [
      2.9989471584558487,
      2.6995514035224915,
      2.205564022064209,
      1.625598669052124,
      1.5,
      1.5,
      1.5,
      1.5,
      1.5,
      1.5,
      1.5,
      1.5,
      1.5,
      1.5,
      1.5,
      1.5,
      1.5,
      1.5,
      1.5,
      1.5,
      1.5,
      1.5,
      1.5,
      1.5,
      1.5,
      1.5,
      1.5,
      1.5,
      1.5,
      1.5
    ],
    "info_mae": [
      3.69789170473814,
      3.1995514035224915,
      2.705564022064209,
      2.000798225402832,
      1.5520342191060383,
      1.5327159563700359,
      1.6004324754079182,
      1.549163818359375,
      1.4852182070414226,
      1.524462381998698,
      1.482657750447591,
      1.4406280517578125,
      1.4535013834635417,
      1.420297622680664,
      1.406603495279948,
      1.3729761441548665,
      1.367114543914795,
      1.3351990381876628,
      1.3294751644134521,
      1.3169885476430256,
      1.2904988924662273,
      1.2700206438700359,
      1.2740178108215332,
      1.2688748041788738,
      1.2689998149871826,
      1.2509031295776367,
      1.2301071484883626,
      1.2267792224884033,
      1.224342664082845,
      1.221011797587077
    ]
  }
}