{
  "User": "263",
  "validation_results": {
    "Accuracy": [
      [
        0.7999999523162842,
        0.0,
        0.0
      ]
    ],
    "Precision": [
      [
        0.6399999856948853,
        0.0,
        0.0
      ]
    ],
    "Recall": [
      [
        0.800000011920929,
        0.0,
        0.0
      ]
    ],
    "F1Score": [
      [
        0.7111111283302307,
        0.0,
        0.0
      ]
    ],
    "info_prec": [
      0.0,
      0.0,
      0.0,
      0.0,
      0.0,
      0.0,
      0.0,
      0.0,
      0.0,
      0.0,
      0.0,
      0.0,
      0.0,
      0.0,
      0.0,
      0.0,
      0.0,
      0.0,
      0.0,
      0.0,
      0.0,
      0.0,
      0.0,
      0.0,
      0.0,
      0.0,
      0.0,
      0.0,
      0.0,
      0.0
    ],
    "info_rec": [
      0.0,
      0.0,
      0.0,
      0.0,
      0.0,
      0.0,
      0.0,
      0.0,
      0.0,
      0.0,
      0.0,
      0.0,
      0.0,
      0.0,
      0.0,
      0.0,
      0.0,
      0.0,
      0.0,
      0.0,
      0.0,
      0.0,
      0.0,
      0.0,
      0.0,
      0.0,
      0.0,
      0.0,
      0.0,
      0.0
    ],
    "info_f1": [
      0.0,
      0.0,
      0.0,
      0.0,
      0.0,
      0.0,
      0.0,
      0.0,
      0.0,
      0.0,
      0.0,
      0.0,
      0.0,
      0.0,
      0.0,
      0.0,
      0.0,
      0.0,
      0.0,
      0.0,
      0.0,
      0.0,
      0.0,
      0.0,
      0.0,
      0.0,
      0.0,
      0.0,
      0.0,
      0.0
    ],
    "info_cmae": [
      4.5,
      4.199551373720169,
      3.705564022064209,
      2.751197338104248,
      1.6561026573181152,
      1.5981478691101074,
      1.8012971878051758,
      1.647491455078125,
      1.4556548595428467,
      1.5733869075775146,
      1.4479732513427734,
      1.3218836784362793,
      1.3605036735534668,
      1.2608928680419922,
      1.2198104858398438,
      1.1189284324645996,
      1.1013431549072266,
      1.0055971145629883,
      0.9884254932403564,
      0.9509656429290771,
      0.8714966773986816,
      0.8100619316101074,
      0.8220534324645996,
      0.8066244125366211,
      0.8069994449615479,
      0.7527093887329102,
      0.6903214454650879,
      0.68033766746521,
      0.6730279922485352,
      0.6630353927612305
    ],
    "info_mae": [
      4.839874649047852,
      4.299551373720169,
      3.805564022064209,
      2.851197338104248,
      1.7561026573181153,
      1.6981478691101075,
      1.9012971878051759,
      1.747491455078125,
      1.5556548595428468,
      1.6733869075775147,
      1.5479732513427735,
      1.4218836784362794,
      1.4605036735534669,
      1.3608928680419923,
      1.3198104858398438,
      1.2189284324645997,
      1.2013431549072267,
      1.1055971145629884,
      1.0884254932403565,
      1.0509656429290772,
      0.9714966773986816,
      0.9100619316101074,
      0.9220534324645996,
      0.9066244125366211,
      0.9069994449615478,
      0.8527093887329101,
      0.7903214454650879,
      0.7803376674652099,
      0.7730279922485351,
      0.7630353927612304
    ]
  }
}