{
  "User": "573",
  "validation_results": {
    "Accuracy": [
      [
        0.550000011920929,
        0.4375,
        0.1875
      ]
    ],
    "Precision": [
      [
        0.20000000298023224,
        0.25,
        0.0
      ]
    ],
    "Recall": [
      [
        0.4000000059604645,
        0.25,
        0.0
      ]
    ],
    "F1Score": [
      [
        0.2666666805744171,
        0.25,
        0.0
      ]
    ],
    "info_prec": [
      0.0,
      0.0,
      0.0,
      0.0,
      0.0,
      0.0,
      0.0,
      0.0,
      0.08333333333333333,
      0.0,
      0.08333333333333333,
      0.08333333333333333,
      0.08333333333333333,
      0.08333333333333333,
      0.08333333333333333,
      0.08333333333333333,
      0.08333333333333333,
      0.08333333333333333,
      0.08333333333333333,
      0.08333333333333333,
      0.08333333333333333,
      0.08333333333333333,
      0.08333333333333333,
      0.08333333333333333,
      0.08333333333333333,
      0.08333333333333333,
      0.08333333333333333,
      0.08333333333333333,
      0.08333333333333333,
      0.08333333333333333
    ],
    "info_rec": [
      0.0,
      0.0,
      0.0,
      0.0,
      0.0,
      0.0,
      0.0,
      0.0,
      0.3333333333333333,
      0.0,
      0.3333333333333333,
      0.3333333333333333,
      0.3333333333333333,
      0.3333333333333333,
      0.3333333333333333,
      0.3333333333333333,
      0.3333333333333333,
      0.3333333333333333,
      0.3333333333333333,
      0.3333333333333333,
      0.3333333333333333,
      0.3333333333333333,
      0.3333333333333333,
      0.3333333333333333,
      0.3333333333333333,
      0.3333333333333333,
      0.3333333333333333,
      0.3333333333333333,
      0.3333333333333333,
      0.3333333333333333
    ],
    "info_f1": [
      0.0,
      0.0,
      0.0,
      0.0,
      0.0,
      0.0,
      0.0,
      0.0,
      0.13333333333333333,
      0.0,
      0.13333333333333333,
      0.13333333333333333,
      0.13333333333333333,
      0.13333333333333333,
      0.13333333333333333,
      0.13333333333333333,
      0.13333333333333333,
      0.13333333333333333,
      0.13333333333333333,
      0.13333333333333333,
      0.13333333333333333,
      0.13333333333333333,
      0.13333333333333333,
      0.13333333333333333,
      0.13333333333333333,
      0.13333333333333333,
      0.13333333333333333,
      0.13333333333333333,
      0.13333333333333333,
      0.13333333333333333
    ],
    "info_cmae": [
      4.333333333333333,
      4.032884707053502,
      3.5388973553975425,
      2.5845306714375815,
      1.4894359906514485,
      1.4314812024434407,
      1.634630521138509,
      1.4808247884114583,
      1.3185516198476155,
      1.406720240910848,
      1.3159910837809246,
      1.2739612261454265,
      1.2868345578511555,
      1.2536309560139973,
      1.2399368286132812,
      1.2063094774882,
      1.200447718302409,
      1.168532371520996,
      1.1628084977467854,
      1.1503218809763591,
      1.1238322257995605,
      1.1033539772033691,
      1.1073511441548665,
      1.102208137512207,
      1.1023331483205159,
      1.08423646291097,
      1.063440481821696,
      1.0601125558217366,
      1.0576759974161785,
      1.0543451309204102
    ],
    "info_mae": [
      5.042586777359247,
      4.449551373720169,
      3.955564022064209,
      3.001197338104248,
      1.9061026573181152,
      1.8481478691101074,
      2.051297187805176,
      1.897491455078125,
      1.7278274297714233,
      1.8233869075775146,
      1.7239866256713867,
      1.6609418392181396,
      1.6802518367767334,
      1.630446434020996,
      1.6099052429199219,
      1.5594642162322998,
      1.5506715774536133,
      1.5027985572814941,
      1.4942127466201782,
      1.4754828214645386,
      1.4357483386993408,
      1.4050309658050537,
      1.4110267162322998,
      1.4033122062683105,
      1.403499722480774,
      1.376354694366455,
      1.345160722732544,
      1.340168833732605,
      1.3365139961242676,
      1.3315176963806152
    ]
  }
}