{
  "User": "113",
  "validation_results": {
    "Accuracy": [
      [
        0.9166666865348816,
        1.0,
        0.4444444477558136
      ]
    ],
    "Precision": [
      [
        0.75,
        1.0,
        0.0
      ]
    ],
    "Recall": [
      [
        0.75,
        1.0,
        0.0
      ]
    ],
    "F1Score": [
      [
        0.75,
        1.0,
        0.0
      ]
    ],
    "info_prec": [
      0.0,
      0.0,
      0.0,
      0.3333333333333333,
      0.0,
      0.0,
      0.0,
      0.0,
      0.0,
      0.0,
      0.0,
      0.0,
      0.0,
      0.0,
      0.0,
      0.0,
      0.0,
      0.0,
      0.0,
      0.0,
      0.0,
      0.0,
      0.0,
      0.0,
      0.0,
      0.0,
      0.0,
      0.0,
      0.0,
      0.0
    ],
    "info_rec": [
      0.0,
      0.0,
      0.0,
      0.5,
      0.0,
      0.0,
      0.0,
      0.0,
      0.0,
      0.0,
      0.0,
      0.0,
      0.0,
      0.0,
      0.0,
      0.0,
      0.0,
      0.0,
      0.0,
      0.0,
      0.0,
      0.0,
      0.0,
      0.0,
      0.0,
      0.0,
      0.0,
      0.0,
      0.0,
      0.0
    ],
    "info_f1": [
      0.0,
      0.0,
      0.0,
      0.4,
      0.0,
      0.0,
      0.0,
      0.0,
      0.0,
      0.0,
      0.0,
      0.0,
      0.0,
      0.0,
      0.0,
      0.0,
      0.0,
      0.0,
      0.0,
      0.0,
      0.0,
      0.0,
      0.0,
      0.0,
      0.0,
      0.0,
      0.0,
      0.0,
      0.0,
      0.0
    ],
    "info_cmae": [
      2.5,
      2.199551373720169,
      1.705564022064209,
      1.5,
      1.5,
      1.5,
      1.5,
      1.5,
      1.5,
      1.5,
      1.5,
      1.5,
      1.5,
      1.5,
      1.5,
      1.5,
      1.5,
      1.5,
      1.5,
      1.5,
      1.5,
      1.5,
      1.5,
      1.5,
      1.5,
      1.5,
      1.5,
      1.5,
      1.5,
      1.5
    ],
    "info_mae": [
      2.3148592114448547,
      1.699551373720169,
      1.205564022064209,
      1.249600887298584,
      1.6146324475606282,
      1.6339507102966309,
      1.5662342707316081,
      1.6175028483072917,
      1.6814483801523845,
      1.6422043641408284,
      1.6840089162190754,
      1.7260387738545735,
      1.7131654421488445,
      1.7463690439860027,
      1.7600631713867188,
      1.7936905225118,
      1.799552281697591,
      1.831467628479004,
      1.8371915022532146,
      1.8496781190236409,
      1.8761677742004395,
      1.8966460227966309,
      1.8926488558451335,
      1.897791862487793,
      1.8976668516794841,
      1.91576353708903,
      1.936559518178304,
      1.9398874441782634,
      1.9423240025838215,
      1.9456548690795898
    ]
  }
}