{
  "User": "160",
  "validation_results": {
    "Accuracy": [
      [
        0.34285715222358704,
        0.6833333373069763,
        0.15000000596046448
      ]
    ],
    "Precision": [
      [
        0.11428571492433548,
        0.4166666567325592,
        0.0
      ]
    ],
    "Recall": [
      [
        0.2857142984867096,
        0.4166666567325592,
        0.0
      ]
    ],
    "F1Score": [
      [
        0.16326531767845154,
        0.4166666567325592,
        0.0
      ]
    ],
    "info_prec": [
      0.0,
      0.0,
      0.0,
      0.05,
      0.0,
      0.0,
      0.0,
      0.0,
      0.0,
      0.0,
      0.0,
      0.0,
      0.0,
      0.0,
      0.0,
      0.0,
      0.0,
      0.0,
      0.0,
      0.0,
      0.0,
      0.0,
      0.0,
      0.0,
      0.0,
      0.0,
      0.0,
      0.0,
      0.0,
      0.0
    ],
    "info_rec": [
      0.0,
      0.0,
      0.0,
      0.25,
      0.0,
      0.0,
      0.0,
      0.0,
      0.0,
      0.0,
      0.0,
      0.0,
      0.0,
      0.0,
      0.0,
      0.0,
      0.0,
      0.0,
      0.0,
      0.0,
      0.0,
      0.0,
      0.0,
      0.0,
      0.0,
      0.0,
      0.0,
      0.0,
      0.0,
      0.0
    ],
    "info_f1": [
      0.0,
      0.0,
      0.0,
      0.08333333333333334,
      0.0,
      0.0,
      0.0,
      0.0,
      0.0,
      0.0,
      0.0,
      0.0,
      0.0,
      0.0,
      0.0,
      0.0,
      0.0,
      0.0,
      0.0,
      0.0,
      0.0,
      0.0,
      0.0,
      0.0,
      0.0,
      0.0,
      0.0,
      0.0,
      0.0,
      0.0
    ],
    "info_cmae": [
      4.0,
      3.699551373720169,
      3.205564022064209,
      2.625598669052124,
      2.0780513286590576,
      2.0490739345550537,
      2.150648593902588,
      2.0737457275390625,
      1.9778274297714233,
      2.0366934537887573,
      1.9739866256713867,
      1.9109418392181396,
      1.9302518367767334,
      1.880446434020996,
      1.8599052429199219,
      1.8094642162322998,
      1.8006715774536133,
      1.7527985572814941,
      1.7442127466201782,
      1.7254828214645386,
      1.6857483386993408,
      1.6550309658050537,
      1.6610267162322998,
      1.6533122062683105,
      1.653499722480774,
      1.626354694366455,
      1.595160722732544,
      1.590168833732605,
      1.5865139961242676,
      1.5815176963806152
    ],
    "info_mae": [
      4.639880809187889,
      4.099551373720169,
      3.605564022064209,
      2.950718402862549,
      2.293661594390869,
      2.2588887214660645,
      2.3807783126831055,
      2.288494873046875,
      2.173392915725708,
      2.244032144546509,
      2.168783950805664,
      2.0931302070617677,
      2.1163022041320803,
      2.0565357208251953,
      2.0318862915039064,
      1.9713570594787597,
      1.960805892944336,
      1.903358268737793,
      1.893055295944214,
      1.8705793857574462,
      1.822898006439209,
      1.7860371589660644,
      1.7932320594787599,
      1.7839746475219727,
      1.7841996669769287,
      1.7516256332397462,
      1.7141928672790527,
      1.708202600479126,
      1.703816795349121,
      1.6978212356567384
    ]
  }
}