{
  "User": "171",
  "validation_results": {
    "Accuracy": [
      [
        0.4375,
        0.25,
        0.0
      ]
    ],
    "Precision": [
      [
        0.0703125,
        0.0625,
        0.0
      ]
    ],
    "Recall": [
      [
        0.1875,
        0.25,
        0.0
      ]
    ],
    "F1Score": [
      [
        0.10227273404598236,
        0.10000000149011612,
        0.0
      ]
    ],
    "info_prec": [
      0.0,
      0.0,
      0.0,
      0.0,
      0.0,
      0.0,
      0.0,
      0.0,
      0.041666666666666664,
      0.0,
      0.041666666666666664,
      0.041666666666666664,
      0.041666666666666664,
      0.041666666666666664,
      0.041666666666666664,
      0.041666666666666664,
      0.041666666666666664,
      0.041666666666666664,
      0.041666666666666664,
      0.041666666666666664,
      0.041666666666666664,
      0.041666666666666664,
      0.041666666666666664,
      0.041666666666666664,
      0.041666666666666664,
      0.041666666666666664,
      0.041666666666666664,
      0.041666666666666664,
      0.041666666666666664,
      0.041666666666666664
    ],
    "info_rec": [
      0.0,
      0.0,
      0.0,
      0.0,
      0.0,
      0.0,
      0.0,
      0.0,
      0.3333333333333333,
      0.0,
      0.3333333333333333,
      0.3333333333333333,
      0.3333333333333333,
      0.3333333333333333,
      0.3333333333333333,
      0.3333333333333333,
      0.3333333333333333,
      0.3333333333333333,
      0.3333333333333333,
      0.3333333333333333,
      0.3333333333333333,
      0.3333333333333333,
      0.3333333333333333,
      0.3333333333333333,
      0.3333333333333333,
      0.3333333333333333,
      0.3333333333333333,
      0.3333333333333333,
      0.3333333333333333,
      0.3333333333333333
    ],
    "info_f1": [
      0.0,
      0.0,
      0.0,
      0.0,
      0.0,
      0.0,
      0.0,
      0.0,
      0.07407407407407407,
      0.0,
      0.07407407407407407,
      0.07407407407407407,
      0.07407407407407407,
      0.07407407407407407,
      0.07407407407407407,
      0.07407407407407407,
      0.07407407407407407,
      0.07407407407407407,
      0.07407407407407407,
      0.07407407407407407,
      0.07407407407407407,
      0.07407407407407407,
      0.07407407407407407,
      0.07407407407407407,
      0.07407407407407407,
      0.07407407407407407,
      0.07407407407407407,
      0.07407407407407407,
      0.07407407407407407,
      0.07407407407407407
    ],
    "info_cmae": [
      4.332255496333043,
      4.0328847368558245,
      3.5388973553975425,
      2.5845306714375815,
      1.4894359906514485,
      1.4314812024434407,
      1.6346307595570881,
      1.4808247884114583,
      1.3185515403747559,
      1.406720479329427,
      1.3159910837809246,
      1.2739613850911458,
      1.286834716796875,
      1.2536309560139973,
      1.2399368286132812,
      1.2063094774882,
      1.2004478772481282,
      1.168532371520996,
      1.1628084977467854,
      1.1503218809763591,
      1.1238322257995605,
      1.1033539772033691,
      1.1073511441548665,
      1.102208137512207,
      1.1023331483205159,
      1.08423646291097,
      1.063440481821696,
      1.0601125558217366,
      1.0576759974161785,
      1.0543451309204102
    ],
    "info_mae": [
      5.022985617630184,
      4.5745514035224915,
      4.080564022064209,
      3.126197338104248,
      2.0311026573181152,
      1.9731478691101074,
      2.176297426223755,
      2.022491455078125,
      1.8417409658432007,
      1.9483871459960938,
      1.83597993850708,
      1.7414131164550781,
      1.7703781127929688,
      1.6956696510314941,
      1.6648578643798828,
      1.5891963243484497,
      1.5760077238082886,
      1.5041978359222412,
      1.4913191199302673,
      1.4632242321968079,
      1.4036225080490112,
      1.3575464487075806,
      1.3665400743484497,
      1.3549683094024658,
      1.3552495837211609,
      1.3145320415496826,
      1.267741084098816,
      1.2602532505989075,
      1.2547709941864014,
      1.2472765445709229
    ]
  }
}