{
  "User": "36",
  "validation_results": {
    "Accuracy": [
      [
        0.75,
        0.5,
        0.5
      ]
    ],
    "Precision": [
      [
        0.5625,
        0.25,
        0.0
      ]
    ],
    "Recall": [
      [
        0.75,
        0.5,
        0.0
      ]
    ],
    "F1Score": [
      [
        0.6428571343421936,
        0.3333333432674408,
        0.0
      ]
    ],
    "info_prec": [
      0.0,
      0.0,
      0.0,
      0.0,
      0.08333333333333333,
      0.08333333333333333,
      0.08333333333333333,
      0.08333333333333333,
      0.0,
      0.08333333333333333,
      0.0,
      0.0,
      0.0,
      0.0,
      0.0,
      0.0,
      0.0,
      0.0,
      0.0,
      0.0,
      0.0,
      0.0,
      0.0,
      0.0,
      0.0,
      0.0,
      0.0,
      0.0,
      0.0,
      0.0
    ],
    "info_rec": [
      0.0,
      0.0,
      0.0,
      0.0,
      0.3333333333333333,
      0.3333333333333333,
      0.3333333333333333,
      0.3333333333333333,
      0.0,
      0.3333333333333333,
      0.0,
      0.0,
      0.0,
      0.0,
      0.0,
      0.0,
      0.0,
      0.0,
      0.0,
      0.0,
      0.0,
      0.0,
      0.0,
      0.0,
      0.0,
      0.0,
      0.0,
      0.0,
      0.0,
      0.0
    ],
    "info_f1": [
      0.0,
      0.0,
      0.0,
      0.0,
      0.13333333333333333,
      0.13333333333333333,
      0.13333333333333333,
      0.13333333333333333,
      0.0,
      0.13333333333333333,
      0.0,
      0.0,
      0.0,
      0.0,
      0.0,
      0.0,
      0.0,
      0.0,
      0.0,
      0.0,
      0.0,
      0.0,
      0.0,
      0.0,
      0.0,
      0.0,
      0.0,
      0.0,
      0.0,
      0.0
    ],
    "info_cmae": [
      4.0,
      3.699551373720169,
      3.205564022064209,
      2.251197338104248,
      1.718700885772705,
      1.6993826230367024,
      1.7670990626017253,
      1.7158304850260417,
      1.651884953180949,
      1.6911289691925049,
      1.6493244171142578,
      1.6072945594787598,
      1.620167891184489,
      1.5869642893473308,
      1.5732701619466145,
      1.5396428108215332,
      1.5337810516357422,
      1.5018657048543294,
      1.496141831080119,
      1.4836552143096924,
      1.4571655591328938,
      1.4366873105367024,
      1.4406844774882,
      1.4355414708455403,
      1.4356664816538494,
      1.4175697962443035,
      1.3967738151550293,
      1.39344588915507,
      1.3910093307495117,
      1.3876784642537434
    ],
    "info_mae": [
      4.792567644268274,
      4.199551373720169,
      3.705564022064209,
      2.751197338104248,
      2.0780513286590576,
      2.0490739345550537,
      2.150648593902588,
      2.0737457275390625,
      1.9778274297714233,
      2.0366934537887573,
      1.9739866256713867,
      1.9109418392181396,
      1.9302518367767334,
      1.880446434020996,
      1.8599052429199219,
      1.8094642162322998,
      1.8006715774536133,
      1.7527985572814941,
      1.7442127466201782,
      1.7254828214645386,
      1.6857483386993408,
      1.6550309658050537,
      1.6610267162322998,
      1.6533122062683105,
      1.653499722480774,
      1.626354694366455,
      1.595160722732544,
      1.590168833732605,
      1.5865139961242676,
      1.5815176963806152
    ]
  }
}