{
  "User": "227",
  "validation_results": {
    "Accuracy": [
      [
        0.6399999856948853,
        0.485714316368103,
        0.6399999856948853
      ]
    ],
    "Precision": [
      [
        0.1599999964237213,
        0.02857142873108387,
        0.0
      ]
    ],
    "Recall": [
      [
        0.4000000059604645,
        0.1428571492433548,
        0.0
      ]
    ],
    "F1Score": [
      [
        0.22857144474983215,
        0.0476190485060215,
        0.0
      ]
    ],
    "info_prec": [
      0.0,
      0.0,
      0.0,
      0.19999999999999998,
      0.0,
      0.0,
      0.0,
      0.0,
      0.06666666666666667,
      0.0,
      0.06666666666666667,
      0.06666666666666667,
      0.06666666666666667,
      0.06666666666666667,
      0.06666666666666667,
      0.06666666666666667,
      0.06666666666666667,
      0.06666666666666667,
      0.06666666666666667,
      0.06666666666666667,
      0.06666666666666667,
      0.06666666666666667,
      0.06666666666666667,
      0.06666666666666667,
      0.06666666666666667,
      0.06666666666666667,
      0.06666666666666667,
      0.06666666666666667,
      0.06666666666666667,
      0.06666666666666667
    ],
    "info_rec": [
      0.0,
      0.0,
      0.0,
      0.3333333333333333,
      0.0,
      0.0,
      0.0,
      0.0,
      0.3333333333333333,
      0.0,
      0.3333333333333333,
      0.3333333333333333,
      0.3333333333333333,
      0.3333333333333333,
      0.3333333333333333,
      0.3333333333333333,
      0.3333333333333333,
      0.3333333333333333,
      0.3333333333333333,
      0.3333333333333333,
      0.3333333333333333,
      0.3333333333333333,
      0.3333333333333333,
      0.3333333333333333,
      0.3333333333333333,
      0.3333333333333333,
      0.3333333333333333,
      0.3333333333333333,
      0.3333333333333333,
      0.3333333333333333
    ],
    "info_f1": [
      0.0,
      0.0,
      0.0,
      0.24999999999999997,
      0.0,
      0.0,
      0.0,
      0.0,
      0.11111111111111112,
      0.0,
      0.11111111111111112,
      0.11111111111111112,
      0.11111111111111112,
      0.11111111111111112,
      0.11111111111111112,
      0.11111111111111112,
      0.11111111111111112,
      0.11111111111111112,
      0.11111111111111112,
      0.11111111111111112,
      0.11111111111111112,
      0.11111111111111112,
      0.11111111111111112,
      0.11111111111111112,
      0.11111111111111112,
      0.11111111111111112,
      0.11111111111111112,
      0.11111111111111112,
      0.11111111111111112,
      0.11111111111111112
    ],
    "info_cmae": [
      3.3333333333333335,
      3.0328847070535025,
      2.5388973553975425,
      2.0837324460347495,
      1.718700885772705,
      1.6993826230367024,
      1.7670990626017253,
      1.7158304850260417,
      1.6814483801523845,
      1.6911289691925049,
      1.6840089162190754,
      1.7260387738545735,
      1.7131654421488445,
      1.7463690439860027,
      1.7600631713867188,
      1.7936905225118,
      1.799552281697591,
      1.831467628479004,
      1.8371915022532146,
      1.8496781190236409,
      1.8761677742004395,
      1.8966460227966309,
      1.8926488558451335,
      1.897791862487793,
      1.8976668516794841,
      1.91576353708903,
      1.936559518178304,
      1.9398874441782634,
      1.9423240025838215,
      1.9456548690795898
    ],
    "info_mae": [
      2.639858531951904,
      2.099551373720169,
      1.605564022064209,
      1.5497605323791503,
      1.768779468536377,
      1.7803704261779785,
      1.7397405624389648,
      1.770501708984375,
      1.826607084274292,
      1.785322618484497,
      1.831216049194336,
      1.9068697929382323,
      1.88369779586792,
      1.9434642791748047,
      1.9681137084960938,
      2.02864294052124,
      2.039194107055664,
      2.096641731262207,
      2.106944704055786,
      2.129420614242554,
      2.177101993560791,
      2.2139628410339354,
      2.20676794052124,
      2.2160253524780273,
      2.215800333023071,
      2.248374366760254,
      2.2858071327209473,
      2.291797399520874,
      2.296183204650879,
      2.3021787643432616
    ]
  }
}