{
  "User": "58",
  "validation_results": {
    "Accuracy": [
      [
        0.8333333730697632,
        0.1666666716337204,
        0.2777777910232544
      ]
    ],
    "Precision": [
      [
        0.6000000238418579,
        0.02777777798473835,
        0.0
      ]
    ],
    "Recall": [
      [
        0.6000000238418579,
        0.1666666716337204,
        0.0
      ]
    ],
    "F1Score": [
      [
        0.6000000238418579,
        0.0476190485060215,
        0.0
      ]
    ],
    "info_prec": [
      0.0,
      0.0,
      0.0,
      0.0,
      0.0,
      0.0,
      0.0,
      0.0,
      0.0,
      0.0,
      0.0,
      0.0,
      0.0,
      0.0,
      0.0,
      0.0,
      0.0,
      0.0,
      0.0,
      0.0,
      0.0,
      0.0,
      0.0,
      0.0,
      0.0,
      0.0,
      0.0,
      0.0,
      0.0,
      0.0
    ],
    "info_rec": [
      0.0,
      0.0,
      0.0,
      0.0,
      0.0,
      0.0,
      0.0,
      0.0,
      0.0,
      0.0,
      0.0,
      0.0,
      0.0,
      0.0,
      0.0,
      0.0,
      0.0,
      0.0,
      0.0,
      0.0,
      0.0,
      0.0,
      0.0,
      0.0,
      0.0,
      0.0,
      0.0,
      0.0,
      0.0,
      0.0
    ],
    "info_f1": [
      0.0,
      0.0,
      0.0,
      0.0,
      0.0,
      0.0,
      0.0,
      0.0,
      0.0,
      0.0,
      0.0,
      0.0,
      0.0,
      0.0,
      0.0,
      0.0,
      0.0,
      0.0,
      0.0,
      0.0,
      0.0,
      0.0,
      0.0,
      0.0,
      0.0,
      0.0,
      0.0,
      0.0,
      0.0,
      0.0
    ],
    "info_cmae": [
      4.999299214531978,
      4.6995514035224915,
      4.205564022064209,
      3.251197338104248,
      2.1561026573181152,
      2.0981478691101074,
      2.301297426223755,
      2.147491455078125,
      1.9556546211242676,
      2.0733871459960938,
      1.9479732513427734,
      1.8218841552734375,
      1.860504150390625,
      1.7608928680419922,
      1.7198104858398438,
      1.6189284324645996,
      1.6013436317443848,
      1.5055971145629883,
      1.4884254932403564,
      1.4509656429290771,
      1.3714966773986816,
      1.3100619316101074,
      1.3220534324645996,
      1.306624412536621,
      1.3069994449615479,
      1.2527093887329102,
      1.190321445465088,
      1.18033766746521,
      1.1730279922485352,
      1.1630353927612305
    ],
    "info_mae": [
      5.197909506658713,
      4.6995514035224915,
      4.205564022064209,
      3.251197338104248,
      2.1561026573181152,
      2.0981478691101074,
      2.301297426223755,
      2.147491455078125,
      1.9556546211242676,
      2.0733871459960938,
      1.9479732513427734,
      1.8218841552734375,
      1.860504150390625,
      1.7608928680419922,
      1.7198104858398438,
      1.6189284324645996,
      1.6013436317443848,
      1.5055971145629883,
      1.4884254932403564,
      1.4509656429290771,
      1.3714966773986816,
      1.3100619316101074,
      1.3220534324645996,
      1.306624412536621,
      1.3069994449615479,
      1.2527093887329102,
      1.190321445465088,
      1.18033766746521,
      1.1730279922485352,
      1.1630353927612305
    ]
  }
}