{
  "User": "205",
  "validation_results": {
    "Accuracy": [
      [
        1.0,
        0.0,
        0.0
      ]
    ],
    "Precision": [
      [
        1.0,
        0.0,
        0.0
      ]
    ],
    "Recall": [
      [
        1.0,
        0.0,
        0.0
      ]
    ],
    "F1Score": [
      [
        1.0,
        0.0,
        0.0
      ]
    ],
    "info_prec": [
      1.0,
      1.0,
      1.0,
      0.0,
      0.0,
      0.0,
      0.0,
      0.0,
      0.0,
      0.0,
      0.0,
      0.0,
      0.0,
      0.0,
      0.0,
      0.0,
      0.0,
      0.0,
      0.0,
      0.0,
      0.0,
      0.0,
      0.0,
      0.0,
      0.0,
      0.0,
      0.0,
      0.0,
      0.0,
      0.0
    ],
    "info_rec": [
      1.0,
      1.0,
      1.0,
      0.0,
      0.0,
      0.0,
      0.0,
      0.0,
      0.0,
      0.0,
      0.0,
      0.0,
      0.0,
      0.0,
      0.0,
      0.0,
      0.0,
      0.0,
      0.0,
      0.0,
      0.0,
      0.0,
      0.0,
      0.0,
      0.0,
      0.0,
      0.0,
      0.0,
      0.0,
      0.0
    ],
    "info_f1": [
      1.0,
      1.0,
      1.0,
      0.0,
      0.0,
      0.0,
      0.0,
      0.0,
      0.0,
      0.0,
      0.0,
      0.0,
      0.0,
      0.0,
      0.0,
      0.0,
      0.0,
      0.0,
      0.0,
      0.0,
      0.0,
      0.0,
      0.0,
      0.0,
      0.0,
      0.0,
      0.0,
      0.0,
      0.0,
      0.0
    ],
    "info_cmae": [
      0.0,
      0.30044862627983093,
      0.794435977935791,
      1.748802661895752,
      2.8438973426818848,
      2.9018521308898926,
      2.698702812194824,
      2.852508544921875,
      3.0443451404571533,
      2.9266130924224854,
      3.0520267486572266,
      3.1781163215637207,
      3.139496326446533,
      3.239107131958008,
      3.2801895141601562,
      3.3810715675354004,
      3.3986568450927734,
      3.4944028854370117,
      3.5115745067596436,
      3.549034357070923,
      3.6285033226013184,
      3.6899380683898926,
      3.6779465675354004,
      3.693375587463379,
      3.693000555038452,
      3.74729061126709,
      3.809678554534912,
      3.81966233253479,
      3.826972007751465,
      3.8369646072387695
    ],
    "info_mae": [
      0.31482768058776855,
      0.30044862627983093,
      0.794435977935791,
      1.748802661895752,
      2.8438973426818848,
      2.9018521308898926,
      2.698702812194824,
      2.852508544921875,
      3.0443451404571533,
      2.9266130924224854,
      3.0520267486572266,
      3.1781163215637207,
      3.139496326446533,
      3.239107131958008,
      3.2801895141601562,
      3.3810715675354004,
      3.3986568450927734,
      3.4944028854370117,
      3.5115745067596436,
      3.549034357070923,
      3.6285033226013184,
      3.6899380683898926,
      3.6779465675354004,
      3.693375587463379,
      3.693000555038452,
      3.74729061126709,
      3.809678554534912,
      3.81966233253479,
      3.826972007751465,
      3.8369646072387695
    ]
  }
}