{
  "User": "138",
  "validation_results": {
    "Accuracy": [
      [
        0.5357142686843872,
        0.550000011920929,
        0.5833333134651184
      ]
    ],
    "Precision": [
      [
        0.1428571492433548,
        0.22499999403953552,
        0.0
      ]
    ],
    "Recall": [
      [
        0.2857142984867096,
        0.30000001192092896,
        0.0
      ]
    ],
    "F1Score": [
      [
        0.190476194024086,
        0.2571428418159485,
        0.0
      ]
    ],
    "info_prec": [
      0.0,
      0.0,
      0.0,
      0.08333333333333333,
      0.0,
      0.0,
      0.0,
      0.0,
      0.0,
      0.0,
      0.0,
      0.0,
      0.0,
      0.0,
      0.0,
      0.0,
      0.0,
      0.0,
      0.0,
      0.0,
      0.0,
      0.0,
      0.0,
      0.0,
      0.0,
      0.0,
      0.0,
      0.0,
      0.0,
      0.0
    ],
    "info_rec": [
      0.0,
      0.0,
      0.0,
      0.3333333333333333,
      0.0,
      0.0,
      0.0,
      0.0,
      0.0,
      0.0,
      0.0,
      0.0,
      0.0,
      0.0,
      0.0,
      0.0,
      0.0,
      0.0,
      0.0,
      0.0,
      0.0,
      0.0,
      0.0,
      0.0,
      0.0,
      0.0,
      0.0,
      0.0,
      0.0,
      0.0
    ],
    "info_f1": [
      0.0,
      0.0,
      0.0,
      0.13333333333333333,
      0.0,
      0.0,
      0.0,
      0.0,
      0.0,
      0.0,
      0.0,
      0.0,
      0.0,
      0.0,
      0.0,
      0.0,
      0.0,
      0.0,
      0.0,
      0.0,
      0.0,
      0.0,
      0.0,
      0.0,
      0.0,
      0.0,
      0.0,
      0.0,
      0.0,
      0.0
    ],
    "info_cmae": [
      3.3333333333333335,
      3.0328847070535025,
      2.5388973553975425,
      2.0837324460347495,
      1.718700885772705,
      1.6993826230367024,
      1.7670990626017253,
      1.7158304850260417,
      1.651884953180949,
      1.6911289691925049,
      1.6493244171142578,
      1.6072945594787598,
      1.620167891184489,
      1.5869642893473308,
      1.5732701619466145,
      1.5396428108215332,
      1.5337810516357422,
      1.5018657048543294,
      1.496141831080119,
      1.4836552143096924,
      1.4571655591328938,
      1.4366873105367024,
      1.4406844774882,
      1.4355414708455403,
      1.4356664816538494,
      1.4175697962443035,
      1.3967738151550293,
      1.39344588915507,
      1.3910093307495117,
      1.3876784642537434
    ],
    "info_mae": [
      3.7925748713314533,
      3.199551373720169,
      2.705564022064209,
      2.125598669052124,
      1.5780513286590576,
      1.5490739345550537,
      1.650648593902588,
      1.5737457275390625,
      1.4778274297714233,
      1.5366934537887573,
      1.4739866256713867,
      1.4109418392181396,
      1.4302518367767334,
      1.380446434020996,
      1.3599052429199219,
      1.3094642162322998,
      1.3006715774536133,
      1.2527985572814941,
      1.2442127466201782,
      1.2254828214645386,
      1.1857483386993408,
      1.1550309658050537,
      1.1610267162322998,
      1.1533122062683105,
      1.153499722480774,
      1.126354694366455,
      1.095160722732544,
      1.090168833732605,
      1.0865139961242676,
      1.0815176963806152
    ]
  }
}