{
  "User": "95",
  "validation_results": {
    "Accuracy": [
      [
        0.5555555820465088,
        0.4444444477558136,
        0.4444444477558136
      ]
    ],
    "Precision": [
      [
        0.2222222238779068,
        0.0,
        0.0
      ]
    ],
    "Recall": [
      [
        0.3333333432674408,
        0.0,
        0.0
      ]
    ],
    "F1Score": [
      [
        0.2666666805744171,
        0.0,
        0.0
      ]
    ],
    "info_prec": [
      0.0,
      0.0,
      0.0,
      0.16666666666666666,
      0.0,
      0.0,
      0.0,
      0.0,
      0.0,
      0.0,
      0.0,
      0.0,
      0.0,
      0.0,
      0.0,
      0.0,
      0.0,
      0.0,
      0.0,
      0.0,
      0.0,
      0.0,
      0.0,
      0.0,
      0.0,
      0.0,
      0.0,
      0.0,
      0.0,
      0.0
    ],
    "info_rec": [
      0.0,
      0.0,
      0.0,
      0.5,
      0.0,
      0.0,
      0.0,
      0.0,
      0.0,
      0.0,
      0.0,
      0.0,
      0.0,
      0.0,
      0.0,
      0.0,
      0.0,
      0.0,
      0.0,
      0.0,
      0.0,
      0.0,
      0.0,
      0.0,
      0.0,
      0.0,
      0.0,
      0.0,
      0.0,
      0.0
    ],
    "info_f1": [
      0.0,
      0.0,
      0.0,
      0.25,
      0.0,
      0.0,
      0.0,
      0.0,
      0.0,
      0.0,
      0.0,
      0.0,
      0.0,
      0.0,
      0.0,
      0.0,
      0.0,
      0.0,
      0.0,
      0.0,
      0.0,
      0.0,
      0.0,
      0.0,
      0.0,
      0.0,
      0.0,
      0.0,
      0.0,
      0.0
    ],
    "info_cmae": [
      3.5,
      3.199551373720169,
      2.705564022064209,
      2.5,
      2.5,
      2.5,
      2.5,
      2.5,
      2.5,
      2.5,
      2.5,
      2.5,
      2.5,
      2.5,
      2.5,
      2.5,
      2.5,
      2.5,
      2.5,
      2.5,
      2.5,
      2.5,
      2.5,
      2.5,
      2.5,
      2.5,
      2.5,
      2.5,
      2.5,
      2.5
    ],
    "info_mae": [
      4.64817076921463,
      4.032884707053502,
      3.5388973553975425,
      3.0837324460347495,
      2.718700885772705,
      2.6993826230367026,
      2.767099062601725,
      2.7158304850260415,
      2.6518849531809487,
      2.691128969192505,
      2.649324417114258,
      2.6072945594787598,
      2.620167891184489,
      2.5869642893473306,
      2.5732701619466147,
      2.539642810821533,
      2.533781051635742,
      2.5018657048543296,
      2.4961418310801187,
      2.4836552143096924,
      2.457165559132894,
      2.4366873105367026,
      2.4406844774881997,
      2.4355414708455405,
      2.435666481653849,
      2.4175697962443032,
      2.3967738151550293,
      2.39344588915507,
      2.3910093307495117,
      2.3876784642537436
    ]
  }
}