{
  "User": "522",
  "validation_results": {
    "Accuracy": [
      [
        0.4761904776096344,
        0.0,
        0.5333333611488342
      ]
    ],
    "Precision": [
      [
        0.190476194024086,
        0.0,
        0.0
      ]
    ],
    "Recall": [
      [
        0.2857142984867096,
        0.0,
        0.0
      ]
    ],
    "F1Score": [
      [
        0.22857142984867096,
        0.0,
        0.0
      ]
    ],
    "info_prec": [
      0.0,
      0.0,
      0.0,
      0.0,
      0.0,
      0.0,
      0.0,
      0.0,
      0.0,
      0.0,
      0.0,
      0.0,
      0.0,
      0.0,
      0.0,
      0.0,
      0.0,
      0.0,
      0.0,
      0.0,
      0.0,
      0.0,
      0.0,
      0.0,
      0.0,
      0.0,
      0.0,
      0.0,
      0.0,
      0.0
    ],
    "info_rec": [
      0.0,
      0.0,
      0.0,
      0.0,
      0.0,
      0.0,
      0.0,
      0.0,
      0.0,
      0.0,
      0.0,
      0.0,
      0.0,
      0.0,
      0.0,
      0.0,
      0.0,
      0.0,
      0.0,
      0.0,
      0.0,
      0.0,
      0.0,
      0.0,
      0.0,
      0.0,
      0.0,
      0.0,
      0.0,
      0.0
    ],
    "info_f1": [
      0.0,
      0.0,
      0.0,
      0.0,
      0.0,
      0.0,
      0.0,
      0.0,
      0.0,
      0.0,
      0.0,
      0.0,
      0.0,
      0.0,
      0.0,
      0.0,
      0.0,
      0.0,
      0.0,
      0.0,
      0.0,
      0.0,
      0.0,
      0.0,
      0.0,
      0.0,
      0.0,
      0.0,
      0.0,
      0.0
    ],
    "info_cmae": [
      4.5,
      4.199551373720169,
      3.705564022064209,
      2.751197338104248,
      1.6561026573181152,
      1.5981478691101074,
      1.8012971878051758,
      1.647491455078125,
      1.4556548595428467,
      1.5733869075775146,
      1.4479732513427734,
      1.3218836784362793,
      1.3605036735534668,
      1.2608928680419922,
      1.2198104858398438,
      1.1189284324645996,
      1.1013431549072266,
      1.0055971145629883,
      0.9884254932403564,
      0.9509656429290771,
      0.8714966773986816,
      0.8100619316101074,
      0.8220534324645996,
      0.8066244125366211,
      0.8069994449615479,
      0.7527093887329102,
      0.6903214454650879,
      0.68033766746521,
      0.6730279922485352,
      0.6630353927612305
    ],
    "info_mae": [
      4.648187359174092,
      4.032884707053502,
      3.5388973553975425,
      2.5845306714375815,
      1.4894359906514485,
      1.4314812024434407,
      1.634630521138509,
      1.4808247884114583,
      1.28898819287618,
      1.406720240910848,
      1.2813065846761067,
      1.1552170117696126,
      1.1938370068868,
      1.0942262013753254,
      1.053143819173177,
      0.952261765797933,
      0.9346764882405599,
      0.8389304478963217,
      0.8217588265736898,
      0.7842989762624105,
      0.704830010732015,
      0.6433952649434408,
      0.655386765797933,
      0.6399577458699545,
      0.6403327782948812,
      0.5860427220662435,
      0.5236547787984213,
      0.5136710007985433,
      0.5063613255818685,
      0.4963687260945638
    ]
  }
}