{
  "User": "25",
  "validation_results": {
    "Accuracy": [
      [
        0.4399999976158142,
        0.6326531171798706,
        0.6938775777816772
      ]
    ],
    "Precision": [
      [
        0.2800000011920929,
        0.18367347121238708,
        0.0
      ]
    ],
    "Recall": [
      [
        0.2800000011920929,
        0.4285714328289032,
        0.0
      ]
    ],
    "F1Score": [
      [
        0.2800000011920929,
        0.2571428716182709,
        0.0
      ]
    ],
    "info_prec": [
      0.0,
      0.0,
      0.0,
      0.0,
      0.0,
      0.0,
      0.0,
      0.0,
      0.0,
      0.0,
      0.0,
      0.0,
      0.0,
      0.0,
      0.0,
      0.0,
      0.0,
      0.0,
      0.0,
      0.0,
      0.0,
      0.0,
      0.0,
      0.0,
      0.0,
      0.0,
      0.0,
      0.0,
      0.0,
      0.0
    ],
    "info_rec": [
      0.0,
      0.0,
      0.0,
      0.0,
      0.0,
      0.0,
      0.0,
      0.0,
      0.0,
      0.0,
      0.0,
      0.0,
      0.0,
      0.0,
      0.0,
      0.0,
      0.0,
      0.0,
      0.0,
      0.0,
      0.0,
      0.0,
      0.0,
      0.0,
      0.0,
      0.0,
      0.0,
      0.0,
      0.0,
      0.0
    ],
    "info_f1": [
      0.0,
      0.0,
      0.0,
      0.0,
      0.0,
      0.0,
      0.0,
      0.0,
      0.0,
      0.0,
      0.0,
      0.0,
      0.0,
      0.0,
      0.0,
      0.0,
      0.0,
      0.0,
      0.0,
      0.0,
      0.0,
      0.0,
      0.0,
      0.0,
      0.0,
      0.0,
      0.0,
      0.0,
      0.0,
      0.0
    ],
    "info_cmae": [
      4.998274336258571,
      4.6995514035224915,
      4.205564022064209,
      3.251197338104248,
      2.1561026573181152,
      2.0981478691101074,
      2.301297426223755,
      2.147491455078125,
      1.9556546211242676,
      2.0733871459960938,
      1.9479732513427734,
      1.8218841552734375,
      1.860504150390625,
      1.7608928680419922,
      1.7198104858398438,
      1.6189284324645996,
      1.6013436317443848,
      1.5055971145629883,
      1.4884254932403564,
      1.4509656429290771,
      1.3714966773986816,
      1.3100619316101074,
      1.3220534324645996,
      1.306624412536621,
      1.3069994449615479,
      1.2527093887329102,
      1.190321445465088,
      1.18033766746521,
      1.1730279922485352,
      1.1630353927612305
    ],
    "info_mae": [
      5.31186647181,
      4.842408546379635,
      4.348421164921352,
      3.394054480961391,
      2.298959800175258,
      2.24100501196725,
      2.4441545690808977,
      2.290348597935268,
      2.0985117639814104,
      2.2162442888532365,
      2.0908303941999162,
      1.9647412981305803,
      2.003361293247768,
      1.903750010899135,
      1.8626676286969865,
      1.7617855753217424,
      1.7442007746015276,
      1.648454257420131,
      1.6312826360974992,
      1.59382278578622,
      1.5143538202558244,
      1.4529190744672502,
      1.4649105753217424,
      1.4494815553937639,
      1.4498565878186906,
      1.395566531590053,
      1.3331785883222307,
      1.3231948103223528,
      1.315885135105678,
      1.3058925356183733
    ]
  }
}