{
  "User": "514",
  "validation_results": {
    "Accuracy": [
      [
        0.4444444477558136,
        0.25,
        0.0
      ]
    ],
    "Precision": [
      [
        0.0,
        0.25,
        0.0
      ]
    ],
    "Recall": [
      [
        0.0,
        0.25,
        0.0
      ]
    ],
    "F1Score": [
      [
        0.0,
        0.25,
        0.0
      ]
    ],
    "info_prec": [
      0.0,
      0.0,
      0.0,
      0.0,
      0.0,
      0.0,
      0.0,
      0.0,
      0.0,
      0.0,
      0.0,
      0.0,
      0.0,
      0.0,
      0.0,
      0.0,
      0.0,
      0.0,
      0.0,
      0.0,
      0.0,
      0.0,
      0.0,
      0.0,
      0.0,
      0.0,
      0.0,
      0.0,
      0.0,
      0.0
    ],
    "info_rec": [
      0.0,
      0.0,
      0.0,
      0.0,
      0.0,
      0.0,
      0.0,
      0.0,
      0.0,
      0.0,
      0.0,
      0.0,
      0.0,
      0.0,
      0.0,
      0.0,
      0.0,
      0.0,
      0.0,
      0.0,
      0.0,
      0.0,
      0.0,
      0.0,
      0.0,
      0.0,
      0.0,
      0.0,
      0.0,
      0.0
    ],
    "info_f1": [
      0.0,
      0.0,
      0.0,
      0.0,
      0.0,
      0.0,
      0.0,
      0.0,
      0.0,
      0.0,
      0.0,
      0.0,
      0.0,
      0.0,
      0.0,
      0.0,
      0.0,
      0.0,
      0.0,
      0.0,
      0.0,
      0.0,
      0.0,
      0.0,
      0.0,
      0.0,
      0.0,
      0.0,
      0.0,
      0.0
    ],
    "info_cmae": [
      5.0,
      4.699551373720169,
      4.205564022064209,
      3.251197338104248,
      2.1561026573181152,
      2.0981478691101074,
      2.301297187805176,
      2.147491455078125,
      1.9556548595428467,
      2.0733869075775146,
      1.9479732513427734,
      1.8218836784362793,
      1.8605036735534668,
      1.7608928680419922,
      1.7198104858398438,
      1.6189284324645996,
      1.6013431549072266,
      1.5055971145629883,
      1.4884254932403564,
      1.4509656429290771,
      1.3714966773986816,
      1.3100619316101074,
      1.3220534324645996,
      1.306624412536621,
      1.3069994449615479,
      1.2527093887329102,
      1.190321445465088,
      1.18033766746521,
      1.1730279922485352,
      1.1630353927612305
    ],
    "info_mae": [
      4.981522738933563,
      4.366218040386836,
      3.8722306887308755,
      2.9178640047709146,
      1.822769323984782,
      1.7648145357767742,
      1.9679638544718425,
      1.8141581217447917,
      1.6223215262095134,
      1.7400535742441814,
      1.6146399180094402,
      1.488550345102946,
      1.5271703402201335,
      1.427559534708659,
      1.3864771525065105,
      1.2855950991312664,
      1.2680098215738933,
      1.172263781229655,
      1.1550921599070232,
      1.117632309595744,
      1.0381633440653484,
      0.976728598276774,
      0.9887200991312662,
      0.9732910792032877,
      0.9736661116282145,
      0.9193760553995768,
      0.8569881121317545,
      0.8470043341318766,
      0.8396946589152018,
      0.8297020594278971
    ]
  }
}