{
  "User": "53",
  "validation_results": {
    "Accuracy": [
      [
        0.4166666865348816,
        0.6666667461395264,
        0.0
      ]
    ],
    "Precision": [
      [
        0.0833333358168602,
        0.2666666805744171,
        0.0
      ]
    ],
    "Recall": [
      [
        0.25,
        0.4000000059604645,
        0.0
      ]
    ],
    "F1Score": [
      [
        0.125,
        0.3199999928474426,
        0.0
      ]
    ],
    "info_prec": [
      0.0,
      0.0,
      0.0,
      0.0,
      0.0,
      0.0,
      0.0,
      0.0,
      0.3333333333333333,
      0.0,
      0.3333333333333333,
      0.3333333333333333,
      0.3333333333333333,
      0.3333333333333333,
      0.3333333333333333,
      0.3333333333333333,
      0.3333333333333333,
      0.3333333333333333,
      0.3333333333333333,
      0.3333333333333333,
      0.3333333333333333,
      0.3333333333333333,
      0.3333333333333333,
      0.3333333333333333,
      0.3333333333333333,
      0.3333333333333333,
      0.3333333333333333,
      0.3333333333333333,
      0.3333333333333333,
      0.3333333333333333
    ],
    "info_rec": [
      0.0,
      0.0,
      0.0,
      0.0,
      0.0,
      0.0,
      0.0,
      0.0,
      0.5,
      0.0,
      0.5,
      0.5,
      0.5,
      0.5,
      0.5,
      0.5,
      0.5,
      0.5,
      0.5,
      0.5,
      0.5,
      0.5,
      0.5,
      0.5,
      0.5,
      0.5,
      0.5,
      0.5,
      0.5,
      0.5
    ],
    "info_f1": [
      0.0,
      0.0,
      0.0,
      0.0,
      0.0,
      0.0,
      0.0,
      0.0,
      0.4,
      0.0,
      0.4,
      0.4,
      0.4,
      0.4,
      0.4,
      0.4,
      0.4,
      0.4,
      0.4,
      0.4,
      0.4,
      0.4,
      0.4,
      0.4,
      0.4,
      0.4,
      0.4,
      0.4,
      0.4,
      0.4
    ],
    "info_cmae": [
      3.5,
      3.199551373720169,
      2.705564022064209,
      1.751197338104248,
      0.6561026573181152,
      0.5981478691101074,
      0.8012971878051758,
      0.647491455078125,
      0.5,
      0.5733869075775146,
      0.5,
      0.5,
      0.5,
      0.5,
      0.5,
      0.5,
      0.5,
      0.5,
      0.5,
      0.5,
      0.5,
      0.5,
      0.5,
      0.5,
      0.5,
      0.5,
      0.5,
      0.5,
      0.5,
      0.5
    ],
    "info_mae": [
      3.6481887300809226,
      3.0328847070535025,
      2.5388973553975425,
      1.5845306714375813,
      0.48943599065144855,
      0.43148120244344074,
      0.6346305211385092,
      0.4808247884114583,
      0.3481150468190511,
      0.40672024091084796,
      0.3506755828857422,
      0.39270544052124023,
      0.37983210881551105,
      0.41303571065266925,
      0.42672983805338544,
      0.4603571891784668,
      0.4662189483642578,
      0.4981342951456706,
      0.5038581689198812,
      0.5163447856903076,
      0.5428344408671061,
      0.5633126894632975,
      0.5593155225118002,
      0.5644585291544596,
      0.5643335183461508,
      0.5824302037556967,
      0.6032261848449707,
      0.60655411084493,
      0.6089906692504883,
      0.6123215357462565
    ]
  }
}