{
  "User": "186",
  "validation_results": {
    "Accuracy": [
      [
        0.8333333134651184,
        1.0,
        0.0
      ]
    ],
    "Precision": [
      [
        0.5,
        1.0,
        0.0
      ]
    ],
    "Recall": [
      [
        0.5,
        1.0,
        0.0
      ]
    ],
    "F1Score": [
      [
        0.5,
        1.0,
        0.0
      ]
    ],
    "info_prec": [
      0.0,
      0.0,
      0.0,
      0.0,
      0.0,
      0.0,
      0.0,
      0.0,
      0.0,
      0.0,
      0.0,
      0.0,
      0.0,
      0.0,
      0.0,
      0.0,
      0.0,
      0.0,
      0.0,
      0.0,
      0.0,
      0.0,
      0.0,
      0.0,
      0.0,
      0.0,
      0.0,
      0.0,
      0.0,
      0.0
    ],
    "info_rec": [
      0.0,
      0.0,
      0.0,
      0.0,
      0.0,
      0.0,
      0.0,
      0.0,
      0.0,
      0.0,
      0.0,
      0.0,
      0.0,
      0.0,
      0.0,
      0.0,
      0.0,
      0.0,
      0.0,
      0.0,
      0.0,
      0.0,
      0.0,
      0.0,
      0.0,
      0.0,
      0.0,
      0.0,
      0.0,
      0.0
    ],
    "info_f1": [
      0.0,
      0.0,
      0.0,
      0.0,
      0.0,
      0.0,
      0.0,
      0.0,
      0.0,
      0.0,
      0.0,
      0.0,
      0.0,
      0.0,
      0.0,
      0.0,
      0.0,
      0.0,
      0.0,
      0.0,
      0.0,
      0.0,
      0.0,
      0.0,
      0.0,
      0.0,
      0.0,
      0.0,
      0.0,
      0.0
    ],
    "info_cmae": [
      5.499158775061369,
      5.1995514035224915,
      4.705564022064209,
      3.751197338104248,
      2.6561026573181152,
      2.5981478691101074,
      2.801297426223755,
      2.647491455078125,
      2.4556546211242676,
      2.5733871459960938,
      2.4479732513427734,
      2.3218841552734375,
      2.360504150390625,
      2.260892868041992,
      2.2198104858398438,
      2.1189284324645996,
      2.1013436317443848,
      2.0055971145629883,
      1.9884254932403564,
      1.9509656429290771,
      1.8714966773986816,
      1.8100619316101074,
      1.8220534324645996,
      1.806624412536621,
      1.8069994449615479,
      1.7527093887329102,
      1.690321445465088,
      1.68033766746521,
      1.6730279922485352,
      1.6630353927612305
    ],
    "info_mae": [
      6.031268086284399,
      5.5328847368558245,
      5.038897355397542,
      4.084530671437581,
      2.9894359906514487,
      2.931481202443441,
      3.1346307595570884,
      2.9808247884114585,
      2.788987954457601,
      2.9067204793294272,
      2.781306584676107,
      2.655217488606771,
      2.6938374837239585,
      2.5942262013753257,
      2.5531438191731772,
      2.452261765797933,
      2.4346769650777182,
      2.3389304478963218,
      2.32175882657369,
      2.2842989762624106,
      2.204830010732015,
      2.143395264943441,
      2.155386765797933,
      2.1399577458699546,
      2.1403327782948813,
      2.0860427220662436,
      2.0236547787984214,
      2.0136710007985434,
      2.0063613255818686,
      1.9963687260945637
    ]
  }
}