{
  "User": "364",
  "validation_results": {
    "Accuracy": [
      [
        0.5185185670852661,
        0.0,
        0.0
      ]
    ],
    "Precision": [
      [
        0.1666666716337204,
        0.0,
        0.0
      ]
    ],
    "Recall": [
      [
        0.25,
        0.0,
        0.0
      ]
    ],
    "F1Score": [
      [
        0.20000000298023224,
        0.0,
        0.0
      ]
    ],
    "info_prec": [
      0.0,
      0.0,
      0.0,
      0.06666666666666667,
      0.0,
      0.0,
      0.0,
      0.0,
      0.02222222222222222,
      0.0,
      0.02222222222222222,
      0.02222222222222222,
      0.02222222222222222,
      0.02222222222222222,
      0.02222222222222222,
      0.02222222222222222,
      0.02222222222222222,
      0.02222222222222222,
      0.02222222222222222,
      0.02222222222222222,
      0.02222222222222222,
      0.02222222222222222,
      0.02222222222222222,
      0.02222222222222222,
      0.02222222222222222,
      0.02222222222222222,
      0.02222222222222222,
      0.02222222222222222,
      0.02222222222222222,
      0.02222222222222222
    ],
    "info_rec": [
      0.0,
      0.0,
      0.0,
      0.2,
      0.0,
      0.0,
      0.0,
      0.0,
      0.2,
      0.0,
      0.2,
      0.2,
      0.2,
      0.2,
      0.2,
      0.2,
      0.2,
      0.2,
      0.2,
      0.2,
      0.2,
      0.2,
      0.2,
      0.2,
      0.2,
      0.2,
      0.2,
      0.2,
      0.2,
      0.2
    ],
    "info_f1": [
      0.0,
      0.0,
      0.0,
      0.1,
      0.0,
      0.0,
      0.0,
      0.0,
      0.039999999999999994,
      0.0,
      0.039999999999999994,
      0.039999999999999994,
      0.039999999999999994,
      0.039999999999999994,
      0.039999999999999994,
      0.039999999999999994,
      0.039999999999999994,
      0.039999999999999994,
      0.039999999999999994,
      0.039999999999999994,
      0.039999999999999994,
      0.039999999999999994,
      0.039999999999999994,
      0.039999999999999994,
      0.039999999999999994,
      0.039999999999999994,
      0.039999999999999994,
      0.039999999999999994,
      0.039999999999999994,
      0.039999999999999994
    ],
    "info_cmae": [
      3.798048696915308,
      3.4995514035224913,
      3.005564022064209,
      2.3507184028625487,
      1.693661594390869,
      1.6588887214660644,
      1.780778455734253,
      1.688494873046875,
      1.5911309242248535,
      1.6440322875976563,
      1.5895946502685547,
      1.5643768310546875,
      1.572100830078125,
      1.5521785736083984,
      1.5439620971679688,
      1.52378568649292,
      1.520268726348877,
      1.5011194229125977,
      1.4976850986480712,
      1.4901931285858154,
      1.4742993354797362,
      1.4620123863220216,
      1.4644106864929198,
      1.4613248825073242,
      1.4613998889923097,
      1.450541877746582,
      1.4380642890930175,
      1.436067533493042,
      1.434605598449707,
      1.432607078552246
    ],
    "info_mae": [
      3.5743256409962973,
      3.143995847966936,
      2.6500084665086536,
      2.1948435571458607,
      1.8298119968838162,
      1.8104937341478136,
      1.8782102531856961,
      1.8269415961371527,
      1.772850513458252,
      1.8022401597764757,
      1.7719970279269748,
      1.7579871283637152,
      1.7622782389322917,
      1.7512103186713324,
      1.7466456095377605,
      1.7354364924960666,
      1.733482625749376,
      1.722844123840332,
      1.720936165915595,
      1.716773960325453,
      1.7079440752665203,
      1.701117992401123,
      1.7024503813849554,
      1.7007360458374023,
      1.7007777161068387,
      1.69474548763699,
      1.6878134939405653,
      1.6867041852739122,
      1.6858919991387262,
      1.6847817103068035
    ]
  }
}