{
  "User": "96",
  "validation_results": {
    "Accuracy": [
      [
        0.44117647409439087,
        0.3799999952316284,
        0.6272727847099304
      ]
    ],
    "Precision": [
      [
        0.0,
        0.009999999776482582,
        0.0
      ]
    ],
    "Recall": [
      [
        0.0,
        0.10000000149011612,
        0.0
      ]
    ],
    "F1Score": [
      [
        0.0,
        0.01818181946873665,
        0.0
      ]
    ],
    "info_prec": [
      0.0,
      0.0,
      0.0,
      0.0,
      0.05,
      0.05,
      0.05,
      0.05,
      0.0,
      0.05,
      0.0,
      0.0,
      0.0,
      0.0,
      0.0,
      0.0,
      0.0,
      0.0,
      0.0,
      0.0,
      0.0,
      0.0,
      0.0,
      0.0,
      0.0,
      0.0,
      0.0,
      0.0,
      0.0,
      0.0
    ],
    "info_rec": [
      0.0,
      0.0,
      0.0,
      0.0,
      0.5,
      0.5,
      0.5,
      0.5,
      0.0,
      0.5,
      0.0,
      0.0,
      0.0,
      0.0,
      0.0,
      0.0,
      0.0,
      0.0,
      0.0,
      0.0,
      0.0,
      0.0,
      0.0,
      0.0,
      0.0,
      0.0,
      0.0,
      0.0,
      0.0,
      0.0
    ],
    "info_f1": [
      0.0,
      0.0,
      0.0,
      0.0,
      0.09090909090909091,
      0.09090909090909091,
      0.09090909090909091,
      0.09090909090909091,
      0.0,
      0.09090909090909091,
      0.0,
      0.0,
      0.0,
      0.0,
      0.0,
      0.0,
      0.0,
      0.0,
      0.0,
      0.0,
      0.0,
      0.0,
      0.0,
      0.0,
      0.0,
      0.0,
      0.0,
      0.0,
      0.0,
      0.0
    ],
    "info_cmae": [
      2.9772173923750715,
      2.6995514035224915,
      2.205564022064209,
      1.251197338104248,
      1.0,
      1.0,
      1.0,
      1.0,
      1.0,
      1.0,
      1.0,
      1.0,
      1.0,
      1.0,
      1.0,
      1.0,
      1.0,
      1.0,
      1.0,
      1.0,
      1.0,
      1.0,
      1.0,
      1.0,
      1.0,
      1.0,
      1.0,
      1.0,
      1.0,
      1.0
    ],
    "info_mae": [
      3.9121790669858454,
      3.4995514035224913,
      3.005564022064209,
      2.051197338104248,
      1.124882125854492,
      1.0785182952880858,
      1.241037940979004,
      1.1179931640625,
      0.9645236968994141,
      1.058709716796875,
      0.9583786010742188,
      0.85750732421875,
      0.8884033203125,
      0.8087142944335938,
      0.775848388671875,
      0.6951427459716797,
      0.6810749053955079,
      0.6044776916503907,
      0.5907403945922851,
      0.5607725143432617,
      0.4971973419189453,
      0.44804954528808594,
      0.4576427459716797,
      0.4452995300292969,
      0.4455995559692383,
      0.40216751098632814,
      0.35225715637207033,
      0.344270133972168,
      0.3384223937988281,
      0.3304283142089844
    ]
  }
}