{
  "User": "399",
  "validation_results": {
    "Accuracy": [
      [
        0.3928571343421936,
        0.625,
        0.375
      ]
    ],
    "Precision": [
      [
        0.0357142873108387,
        0.0,
        0.0
      ]
    ],
    "Recall": [
      [
        0.1428571492433548,
        0.0,
        0.0
      ]
    ],
    "F1Score": [
      [
        0.05714285746216774,
        0.0,
        0.0
      ]
    ],
    "info_prec": [
      0.0,
      0.0,
      0.0,
      0.08333333333333333,
      0.0,
      0.0,
      0.0,
      0.0,
      0.0,
      0.0,
      0.0,
      0.0,
      0.0,
      0.0,
      0.0,
      0.0,
      0.0,
      0.0,
      0.0,
      0.0,
      0.0,
      0.0,
      0.0,
      0.0,
      0.0,
      0.0,
      0.0,
      0.0,
      0.0,
      0.0
    ],
    "info_rec": [
      0.0,
      0.0,
      0.0,
      0.3333333333333333,
      0.0,
      0.0,
      0.0,
      0.0,
      0.0,
      0.0,
      0.0,
      0.0,
      0.0,
      0.0,
      0.0,
      0.0,
      0.0,
      0.0,
      0.0,
      0.0,
      0.0,
      0.0,
      0.0,
      0.0,
      0.0,
      0.0,
      0.0,
      0.0,
      0.0,
      0.0
    ],
    "info_f1": [
      0.0,
      0.0,
      0.0,
      0.13333333333333333,
      0.0,
      0.0,
      0.0,
      0.0,
      0.0,
      0.0,
      0.0,
      0.0,
      0.0,
      0.0,
      0.0,
      0.0,
      0.0,
      0.0,
      0.0,
      0.0,
      0.0,
      0.0,
      0.0,
      0.0,
      0.0,
      0.0,
      0.0,
      0.0,
      0.0,
      0.0
    ],
    "info_cmae": [
      3.6666666666666665,
      3.3662180403868356,
      2.8722306887308755,
      2.4170657793680825,
      2.0520342191060386,
      2.0327159563700357,
      2.1004323959350586,
      2.049163818359375,
      1.9852182865142822,
      2.0244623025258384,
      1.982657750447591,
      1.940627892812093,
      1.9535012245178223,
      1.920297622680664,
      1.906603495279948,
      1.8729761441548665,
      1.8671143849690754,
      1.8351990381876628,
      1.8294751644134521,
      1.8169885476430256,
      1.7904988924662273,
      1.7700206438700359,
      1.7740178108215332,
      1.7688748041788738,
      1.7689998149871826,
      1.7509031295776367,
      1.7301071484883626,
      1.7267792224884033,
      1.724342664082845,
      1.721011797587077
    ],
    "info_mae": [
      4.5426004864275455,
      3.949551373720169,
      3.455564022064209,
      2.875598669052124,
      2.3280513286590576,
      2.2990739345550537,
      2.400648593902588,
      2.3237457275390625,
      2.2278274297714233,
      2.2866934537887573,
      2.2239866256713867,
      2.1609418392181396,
      2.1802518367767334,
      2.130446434020996,
      2.109905242919922,
      2.0594642162323,
      2.0506715774536133,
      2.002798557281494,
      1.9942127466201782,
      1.9754828214645386,
      1.9357483386993408,
      1.9050309658050537,
      1.9110267162322998,
      1.9033122062683105,
      1.903499722480774,
      1.876354694366455,
      1.845160722732544,
      1.840168833732605,
      1.8365139961242676,
      1.8315176963806152
    ]
  }
}