{
  "User": "115",
  "validation_results": {
    "Accuracy": [
      [
        0.5,
        0.3888888955116272,
        0.5
      ]
    ],
    "Precision": [
      [
        0.1111111119389534,
        0.02777777798473835,
        0.0
      ]
    ],
    "Recall": [
      [
        0.3333333432674408,
        0.1666666716337204,
        0.0
      ]
    ],
    "F1Score": [
      [
        0.1666666716337204,
        0.0476190485060215,
        0.0
      ]
    ],
    "info_prec": [
      0.05555555555555555,
      0.05555555555555555,
      0.05555555555555555,
      0.0,
      0.16666666666666666,
      0.16666666666666666,
      0.16666666666666666,
      0.16666666666666666,
      0.1111111111111111,
      0.16666666666666666,
      0.1111111111111111,
      0.1111111111111111,
      0.1111111111111111,
      0.1111111111111111,
      0.1111111111111111,
      0.1111111111111111,
      0.1111111111111111,
      0.1111111111111111,
      0.1111111111111111,
      0.1111111111111111,
      0.1111111111111111,
      0.1111111111111111,
      0.1111111111111111,
      0.1111111111111111,
      0.1111111111111111,
      0.1111111111111111,
      0.1111111111111111,
      0.1111111111111111,
      0.1111111111111111,
      0.1111111111111111
    ],
    "info_rec": [
      0.3333333333333333,
      0.3333333333333333,
      0.3333333333333333,
      0.0,
      0.3333333333333333,
      0.3333333333333333,
      0.3333333333333333,
      0.3333333333333333,
      0.3333333333333333,
      0.3333333333333333,
      0.3333333333333333,
      0.3333333333333333,
      0.3333333333333333,
      0.3333333333333333,
      0.3333333333333333,
      0.3333333333333333,
      0.3333333333333333,
      0.3333333333333333,
      0.3333333333333333,
      0.3333333333333333,
      0.3333333333333333,
      0.3333333333333333,
      0.3333333333333333,
      0.3333333333333333,
      0.3333333333333333,
      0.3333333333333333,
      0.3333333333333333,
      0.3333333333333333,
      0.3333333333333333,
      0.3333333333333333
    ],
    "info_f1": [
      0.09523809523809523,
      0.09523809523809523,
      0.09523809523809523,
      0.0,
      0.2222222222222222,
      0.2222222222222222,
      0.2222222222222222,
      0.2222222222222222,
      0.16666666666666666,
      0.2222222222222222,
      0.16666666666666666,
      0.16666666666666666,
      0.16666666666666666,
      0.16666666666666666,
      0.16666666666666666,
      0.16666666666666666,
      0.16666666666666666,
      0.16666666666666666,
      0.16666666666666666,
      0.16666666666666666,
      0.16666666666666666,
      0.16666666666666666,
      0.16666666666666666,
      0.16666666666666666,
      0.16666666666666666,
      0.16666666666666666,
      0.16666666666666666,
      0.16666666666666666,
      0.16666666666666666,
      0.16666666666666666
    ],
    "info_cmae": [
      1.6652692159016926,
      1.566517134507497,
      1.401854674021403,
      1.0837324460347493,
      1.281299114227295,
      1.3006173769632976,
      1.232900857925415,
      1.2841695149739583,
      1.3776787122090657,
      1.3088709513346355,
      1.3853600819905598,
      1.5114491780598958,
      1.4728291829427083,
      1.572440465291341,
      1.6135228474934895,
      1.7144049008687336,
      1.7319897015889485,
      1.827736218770345,
      1.8449078400929768,
      1.882367690404256,
      1.9618366559346516,
      2.023271401723226,
      2.011279900868734,
      2.0267089207967124,
      2.0263338883717856,
      2.0806239446004233,
      2.1430118878682456,
      2.1529956658681235,
      2.1603053410847983,
      2.170297940572103
    ],
    "info_mae": [
      2.197909887880087,
      1.799700935681661,
      1.4703760147094727,
      0.8341315587361654,
      0.9479657808939616,
      0.9672840436299642,
      0.8995675245920817,
      0.950836181640625,
      1.0443453788757324,
      0.9755376180013021,
      1.0520267486572266,
      1.1781158447265625,
      1.139495849609375,
      1.2391071319580078,
      1.2801895141601562,
      1.3810715675354004,
      1.3986563682556152,
      1.4944028854370117,
      1.5115745067596436,
      1.5490343570709229,
      1.6285033226013184,
      1.6899380683898926,
      1.6779465675354004,
      1.693375587463379,
      1.6930005550384521,
      1.7472906112670898,
      1.809678554534912,
      1.81966233253479,
      1.8269720077514648,
      1.8369646072387695
    ]
  }
}