{
  "User": "32",
  "validation_results": {
    "Accuracy": [
      [
        0.512499988079071,
        0.5333333611488342,
        0.0
      ]
    ],
    "Precision": [
      [
        0.10000000149011612,
        0.35555556416511536,
        0.0
      ]
    ],
    "Recall": [
      [
        0.25,
        0.4444444477558136,
        0.0
      ]
    ],
    "F1Score": [
      [
        0.1428571492433548,
        0.395061731338501,
        0.0
      ]
    ],
    "info_prec": [
      0.016666666666666666,
      0.016666666666666666,
      0.016666666666666666,
      0.016666666666666666,
      0.03333333333333333,
      0.03333333333333333,
      0.03333333333333333,
      0.03333333333333333,
      0.03333333333333333,
      0.03333333333333333,
      0.03333333333333333,
      0.03333333333333333,
      0.03333333333333333,
      0.03333333333333333,
      0.03333333333333333,
      0.03333333333333333,
      0.03333333333333333,
      0.03333333333333333,
      0.03333333333333333,
      0.03333333333333333,
      0.03333333333333333,
      0.03333333333333333,
      0.03333333333333333,
      0.03333333333333333,
      0.03333333333333333,
      0.03333333333333333,
      0.03333333333333333,
      0.03333333333333333,
      0.03333333333333333,
      0.03333333333333333
    ],
    "info_rec": [
      0.16666666666666666,
      0.16666666666666666,
      0.16666666666666666,
      0.16666666666666666,
      0.16666666666666666,
      0.16666666666666666,
      0.16666666666666666,
      0.16666666666666666,
      0.16666666666666666,
      0.16666666666666666,
      0.16666666666666666,
      0.16666666666666666,
      0.16666666666666666,
      0.16666666666666666,
      0.16666666666666666,
      0.16666666666666666,
      0.16666666666666666,
      0.16666666666666666,
      0.16666666666666666,
      0.16666666666666666,
      0.16666666666666666,
      0.16666666666666666,
      0.16666666666666666,
      0.16666666666666666,
      0.16666666666666666,
      0.16666666666666666,
      0.16666666666666666,
      0.16666666666666666,
      0.16666666666666666,
      0.16666666666666666
    ],
    "info_f1": [
      0.030303030303030304,
      0.030303030303030304,
      0.030303030303030304,
      0.030303030303030304,
      0.05555555555555556,
      0.05555555555555556,
      0.05555555555555556,
      0.05555555555555556,
      0.05555555555555556,
      0.05555555555555556,
      0.05555555555555556,
      0.05555555555555556,
      0.05555555555555556,
      0.05555555555555556,
      0.05555555555555556,
      0.05555555555555556,
      0.05555555555555556,
      0.05555555555555556,
      0.05555555555555556,
      0.05555555555555556,
      0.05555555555555556,
      0.05555555555555556,
      0.05555555555555556,
      0.05555555555555556,
      0.05555555555555556,
      0.05555555555555556,
      0.05555555555555556,
      0.05555555555555556,
      0.05555555555555556,
      0.05555555555555556
    ],
    "info_cmae": [
      2.8376879756235414,
      2.633034269014994,
      2.303709348042806,
      1.9170657793680828,
      1.8333333333333333,
      1.8333333333333333,
      1.8333333333333333,
      1.8333333333333333,
      1.8481151262919109,
      1.8333333333333333,
      1.8506755828857422,
      1.8927052815755208,
      1.8798319498697917,
      1.9130357106526692,
      1.9267298380533855,
      1.9603571891784668,
      1.9662187894185383,
      1.9981342951456706,
      2.0038581689198813,
      2.0163447856903076,
      2.042834440867106,
      2.0633126894632974,
      2.0593155225118003,
      2.0644585291544595,
      2.064333518346151,
      2.0824302037556968,
      2.1032261848449707,
      2.10655411084493,
      2.1089906692504883,
      2.1123215357462564
    ],
    "info_mae": [
      3.520744615793228,
      3.1596411228179933,
      2.7644512176513674,
      2.150718402862549,
      1.831220531463623,
      1.8196295738220214,
      1.860259485244751,
      1.829498291015625,
      1.8088690757751464,
      1.8146774291992187,
      1.8104053497314454,
      1.8356231689453124,
      1.827899169921875,
      1.8478214263916015,
      1.8560379028320313,
      1.8762143135070801,
      1.8797312736511231,
      1.8988805770874024,
      1.9023149013519287,
      1.9098068714141845,
      1.9257006645202637,
      1.9379876136779786,
      1.93558931350708,
      1.9386751174926757,
      1.9386001110076905,
      1.949458122253418,
      1.9619357109069824,
      1.963932466506958,
      1.9653944015502929,
      1.967392921447754
    ]
  }
}