{
  "User": "76",
  "validation_results": {
    "Accuracy": [
      [
        0.5333333611488342,
        0.5555555820465088,
        0.6666666865348816
      ]
    ],
    "Precision": [
      [
        0.2666666805744171,
        0.1111111119389534,
        0.0
      ]
    ],
    "Recall": [
      [
        0.4000000059604645,
        0.3333333432674408,
        0.0
      ]
    ],
    "F1Score": [
      [
        0.3199999928474426,
        0.1666666716337204,
        0.0
      ]
    ],
    "info_prec": [
      0.0,
      0.0,
      0.0,
      0.3333333333333333,
      0.0,
      0.0,
      0.0,
      0.0,
      0.0,
      0.0,
      0.0,
      0.0,
      0.0,
      0.0,
      0.0,
      0.0,
      0.0,
      0.0,
      0.0,
      0.0,
      0.0,
      0.0,
      0.0,
      0.0,
      0.0,
      0.0,
      0.0,
      0.0,
      0.0,
      0.0
    ],
    "info_rec": [
      0.0,
      0.0,
      0.0,
      0.5,
      0.0,
      0.0,
      0.0,
      0.0,
      0.0,
      0.0,
      0.0,
      0.0,
      0.0,
      0.0,
      0.0,
      0.0,
      0.0,
      0.0,
      0.0,
      0.0,
      0.0,
      0.0,
      0.0,
      0.0,
      0.0,
      0.0,
      0.0,
      0.0,
      0.0,
      0.0
    ],
    "info_f1": [
      0.0,
      0.0,
      0.0,
      0.4,
      0.0,
      0.0,
      0.0,
      0.0,
      0.0,
      0.0,
      0.0,
      0.0,
      0.0,
      0.0,
      0.0,
      0.0,
      0.0,
      0.0,
      0.0,
      0.0,
      0.0,
      0.0,
      0.0,
      0.0,
      0.0,
      0.0,
      0.0,
      0.0,
      0.0,
      0.0
    ],
    "info_cmae": [
      3.0,
      2.699551373720169,
      2.205564022064209,
      2.0,
      2.0,
      2.0,
      2.0,
      2.0,
      2.0,
      2.0,
      2.0,
      2.0,
      2.0,
      2.0,
      2.0,
      2.0,
      2.0,
      2.0,
      2.0,
      2.0,
      2.0,
      2.0,
      2.0,
      2.0,
      2.0,
      2.0,
      2.0,
      2.0,
      2.0,
      2.0
    ],
    "info_mae": [
      2.648137331008911,
      2.0328847070535025,
      1.5388973553975422,
      1.5829342206319172,
      1.9479657808939617,
      1.9672840436299641,
      1.8995676040649414,
      1.950836181640625,
      2.0147817134857178,
      1.9755376974741619,
      2.0173422495524087,
      2.0593721071879068,
      2.0464987754821777,
      2.079702377319336,
      2.0933965047200522,
      2.1270238558451333,
      2.1328856150309243,
      2.1648009618123374,
      2.170524835586548,
      2.183011452356974,
      2.209501107533773,
      2.2299793561299643,
      2.225982189178467,
      2.2311251958211265,
      2.2310001850128174,
      2.2490968704223633,
      2.269892851511637,
      2.2732207775115967,
      2.275657335917155,
      2.2789882024129233
    ]
  }
}