{
  "User": "66",
  "validation_results": {
    "Accuracy": [
      [
        0.550000011920929,
        0.7166666388511658,
        0.0
      ]
    ],
    "Precision": [
      [
        0.20416666567325592,
        0.40833333134651184,
        0.0
      ]
    ],
    "Recall": [
      [
        0.2916666567325592,
        0.5833333134651184,
        0.0
      ]
    ],
    "F1Score": [
      [
        0.240196093916893,
        0.480392187833786,
        0.0
      ]
    ],
    "info_prec": [
      0.0,
      0.0,
      0.0,
      0.0,
      0.025,
      0.025,
      0.025,
      0.025,
      0.0,
      0.025,
      0.0,
      0.0,
      0.0,
      0.0,
      0.0,
      0.0,
      0.0,
      0.0,
      0.0,
      0.0,
      0.0,
      0.0,
      0.0,
      0.0,
      0.0,
      0.0,
      0.0,
      0.0,
      0.0,
      0.0
    ],
    "info_rec": [
      0.0,
      0.0,
      0.0,
      0.0,
      0.25,
      0.25,
      0.25,
      0.25,
      0.0,
      0.25,
      0.0,
      0.0,
      0.0,
      0.0,
      0.0,
      0.0,
      0.0,
      0.0,
      0.0,
      0.0,
      0.0,
      0.0,
      0.0,
      0.0,
      0.0,
      0.0,
      0.0,
      0.0,
      0.0,
      0.0
    ],
    "info_f1": [
      0.0,
      0.0,
      0.0,
      0.0,
      0.045454545454545456,
      0.045454545454545456,
      0.045454545454545456,
      0.045454545454545456,
      0.0,
      0.045454545454545456,
      0.0,
      0.0,
      0.0,
      0.0,
      0.0,
      0.0,
      0.0,
      0.0,
      0.0,
      0.0,
      0.0,
      0.0,
      0.0,
      0.0,
      0.0,
      0.0,
      0.0,
      0.0,
      0.0,
      0.0
    ],
    "info_cmae": [
      4.246273363381624,
      3.9495514035224915,
      3.455564022064209,
      2.501197338104248,
      1.8280513286590576,
      1.7990739345550537,
      1.9006487131118774,
      1.8237457275390625,
      1.7278273105621338,
      1.7866935729980469,
      1.7239866256713867,
      1.6609420776367188,
      1.6802520751953125,
      1.630446434020996,
      1.6099052429199219,
      1.5594642162322998,
      1.5506718158721924,
      1.5027985572814941,
      1.4942127466201782,
      1.4754828214645386,
      1.4357483386993408,
      1.4050309658050537,
      1.4110267162322998,
      1.4033122062683105,
      1.403499722480774,
      1.376354694366455,
      1.345160722732544,
      1.340168833732605,
      1.3365139961242676,
      1.3315176963806152
    ],
    "info_mae": [
      5.112174809724093,
      4.6995514035224915,
      4.205564022064209,
      3.251197338104248,
      2.3248821258544923,
      2.278518295288086,
      2.4410379409790037,
      2.3179931640625,
      2.164523696899414,
      2.258709716796875,
      2.1583786010742188,
      2.05750732421875,
      2.0884033203125,
      2.008714294433594,
      1.975848388671875,
      1.8951427459716796,
      1.8810749053955078,
      1.8044776916503906,
      1.790740394592285,
      1.7607725143432618,
      1.6971973419189452,
      1.648049545288086,
      1.6576427459716796,
      1.645299530029297,
      1.6455995559692382,
      1.602167510986328,
      1.5522571563720704,
      1.544270133972168,
      1.5384223937988282,
      1.5304283142089843
    ]
  }
}