{
  "User": "68",
  "validation_results": {
    "Accuracy": [
      [
        0.6326530575752258,
        1.0,
        0.0
      ]
    ],
    "Precision": [
      [
        0.36734694242477417,
        1.0,
        0.0
      ]
    ],
    "Recall": [
      [
        0.4285714328289032,
        1.0,
        0.0
      ]
    ],
    "F1Score": [
      [
        0.3956044018268585,
        1.0,
        0.0
      ]
    ],
    "info_prec": [
      0.0,
      0.0,
      0.0,
      0.0,
      0.0,
      0.0,
      0.0,
      0.0,
      0.0,
      0.0,
      0.0,
      0.0,
      0.0,
      0.0,
      0.0,
      0.0,
      0.0,
      0.0,
      0.0,
      0.0,
      0.0,
      0.0,
      0.0,
      0.0,
      0.0,
      0.0,
      0.0,
      0.0,
      0.0,
      0.0
    ],
    "info_rec": [
      0.0,
      0.0,
      0.0,
      0.0,
      0.0,
      0.0,
      0.0,
      0.0,
      0.0,
      0.0,
      0.0,
      0.0,
      0.0,
      0.0,
      0.0,
      0.0,
      0.0,
      0.0,
      0.0,
      0.0,
      0.0,
      0.0,
      0.0,
      0.0,
      0.0,
      0.0,
      0.0,
      0.0,
      0.0,
      0.0
    ],
    "info_f1": [
      0.0,
      0.0,
      0.0,
      0.0,
      0.0,
      0.0,
      0.0,
      0.0,
      0.0,
      0.0,
      0.0,
      0.0,
      0.0,
      0.0,
      0.0,
      0.0,
      0.0,
      0.0,
      0.0,
      0.0,
      0.0,
      0.0,
      0.0,
      0.0,
      0.0,
      0.0,
      0.0,
      0.0,
      0.0,
      0.0
    ],
    "info_cmae": [
      4.996548516054948,
      4.6995514035224915,
      4.205564022064209,
      3.251197338104248,
      2.1561026573181152,
      2.0981478691101074,
      2.301297426223755,
      2.147491455078125,
      1.9556546211242676,
      2.0733871459960938,
      1.9479732513427734,
      1.8218841552734375,
      1.860504150390625,
      1.7608928680419922,
      1.7198104858398438,
      1.6189284324645996,
      1.6013436317443848,
      1.5055971145629883,
      1.4884254932403564,
      1.4509656429290771,
      1.3714966773986816,
      1.3100619316101074,
      1.3220534324645996,
      1.306624412536621,
      1.3069994449615479,
      1.2527093887329102,
      1.190321445465088,
      1.18033766746521,
      1.1730279922485352,
      1.1630353927612305
    ],
    "info_mae": [
      5.7404333502054214,
      5.270979974951063,
      4.77699259349278,
      3.8226259095328197,
      2.727531228746687,
      2.669576440538679,
      2.8727259976523265,
      2.7189200265066966,
      2.527083192552839,
      2.6448157174246654,
      2.519401822771345,
      2.393312726702009,
      2.4319327218191966,
      2.332321439470564,
      2.2912390572684154,
      2.1903570038931712,
      2.1727722031729564,
      2.07702568599156,
      2.059854064668928,
      2.0223942143576488,
      1.942925248827253,
      1.8814905030386788,
      1.893482003893171,
      1.8780529839651925,
      1.8784280163901192,
      1.8241379601614816,
      1.7617500168936593,
      1.7517662388937814,
      1.7444565636771066,
      1.7344639641898019
    ]
  }
}