{
  "User": "466",
  "validation_results": {
    "Accuracy": [
      [
        1.0,
        0.0,
        0.0
      ]
    ],
    "Precision": [
      [
        1.0,
        0.0,
        0.0
      ]
    ],
    "Recall": [
      [
        1.0,
        0.0,
        0.0
      ]
    ],
    "F1Score": [
      [
        1.0,
        0.0,
        0.0
      ]
    ],
    "info_prec": [
      0.1111111111111111,
      0.1111111111111111,
      0.1111111111111111,
      0.1111111111111111,
      0.0,
      0.0,
      0.0,
      0.0,
      0.0,
      0.0,
      0.0,
      0.0,
      0.0,
      0.0,
      0.0,
      0.0,
      0.0,
      0.0,
      0.0,
      0.0,
      0.0,
      0.0,
      0.0,
      0.0,
      0.0,
      0.0,
      0.0,
      0.0,
      0.0,
      0.0
    ],
    "info_rec": [
      0.3333333333333333,
      0.3333333333333333,
      0.3333333333333333,
      0.3333333333333333,
      0.0,
      0.0,
      0.0,
      0.0,
      0.0,
      0.0,
      0.0,
      0.0,
      0.0,
      0.0,
      0.0,
      0.0,
      0.0,
      0.0,
      0.0,
      0.0,
      0.0,
      0.0,
      0.0,
      0.0,
      0.0,
      0.0,
      0.0,
      0.0,
      0.0,
      0.0
    ],
    "info_f1": [
      0.16666666666666666,
      0.16666666666666666,
      0.16666666666666666,
      0.16666666666666666,
      0.0,
      0.0,
      0.0,
      0.0,
      0.0,
      0.0,
      0.0,
      0.0,
      0.0,
      0.0,
      0.0,
      0.0,
      0.0,
      0.0,
      0.0,
      0.0,
      0.0,
      0.0,
      0.0,
      0.0,
      0.0,
      0.0,
      0.0,
      0.0,
      0.0,
      0.0
    ],
    "info_cmae": [
      2.3333333333333335,
      2.2331837912400565,
      2.06852134068807,
      2.249600887298584,
      2.6146324475606284,
      2.633950710296631,
      2.566234270731608,
      2.6175028483072915,
      2.6814483801523843,
      2.6422043641408286,
      2.6840089162190757,
      2.7260387738545737,
      2.7131654421488443,
      2.7463690439860025,
      2.7600631713867188,
      2.7936905225118003,
      2.7995522816975913,
      2.831467628479004,
      2.8371915022532144,
      2.849678119023641,
      2.8761677742004395,
      2.896646022796631,
      2.8926488558451333,
      2.897791862487793,
      2.897666851679484,
      2.91576353708903,
      2.936559518178304,
      2.939887444178263,
      2.9423240025838218,
      2.94565486907959
    ],
    "info_mae": [
      2.6482049425443015,
      2.2331837912400565,
      2.06852134068807,
      2.249600887298584,
      2.6146324475606284,
      2.633950710296631,
      2.566234270731608,
      2.6175028483072915,
      2.6814483801523843,
      2.6422043641408286,
      2.6840089162190757,
      2.7260387738545737,
      2.7131654421488443,
      2.7463690439860025,
      2.7600631713867188,
      2.7936905225118003,
      2.7995522816975913,
      2.831467628479004,
      2.8371915022532144,
      2.849678119023641,
      2.8761677742004395,
      2.896646022796631,
      2.8926488558451333,
      2.897791862487793,
      2.897666851679484,
      2.91576353708903,
      2.936559518178304,
      2.939887444178263,
      2.9423240025838218,
      2.94565486907959
    ]
  }
}