{
  "User": "567",
  "validation_results": {
    "Accuracy": [
      [
        0.30000001192092896,
        0.0833333358168602,
        0.20000001788139343
      ]
    ],
    "Precision": [
      [
        0.014285714365541935,
        0.01666666753590107,
        0.0
      ]
    ],
    "Recall": [
      [
        0.0714285746216774,
        0.0833333358168602,
        0.0
      ]
    ],
    "F1Score": [
      [
        0.02380952425301075,
        0.02777777798473835,
        0.0
      ]
    ],
    "info_prec": [
      0.0,
      0.0,
      0.0,
      0.4,
      0.1,
      0.1,
      0.1,
      0.1,
      0.0,
      0.1,
      0.0,
      0.0,
      0.0,
      0.0,
      0.0,
      0.0,
      0.0,
      0.0,
      0.0,
      0.0,
      0.0,
      0.0,
      0.0,
      0.0,
      0.0,
      0.0,
      0.0,
      0.0,
      0.0,
      0.0
    ],
    "info_rec": [
      0.0,
      0.0,
      0.0,
      0.5,
      0.5,
      0.5,
      0.5,
      0.5,
      0.0,
      0.5,
      0.0,
      0.0,
      0.0,
      0.0,
      0.0,
      0.0,
      0.0,
      0.0,
      0.0,
      0.0,
      0.0,
      0.0,
      0.0,
      0.0,
      0.0,
      0.0,
      0.0,
      0.0,
      0.0,
      0.0
    ],
    "info_f1": [
      0.0,
      0.0,
      0.0,
      0.4444444444444445,
      0.16666666666666669,
      0.16666666666666669,
      0.16666666666666669,
      0.16666666666666669,
      0.0,
      0.16666666666666669,
      0.0,
      0.0,
      0.0,
      0.0,
      0.0,
      0.0,
      0.0,
      0.0,
      0.0,
      0.0,
      0.0,
      0.0,
      0.0,
      0.0,
      0.0,
      0.0,
      0.0,
      0.0,
      0.0,
      0.0
    ],
    "info_cmae": [
      1.5,
      1.199551373720169,
      0.705564022064209,
      0.5,
      1.3438973426818848,
      1.4018521308898926,
      1.1987028121948242,
      1.352508544921875,
      1.5443451404571533,
      1.4266130924224854,
      1.5520267486572266,
      1.6781163215637207,
      1.6394963264465332,
      1.7391071319580078,
      1.7801895141601562,
      1.8810715675354004,
      1.8986568450927734,
      1.9944028854370117,
      2.0115745067596436,
      2.049034357070923,
      2.1285033226013184,
      2.1899380683898926,
      2.1779465675354004,
      2.193375587463379,
      2.193000555038452,
      2.24729061126709,
      2.309678554534912,
      2.31966233253479,
      2.326972007751465,
      2.3369646072387695
    ],
    "info_mae": [
      1.4398690074682237,
      0.899551373720169,
      0.405564022064209,
      0.6492815971374511,
      1.6438973426818848,
      1.7018521308898926,
      1.4987028121948243,
      1.652508544921875,
      1.8443451404571534,
      1.7266130924224854,
      1.8520267486572266,
      1.9781163215637207,
      1.9394963264465332,
      2.0391071319580076,
      2.080189514160156,
      2.1810715675354,
      2.1986568450927733,
      2.2944028854370115,
      2.3115745067596434,
      2.3490343570709227,
      2.428503322601318,
      2.4899380683898924,
      2.4779465675354,
      2.4933755874633787,
      2.493000555038452,
      2.5472906112670897,
      2.609678554534912,
      2.61966233253479,
      2.6269720077514647,
      2.6369646072387694
    ]
  }
}