{
  "User": "200",
  "validation_results": {
    "Accuracy": [
      [
        0.22666668891906738,
        0.3181818127632141,
        0.09090909361839294
      ]
    ],
    "Precision": [
      [
        0.12000000476837158,
        0.22727273404598236,
        0.0
      ]
    ],
    "Recall": [
      [
        0.20000000298023224,
        0.22727273404598236,
        0.0
      ]
    ],
    "F1Score": [
      [
        0.15000000596046448,
        0.22727273404598236,
        0.0
      ]
    ],
    "info_prec": [
      0.0,
      0.0,
      0.0,
      0.13333333333333333,
      0.0,
      0.0,
      0.0,
      0.0,
      0.06666666666666667,
      0.0,
      0.06666666666666667,
      0.06666666666666667,
      0.06666666666666667,
      0.06666666666666667,
      0.06666666666666667,
      0.06666666666666667,
      0.06666666666666667,
      0.06666666666666667,
      0.06666666666666667,
      0.06666666666666667,
      0.06666666666666667,
      0.06666666666666667,
      0.06666666666666667,
      0.06666666666666667,
      0.06666666666666667,
      0.06666666666666667,
      0.06666666666666667,
      0.06666666666666667,
      0.06666666666666667,
      0.06666666666666667
    ],
    "info_rec": [
      0.0,
      0.0,
      0.0,
      0.3333333333333333,
      0.0,
      0.0,
      0.0,
      0.0,
      0.3333333333333333,
      0.0,
      0.3333333333333333,
      0.3333333333333333,
      0.3333333333333333,
      0.3333333333333333,
      0.3333333333333333,
      0.3333333333333333,
      0.3333333333333333,
      0.3333333333333333,
      0.3333333333333333,
      0.3333333333333333,
      0.3333333333333333,
      0.3333333333333333,
      0.3333333333333333,
      0.3333333333333333,
      0.3333333333333333,
      0.3333333333333333,
      0.3333333333333333,
      0.3333333333333333,
      0.3333333333333333,
      0.3333333333333333
    ],
    "info_f1": [
      0.0,
      0.0,
      0.0,
      0.1904761904761905,
      0.0,
      0.0,
      0.0,
      0.0,
      0.11111111111111112,
      0.0,
      0.11111111111111112,
      0.11111111111111112,
      0.11111111111111112,
      0.11111111111111112,
      0.11111111111111112,
      0.11111111111111112,
      0.11111111111111112,
      0.11111111111111112,
      0.11111111111111112,
      0.11111111111111112,
      0.11111111111111112,
      0.11111111111111112,
      0.11111111111111112,
      0.11111111111111112,
      0.11111111111111112,
      0.11111111111111112,
      0.11111111111111112,
      0.11111111111111112,
      0.11111111111111112,
      0.11111111111111112
    ],
    "info_cmae": [
      2.6666666666666665,
      2.3662180403868356,
      1.8722306887308757,
      1.4170657793680828,
      1.0520342191060383,
      1.0327159563700359,
      1.1004323959350586,
      1.049163818359375,
      1.0147817134857178,
      1.0244623025258381,
      1.017342249552409,
      1.059372107187907,
      1.0464987754821777,
      1.079702377319336,
      1.093396504720052,
      1.1270238558451335,
      1.1328856150309246,
      1.1648009618123372,
      1.1705248355865479,
      1.1830114523569744,
      1.2095011075337727,
      1.2299793561299641,
      1.2259821891784668,
      1.2311251958211262,
      1.2310001850128174,
      1.2490968704223633,
      1.2698928515116374,
      1.2732207775115967,
      1.275657335917155,
      1.278988202412923
    ],
    "info_mae": [
      2.839869463443756,
      2.299551373720169,
      1.805564022064209,
      1.4502394676208497,
      1.231220531463623,
      1.2196295738220215,
      1.2602594375610352,
      1.229498291015625,
      1.2088690280914307,
      1.214677381515503,
      1.2104053497314453,
      1.235623264312744,
      1.2278992652893066,
      1.2478214263916017,
      1.2560379028320312,
      1.27621431350708,
      1.2797313690185548,
      1.2988805770874023,
      1.3023149013519286,
      1.3098068714141846,
      1.3257006645202636,
      1.3379876136779785,
      1.33558931350708,
      1.3386751174926759,
      1.3386001110076904,
      1.3494581222534179,
      1.3619357109069825,
      1.363932466506958,
      1.365394401550293,
      1.3673929214477538
    ]
  }
}