{
  "User": "37",
  "validation_results": {
    "Accuracy": [
      [
        0.6333333253860474,
        0.5384615659713745,
        0.5600000023841858
      ]
    ],
    "Precision": [
      [
        0.30000001192092896,
        0.38461539149284363,
        0.0
      ]
    ],
    "Recall": [
      [
        0.5,
        0.38461539149284363,
        0.0
      ]
    ],
    "F1Score": [
      [
        0.375,
        0.38461539149284363,
        0.0
      ]
    ],
    "info_prec": [
      0.0,
      0.0,
      0.0,
      0.0,
      0.19999999999999998,
      0.19999999999999998,
      0.19999999999999998,
      0.19999999999999998,
      0.06666666666666667,
      0.19999999999999998,
      0.06666666666666667,
      0.06666666666666667,
      0.06666666666666667,
      0.06666666666666667,
      0.06666666666666667,
      0.06666666666666667,
      0.06666666666666667,
      0.06666666666666667,
      0.06666666666666667,
      0.06666666666666667,
      0.06666666666666667,
      0.06666666666666667,
      0.06666666666666667,
      0.06666666666666667,
      0.06666666666666667,
      0.06666666666666667,
      0.06666666666666667,
      0.06666666666666667,
      0.06666666666666667,
      0.06666666666666667
    ],
    "info_rec": [
      0.0,
      0.0,
      0.0,
      0.0,
      0.3333333333333333,
      0.3333333333333333,
      0.3333333333333333,
      0.3333333333333333,
      0.3333333333333333,
      0.3333333333333333,
      0.3333333333333333,
      0.3333333333333333,
      0.3333333333333333,
      0.3333333333333333,
      0.3333333333333333,
      0.3333333333333333,
      0.3333333333333333,
      0.3333333333333333,
      0.3333333333333333,
      0.3333333333333333,
      0.3333333333333333,
      0.3333333333333333,
      0.3333333333333333,
      0.3333333333333333,
      0.3333333333333333,
      0.3333333333333333,
      0.3333333333333333,
      0.3333333333333333,
      0.3333333333333333,
      0.3333333333333333
    ],
    "info_f1": [
      0.0,
      0.0,
      0.0,
      0.0,
      0.24999999999999997,
      0.24999999999999997,
      0.24999999999999997,
      0.24999999999999997,
      0.11111111111111112,
      0.24999999999999997,
      0.11111111111111112,
      0.11111111111111112,
      0.11111111111111112,
      0.11111111111111112,
      0.11111111111111112,
      0.11111111111111112,
      0.11111111111111112,
      0.11111111111111112,
      0.11111111111111112,
      0.11111111111111112,
      0.11111111111111112,
      0.11111111111111112,
      0.11111111111111112,
      0.11111111111111112,
      0.11111111111111112,
      0.11111111111111112,
      0.11111111111111112,
      0.11111111111111112,
      0.11111111111111112,
      0.11111111111111112
    ],
    "info_cmae": [
      3.6666666666666665,
      3.3662180403868356,
      2.8722306887308755,
      1.9178640047709148,
      1.3853675524393718,
      1.3660492897033691,
      1.4337657292683919,
      1.3824971516927083,
      1.348115046819051,
      1.3577956358591716,
      1.3506755828857422,
      1.3927054405212402,
      1.379832108815511,
      1.4130357106526692,
      1.4267298380533855,
      1.4603571891784668,
      1.4662189483642578,
      1.4981342951456706,
      1.503858168919881,
      1.5163447856903076,
      1.5428344408671062,
      1.5633126894632976,
      1.5593155225118,
      1.5644585291544597,
      1.5643335183461506,
      1.5824302037556965,
      1.6032261848449707,
      1.60655411084493,
      1.6089906692504883,
      1.6123215357462566
    ],
    "info_mae": [
      3.239865577220917,
      2.699551373720169,
      2.205564022064209,
      1.251197338104248,
      1.168779468536377,
      1.1803704261779786,
      1.139740562438965,
      1.170501708984375,
      1.226607084274292,
      1.1853226184844972,
      1.231216049194336,
      1.3068697929382325,
      1.2836977958679199,
      1.3434642791748046,
      1.3681137084960937,
      1.4286429405212402,
      1.439194107055664,
      1.4966417312622071,
      1.5069447040557862,
      1.5294206142425537,
      1.577101993560791,
      1.6139628410339355,
      1.6067679405212403,
      1.6160253524780273,
      1.6158003330230712,
      1.648374366760254,
      1.6858071327209472,
      1.691797399520874,
      1.696183204650879,
      1.7021787643432618
    ]
  }
}