{
  "User": "337",
  "validation_results": {
    "Accuracy": [
      [
        0.5,
        0.625,
        0.75
      ]
    ],
    "Precision": [
      [
        0.0,
        0.0625,
        0.0
      ]
    ],
    "Recall": [
      [
        0.0,
        0.25,
        0.0
      ]
    ],
    "F1Score": [
      [
        0.0,
        0.10000000149011612,
        0.0
      ]
    ],
    "info_prec": [
      0.0,
      0.0,
      0.0,
      0.0,
      0.25,
      0.25,
      0.25,
      0.25,
      0.25,
      0.25,
      0.25,
      0.25,
      0.25,
      0.25,
      0.25,
      0.25,
      0.25,
      0.25,
      0.25,
      0.25,
      0.25,
      0.25,
      0.25,
      0.25,
      0.25,
      0.25,
      0.25,
      0.25,
      0.25,
      0.25
    ],
    "info_rec": [
      0.0,
      0.0,
      0.0,
      0.0,
      0.5,
      0.5,
      0.5,
      0.5,
      0.5,
      0.5,
      0.5,
      0.5,
      0.5,
      0.5,
      0.5,
      0.5,
      0.5,
      0.5,
      0.5,
      0.5,
      0.5,
      0.5,
      0.5,
      0.5,
      0.5,
      0.5,
      0.5,
      0.5,
      0.5,
      0.5
    ],
    "info_f1": [
      0.0,
      0.0,
      0.0,
      0.0,
      0.3333333333333333,
      0.3333333333333333,
      0.3333333333333333,
      0.3333333333333333,
      0.3333333333333333,
      0.3333333333333333,
      0.3333333333333333,
      0.3333333333333333,
      0.3333333333333333,
      0.3333333333333333,
      0.3333333333333333,
      0.3333333333333333,
      0.3333333333333333,
      0.3333333333333333,
      0.3333333333333333,
      0.3333333333333333,
      0.3333333333333333,
      0.3333333333333333,
      0.3333333333333333,
      0.3333333333333333,
      0.3333333333333333,
      0.3333333333333333,
      0.3333333333333333,
      0.3333333333333333,
      0.3333333333333333,
      0.3333333333333333
    ],
    "info_cmae": [
      2.5,
      2.199551373720169,
      1.705564022064209,
      0.751197338104248,
      0.5,
      0.5,
      0.5,
      0.5,
      0.5443451404571533,
      0.5,
      0.5520267486572266,
      0.6781163215637207,
      0.6394963264465332,
      0.7391071319580078,
      0.7801895141601562,
      0.8810715675354004,
      0.8986568450927734,
      0.9944028854370117,
      1.0115745067596436,
      1.0490343570709229,
      1.1285033226013184,
      1.1899380683898926,
      1.1779465675354004,
      1.193375587463379,
      1.1930005550384521,
      1.2472906112670898,
      1.309678554534912,
      1.31966233253479,
      1.3269720077514648,
      1.3369646072387695
    ],
    "info_mae": [
      2.792617093771696,
      2.199551373720169,
      1.705564022064209,
      0.751197338104248,
      0.5,
      0.5,
      0.5,
      0.5,
      0.5443451404571533,
      0.5,
      0.5520267486572266,
      0.6781163215637207,
      0.6394963264465332,
      0.7391071319580078,
      0.7801895141601562,
      0.8810715675354004,
      0.8986568450927734,
      0.9944028854370117,
      1.0115745067596436,
      1.0490343570709229,
      1.1285033226013184,
      1.1899380683898926,
      1.1779465675354004,
      1.193375587463379,
      1.1930005550384521,
      1.2472906112670898,
      1.309678554534912,
      1.31966233253479,
      1.3269720077514648,
      1.3369646072387695
    ]
  }
}