{
  "User": "117",
  "validation_results": {
    "Accuracy": [
      [
        0.33088237047195435,
        0.2083333432674408,
        0.0
      ]
    ],
    "Precision": [
      [
        0.11764705926179886,
        0.013888888992369175,
        0.0
      ]
    ],
    "Recall": [
      [
        0.23529411852359772,
        0.1111111119389534,
        0.0
      ]
    ],
    "F1Score": [
      [
        0.1568627506494522,
        0.02469135820865631,
        0.0
      ]
    ],
    "info_prec": [
      0.0,
      0.0,
      0.0,
      0.025,
      0.05,
      0.05,
      0.05,
      0.05,
      0.0,
      0.05,
      0.0,
      0.0,
      0.0,
      0.0,
      0.0,
      0.0,
      0.0,
      0.0,
      0.0,
      0.0,
      0.0,
      0.0,
      0.0,
      0.0,
      0.0,
      0.0,
      0.0,
      0.0,
      0.0,
      0.0
    ],
    "info_rec": [
      0.0,
      0.0,
      0.0,
      0.2,
      0.2,
      0.2,
      0.2,
      0.2,
      0.0,
      0.2,
      0.0,
      0.0,
      0.0,
      0.0,
      0.0,
      0.0,
      0.0,
      0.0,
      0.0,
      0.0,
      0.0,
      0.0,
      0.0,
      0.0,
      0.0,
      0.0,
      0.0,
      0.0,
      0.0,
      0.0
    ],
    "info_f1": [
      0.0,
      0.0,
      0.0,
      0.04444444444444444,
      0.08,
      0.08,
      0.08,
      0.08,
      0.0,
      0.08,
      0.0,
      0.0,
      0.0,
      0.0,
      0.0,
      0.0,
      0.0,
      0.0,
      0.0,
      0.0,
      0.0,
      0.0,
      0.0,
      0.0,
      0.0,
      0.0,
      0.0,
      0.0,
      0.0,
      0.0
    ],
    "info_cmae": [
      3.5985933139920236,
      3.2995514035224915,
      2.805564022064209,
      2.150718402862549,
      1.831220531463623,
      1.8196295738220214,
      1.860259485244751,
      1.829498291015625,
      1.7911309242248534,
      1.8146774291992187,
      1.7895946502685547,
      1.7643768310546875,
      1.772100830078125,
      1.7521785736083983,
      1.7439620971679688,
      1.72378568649292,
      1.720268726348877,
      1.7011194229125977,
      1.6976850986480714,
      1.6901931285858154,
      1.6742993354797364,
      1.6620123863220215,
      1.66441068649292,
      1.6613248825073241,
      1.6613998889923096,
      1.6505418777465821,
      1.6380642890930175,
      1.636067533493042,
      1.634605598449707,
      1.6326070785522462
    ],
    "info_mae": [
      3.8980028815567493,
      3.4495514035224915,
      2.955564022064209,
      2.188398003578186,
      1.7890256643295288,
      1.7745369672775269,
      1.8253243565559387,
      1.7868728637695312,
      1.738913655281067,
      1.7683467864990234,
      1.7369933128356934,
      1.7054710388183594,
      1.7151260375976562,
      1.690223217010498,
      1.679952621459961,
      1.65473210811615,
      1.6503359079360962,
      1.626399278640747,
      1.6221063733100891,
      1.6127414107322693,
      1.5928741693496704,
      1.5775154829025269,
      1.58051335811615,
      1.5766561031341553,
      1.576749861240387,
      1.5631773471832275,
      1.547580361366272,
      1.5450844168663025,
      1.5432569980621338,
      1.5407588481903076
    ]
  }
}