{
  "User": "202",
  "validation_results": {
    "Accuracy": [
      [
        0.1666666716337204,
        0.0,
        0.0
      ],
      [
        0.8333333134651184,
        0.0,
        0.0
      ],
      [
        0.7222222089767456,
        1.0,
        1.0
      ],
      [
        0.1666666716337204,
        0.0,
        0.0
      ],
      [
        0.1666666716337204,
        1.0,
        1.0
      ],
      [
        0.1666666716337204,
        0.0,
        0.0
      ],
      [
        0.1666666716337204,
        1.0,
        1.0
      ],
      [
        0.8333333134651184,
        0.0,
        0.0
      ],
      [
        0.1666666716337204,
        1.0,
        0.0
      ],
      [
        0.7222222089767456,
        0.0,
        0.0
      ],
      [
        0.8333333134651184,
        1.0,
        1.0
      ],
      [
        0.1666666716337204,
        0.0,
        1.0
      ],
      [
        0.8333333134651184,
        1.0,
        1.0
      ],
      [
        0.8333333134651184,
        0.0,
        0.0
      ],
      [
        0.8333333134651184,
        1.0,
        1.0
      ],
      [
        0.2777777910232544,
        0.0,
        0.0
      ],
      [
        0.8333333134651184,
        1.0,
        1.0
      ],
      [
        0.2777777910232544,
        0.0,
        0.0
      ],
      [
        0.2777777910232544,
        1.0,
        1.0
      ],
      [
        0.1666666716337204,
        1.0,
        0.0
      ],
      [
        0.8333333134651184,
        1.0,
        1.0
      ],
      [
        0.1666666716337204,
        0.0,
        0.0
      ],
      [
        0.7222222089767456,
        1.0,
        1.0
      ],
      [
        0.2777777910232544,
        1.0,
        0.0
      ],
      [
        0.2777777910232544,
        1.0,
        1.0
      ],
      [
        0.1666666716337204,
        0.0,
        0.0
      ],
      [
        0.7222222089767456,
        1.0,
        1.0
      ],
      [
        0.1666666716337204,
        0.0,
        0.0
      ],
      [
        0.8333333134651184,
        1.0,
        1.0
      ],
      [
        0.1666666716337204,
        0.0,
        0.0
      ]
    ],
    "Precision": [
      [
        0.02777777798473835,
        0.0,
        0.0
      ],
      [
        0.6944444179534912,
        0.0,
        0.0
      ],
      [
        0.7222222089767456,
        1.0,
        1.0
      ],
      [
        0.02777777798473835,
        0.0,
        0.0
      ],
      [
        0.02777777798473835,
        1.0,
        1.0
      ],
      [
        0.02777777798473835,
        0.0,
        0.0
      ],
      [
        0.02777777798473835,
        1.0,
        1.0
      ],
      [
        0.6944444179534912,
        0.0,
        0.0
      ],
      [
        0.02777777798473835,
        1.0,
        0.0
      ],
      [
        0.7222222089767456,
        0.0,
        0.0
      ],
      [
        0.6944444179534912,
        1.0,
        1.0
      ],
      [
        0.02777777798473835,
        0.0,
        1.0
      ],
      [
        0.6944444179534912,
        1.0,
        1.0
      ],
      [
        0.6944444179534912,
        0.0,
        0.0
      ],
      [
        0.6944444179534912,
        1.0,
        1.0
      ],
      [
        0.0,
        0.0,
        0.0
      ],
      [
        0.6944444179534912,
        1.0,
        1.0
      ],
      [
        0.0,
        0.0,
        0.0
      ],
      [
        0.0,
        1.0,
        1.0
      ],
      [
        0.02777777798473835,
        1.0,
        0.0
      ],
      [
        0.6944444179534912,
        1.0,
        1.0
      ],
      [
        0.02777777798473835,
        0.0,
        0.0
      ],
      [
        0.7222222089767456,
        1.0,
        1.0
      ],
      [
        0.0,
        1.0,
        0.0
      ],
      [
        0.0,
        1.0,
        1.0
      ],
      [
        0.02777777798473835,
        0.0,
        0.0
      ],
      [
        0.7222222089767456,
        1.0,
        1.0
      ],
      [
        0.02777777798473835,
        0.0,
        0.0
      ],
      [
        0.6944444179534912,
        1.0,
        1.0
      ],
      [
        0.02777777798473835,
        0.0,
        0.0
      ]
    ],
    "Recall": [
      [
        0.1666666716337204,
        0.0,
        0.0
      ],
      [
        0.8333333134651184,
        0.0,
        0.0
      ],
      [
        1.0,
        1.0,
        1.0
      ],
      [
        0.1666666716337204,
        0.0,
        0.0
      ],
      [
        0.1666666716337204,
        1.0,
        1.0
      ],
      [
        0.1666666716337204,
        0.0,
        0.0
      ],
      [
        0.1666666716337204,
        1.0,
        1.0
      ],
      [
        0.8333333134651184,
        0.0,
        0.0
      ],
      [
        0.1666666716337204,
        1.0,
        0.0
      ],
      [
        1.0,
        0.0,
        0.0
      ],
      [
        0.8333333134651184,
        1.0,
        1.0
      ],
      [
        0.1666666716337204,
        0.0,
        1.0
      ],
      [
        0.8333333134651184,
        1.0,
        1.0
      ],
      [
        0.8333333134651184,
        0.0,
        0.0
      ],
      [
        0.8333333134651184,
        1.0,
        1.0
      ],
      [
        0.0,
        0.0,
        0.0
      ],
      [
        0.8333333134651184,
        1.0,
        1.0
      ],
      [
        0.0,
        0.0,
        0.0
      ],
      [
        0.0,
        1.0,
        1.0
      ],
      [
        0.1666666716337204,
        1.0,
        0.0
      ],
      [
        0.8333333134651184,
        1.0,
        1.0
      ],
      [
        0.1666666716337204,
        0.0,
        0.0
      ],
      [
        1.0,
        1.0,
        1.0
      ],
      [
        0.0,
        1.0,
        0.0
      ],
      [
        0.0,
        1.0,
        1.0
      ],
      [
        0.1666666716337204,
        0.0,
        0.0
      ],
      [
        1.0,
        1.0,
        1.0
      ],
      [
        0.1666666716337204,
        0.0,
        0.0
      ],
      [
        0.8333333134651184,
        1.0,
        1.0
      ],
      [
        0.1666666716337204,
        0.0,
        0.0
      ]
    ],