{
  "User": "57",
  "validation_results": {
    "Accuracy": [
      [
        0.7767857313156128,
        1.0,
        1.0
      ],
      [
        0.7767857313156128,
        0.0,
        0.0
      ],
      [
        0.7767857313156128,
        1.0,
        1.0
      ],
      [
        0.7767857313156128,
        0.5,
        0.0
      ],
      [
        0.7410714626312256,
        1.0,
        1.0
      ],
      [
        0.7410714626312256,
        0.0,
        0.0
      ],
      [
        0.7410714626312256,
        1.0,
        1.0
      ],
      [
        0.7410714626312256,
        0.0,
        0.5
      ],
      [
        0.7410714626312256,
        1.0,
        1.0
      ],
      [
        0.7410714626312256,
        0.0,
        0.5
      ],
      [
        0.7410714626312256,
        1.0,
        1.0
      ],
      [
        0.3392857313156128,
        0.0,
        0.5
      ],
      [
        0.7142857313156128,
        1.0,
        1.0
      ],
      [
        0.3035714328289032,
        0.0,
        0.0
      ],
      [
        0.6607142686843872,
        1.0,
        1.0
      ],
      [
        0.3035714328289032,
        0.5,
        0.5
      ],
      [
        0.7410714626312256,
        1.0,
        1.0
      ],
      [
        0.3035714328289032,
        1.0,
        0.5
      ],
      [
        0.7410714626312256,
        1.0,
        1.0
      ],
      [
        0.7410714626312256,
        0.0,
        0.5
      ],
      [
        0.7410714626312256,
        1.0,
        1.0
      ],
      [
        0.7410714626312256,
        0.0,
        0.0
      ],
      [
        0.2232142984867096,
        1.0,
        1.0
      ],
      [
        0.3035714328289032,
        0.0,
        0.0
      ],
      [
        0.3035714328289032,
        0.0,
        0.0
      ],
      [
        0.7410714626312256,
        1.0,
        0.5
      ],
      [
        0.3035714328289032,
        1.0,
        1.0
      ],
      [
        0.25,
        0.0,
        0.0
      ],
      [
        0.7767857313156128,
        1.0,
        1.0
      ],
      [
        0.7142857313156128,
        0.5,
        0.0
      ]
    ],
    "Precision": [
      [
        0.5803571343421936,
        1.0,
        1.0
      ],
      [
        0.5803571343421936,
        0.0,
        0.0
      ],
      [
        0.5803571343421936,
        1.0,
        1.0
      ],
      [
        0.5803571343421936,
        0.5,
        0.0
      ],
      [
        0.4375,
        1.0,
        1.0
      ],
      [
        0.4375,
        0.0,
        0.0
      ],
      [
        0.4375,
        1.0,
        1.0
      ],
      [
        0.4375,
        0.0,
        0.5
      ],
      [
        0.4375,
        1.0,
        1.0
      ],
      [
        0.4375,
        0.0,
        0.5
      ],
      [
        0.4375,
        1.0,
        1.0
      ],
      [
        0.1428571492433548,
        0.0,
        0.5
      ],
      [
        0.5178571343421936,
        1.0,
        1.0
      ],
      [
        0.0,
        0.0,
        0.0
      ],
      [
        0.5535714030265808,
        1.0,
        1.0
      ],
      [
        0.0,
        0.5,
        0.5
      ],
      [
        0.4375,
        1.0,
        1.0
      ],
      [
        0.0,
        1.0,
        0.5
      ],
      [
        0.4375,
        1.0,
        1.0
      ],
      [
        0.4375,
        0.0,
        0.5
      ],
      [
        0.4375,
        1.0,
        1.0
      ],
      [
        0.4375,
        0.0,
        0.0
      ],
      [
        0.1160714328289032,
        1.0,
        1.0
      ],
      [
        0.0,
        0.0,
        0.0
      ],
      [
        0.0,
        0.0,
        0.0
      ],
      [
        0.4375,
        1.0,
        0.5
      ],
      [
        0.0,
        1.0,
        1.0
      ],
      [
        0.0357142873108387,
        0.0,
        0.0
      ],
      [
        0.6741071343421936,
        1.0,
        1.0
      ],
      [
        0.5178571343421936,
        0.5,
        0.0
      ]
    ],
    "Recall": [
      [
        0.6875,
        1.0,
        1.0
      ],
      [
        0.6875,
        0.0,
        0.0
      ],
      [
        0.6875,
        1.0,
        1.0
      ],
      [
        0.6875,
        0.5,
        0.0
      ],
      [
        0.4375,
        1.0,
        1.0
      ],
      [
        0.4375,
        0.0,
        0.0
      ],
      [
        0.4375,
        1.0,
        1.0
      ],
      [
        0.4375,
        0.0,
        0.5
      ],
      [
        0.4375,
        1.0,
        1.0
      ],
      [
        0.4375,
        0.0,
        0.5
      ],
      [
        0.4375,
        1.0,
        1.0
      ],
      [
        0.25,
        0.0,
        0.5
      ],
      [
        0.625,
        1.0,
        1.0
      ],
      [
        0.0,
        0.0,
        0.0
      ],
      [
        0.75,
        1.0,
        1.0
      ],
      [
        0.0,
        0.5,
        0.5
      ],
      [
        0.4375,
        1.0,
        1.0
      ],
      [
        0.0,
        1.0,
        0.5
      ],
      [
        0.4375,
        1.0,
        1.0
      ],
      [
        0.4375,
        0.0,
        0.5
      ],
      [
        0.4375,
        1.0,
        1.0
      ],
      [
        0.4375,
        0.0,
        0.0
      ],
      [
        0.3125,
        1.0,
        1.0
      ],
      [
        0.0,
        0.0,
        0.0
      ],
      [
        0.0,
        0.0,
        0.0
      ],
      [
        0.4375,
        1.0,
        0.5
      ],
      [
        0.0,
        1.0,
        1.0
      ],
      [
        0.125,
        0.0,
        0.0
      ],
      [
        0.75,
        1.0,
        1.0
      ],
      [
        0.625,
        0.5,
        0.0
      ]
    ],
    "F1Score": [
      [
        0.6193181872367859,
        1.0,
        1.0
      ],
      [
        0.6193181872367859,
        0.0,
        0.0
      ],
      [
        0.6193181872367859,
        1.0,
        1.0
      ],
      [
        0.6193181872367859,
        0.5,
        0.0
      ],
      [
        0.4375,
        1.0,
        1.0
      ],
      [
        0.4375,
        0.0,
        0.0
      ],
      [
        0.4375,
        1.0,
        1.0
      ],
      [
        0.4375,
        0.0,
        0.5
      ],
      [
        0.4375,
        1.0,
        1.0
      ],
      [
        0.4375,
        0.0,
        0.5
      ],
      [
        0.4375,
        1.0,
        1.0
      ],
      [
        0.1818181872367859,
        0.0,
        0.5
      ],
      [
        0.550000011920929,
        1.0,
        1.0
      ],
      [
        0.0,
        0.0,
        0.0
      ],
      [
        0.6055555939674377,
        1.0,
        1.0
      ],
      [
        0.0,
        0.5,
        0.5
      ],
      [
        0.4375,
        1.0,
        1.0
      ],
      [
        0.0,
        1.0,
        0.5
      ],
      [
        0.4375,
        1.0,
        1.0
      ],
      [
        0.4375,
        0.0,
        0.5
      ],
      [
        0.4375,
        1.0,
        1.0
      ],
      [
        0.4375,
        0.0,
        0.0
      ],
      [
        0.16805556416511536,
        1.0,
        1.0
      ],
      [
        0.0,
        0.0,
        0.0
      ],
      [
        0.0,
        0.0,
        0.0
      ],
      [
        0.4375,
        1.0,
        0.5
      ],
      [
        0.0,
        1.0,
        1.0
      ],
      [
        0.0555555559694767,
        0.0,
        0.0
      ],
      [
        0.6943181753158569,
        1.0,
        1.0
      ],
      [
        0.550000011920929,
        0.5,
        0.0
      ]
    ],
    "info_prec": [
      0.0,
      0.0,
      0.0,
      0.0,
      1.0,
      0.0,
      0.0,
      0.0,
      0.0,
      0.0,
      1.0,
      0.0,
      0.0,
      1.0,
      0.0,
      0.0,
      0.0,
      0.0,
      0.0,
      0.0,
      0.0,
      0.0,
      0.0,
      0.0,
      0.0,
      0.0,
      0.0,
      0.0,
      0.0,
      0.0
    ],