{
  "User": "125",
  "validation_results": {
    "Accuracy": [
      [
        0.6481481194496155,
        0.0,
        1.0
      ],
      [
        0.2777777910232544,
        0.0,
        1.0
      ],
      [
        0.7222222089767456,
        1.0,
        1.0
      ],
      [
        0.3518518805503845,
        0.0,
        0.0
      ],
      [
        0.796296238899231,
        1.0,
        1.0
      ],
      [
        0.2777777910232544,
        0.0,
        0.0
      ],
      [
        0.796296238899231,
        1.0,
        1.0
      ],
      [
        0.7222222089767456,
        1.0,
        1.0
      ],
      [
        0.796296238899231,
        1.0,
        1.0
      ],
      [
        0.796296238899231,
        0.0,
        0.0
      ],
      [
        0.7222222089767456,
        1.0,
        1.0
      ],
      [
        0.35185185074806213,
        1.0,
        0.0
      ],
      [
        0.6481481194496155,
        1.0,
        1.0
      ],
      [
        0.6481481194496155,
        0.0,
        0.0
      ],
      [
        0.7222222089767456,
        1.0,
        1.0
      ],
      [
        0.7222222089767456,
        1.0,
        1.0
      ],
      [
        0.796296238899231,
        1.0,
        1.0
      ],
      [
        0.2777777910232544,
        0.0,
        0.0
      ],
      [
        0.796296238899231,
        0.0,
        1.0
      ],
      [
        0.796296238899231,
        0.0,
        0.0
      ],
      [
        0.7222222089767456,
        1.0,
        1.0
      ],
      [
        0.3518518805503845,
        0.0,
        0.0
      ],
      [
        0.7222222089767456,
        1.0,
        1.0
      ],
      [
        0.7222222089767456,
        1.0,
        1.0
      ],
      [
        0.7222222089767456,
        1.0,
        1.0
      ],
      [
        0.7222222089767456,
        0.0,
        1.0
      ],
      [
        0.7222222089767456,
        1.0,
        1.0
      ],
      [
        0.7222222089767456,
        0.0,
        0.0
      ],
      [
        0.7222222089767456,
        1.0,
        1.0
      ],
      [
        0.7222222089767456,
        0.0,
        1.0
      ]
    ],
    "Precision": [
      [
        0.4999999701976776,
        0.0,
        1.0
      ],
      [
        0.03703703731298447,
        0.0,
        1.0
      ],
      [
        0.5370370149612427,
        1.0,
        1.0
      ],
      [
        0.018518518656492233,
        0.0,
        0.0
      ],
      [
        0.46296295523643494,
        1.0,
        1.0
      ],
      [
        0.03703703731298447,
        0.0,
        0.0
      ],
      [
        0.46296295523643494,
        1.0,
        1.0
      ],
      [
        0.4814814627170563,
        1.0,
        1.0
      ],
      [
        0.46296295523643494,
        1.0,
        1.0
      ],
      [
        0.46296295523643494,
        0.0,
        0.0
      ],
      [
        0.5370370149612427,
        1.0,
        1.0
      ],
      [
        0.018518518656492233,
        1.0,
        0.0
      ],
      [
        0.555555522441864,
        1.0,
        1.0
      ],
      [
        0.555555522441864,
        0.0,
        0.0
      ],
      [
        0.5370370149612427,
        1.0,
        1.0
      ],
      [
        0.4814814627170563,
        1.0,
        1.0
      ],
      [
        0.46296295523643494,
        1.0,
        1.0
      ],
      [
        0.09259259700775146,
        0.0,
        0.0
      ],
      [
        0.46296295523643494,
        0.0,
        1.0
      ],
      [
        0.46296295523643494,
        0.0,
        0.0
      ],
      [
        0.5370370149612427,
        1.0,
        1.0
      ],
      [
        0.07407407462596893,
        0.0,
        0.0
      ],
      [
        0.5370370149612427,
        1.0,
        1.0
      ],
      [
        0.5370370149612427,
        1.0,
        1.0
      ],
      [
        0.5370370149612427,
        1.0,
        1.0
      ],
      [
        0.4814814627170563,
        0.0,
        1.0
      ],
      [
        0.5370370149612427,
        1.0,
        1.0
      ],
      [
        0.4814814627170563,
        0.0,
        0.0
      ],
      [
        0.5370370149612427,
        1.0,
        1.0
      ],
      [
        0.5370370149612427,
        0.0,
        1.0
      ]
    ],
    "Recall": [
      [
        0.7777777910232544,
        0.0,
        1.0
      ],
      [
        0.2222222238779068,
        0.0,
        1.0
      ],
      [
        0.7777777910232544,
        1.0,
        1.0
      ],
      [
        0.1111111119389534,
        0.0,
        0.0
      ],
      [
        0.5555555820465088,
        1.0,
        1.0
      ],
      [
        0.2222222238779068,
        0.0,
        0.0
      ],
      [
        0.5555555820465088,
        1.0,
        1.0
      ],
      [
        0.6666666865348816,
        1.0,
        1.0
      ],
      [
        0.5555555820465088,
        1.0,
        1.0
      ],
      [
        0.5555555820465088,
        0.0,
        0.0
      ],
      [
        0.7777777910232544,
        1.0,
        1.0
      ],
      [
        0.1111111119389534,
        1.0,
        0.0
      ],
      [
        0.8888888955116272,
        1.0,
        1.0
      ],
      [
        0.8888888955116272,
        0.0,
        0.0
      ],
      [
        0.7777777910232544,
        1.0,
        1.0
      ],
      [
        0.6666666865348816,
        1.0,
        1.0
      ],
      [
        0.5555555820465088,
        1.0,
        1.0
      ],
      [
        0.3333333432674408,
        0.0,
        0.0
      ],
      [
        0.5555555820465088,
        0.0,
        1.0
      ],
      [
        0.5555555820465088,
        0.0,
        0.0
      ],
      [
        0.7777777910232544,
        1.0,
        1.0
      ],
      [
        0.2222222238779068,
        0.0,
        0.0
      ],
      [
        0.7777777910232544,
        1.0,
        1.0
      ],
      [
        0.7777777910232544,
        1.0,
        1.0
      ],
      [
        0.7777777910232544,
        1.0,
        1.0
      ],
      [
        0.6666666865348816,
        0.0,
        1.0
      ],
      [
        0.7777777910232544,
        1.0,
        1.0
      ],
      [
        0.6666666865348816,
        0.0,
        0.0
      ],
      [
        0.7777777910232544,
        1.0,
        1.0
      ],
      [
        0.7777777910232544,
        0.0,
        1.0
      ]
    ],