{
  "User": "68",
  "validation_results": {
    "Accuracy": [
      [
        0.36734697222709656,
        0.0,
        0.0
      ],
      [
        0.3265306353569031,
        1.0,
        1.0
      ],
      [
        0.785714328289032,
        1.0,
        1.0
      ],
      [
        0.6326530575752258,
        0.0,
        0.0
      ],
      [
        0.47959187626838684,
        1.0,
        1.0
      ],
      [
        0.581632673740387,
        0.0,
        0.0
      ],
      [
        0.6326530575752258,
        1.0,
        0.0
      ],
      [
        0.3265306353569031,
        0.0,
        0.0
      ],
      [
        0.5714285373687744,
        1.0,
        1.0
      ],
      [
        0.6326530575752258,
        0.0,
        0.0
      ],
      [
        0.3265306353569031,
        1.0,
        1.0
      ],
      [
        0.3265306353569031,
        0.0,
        0.0
      ],
      [
        0.26530614495277405,
        1.0,
        1.0
      ],
      [
        0.5714285373687744,
        0.4285714328289032,
        0.0
      ],
      [
        0.6734694242477417,
        1.0,
        1.0
      ],
      [
        0.47959187626838684,
        1.0,
        1.0
      ],
      [
        0.7244898080825806,
        1.0,
        1.0
      ],
      [
        0.6326530575752258,
        1.0,
        1.0
      ],
      [
        0.6326530575752258,
        1.0,
        1.0
      ],
      [
        0.26530614495277405,
        0.0,
        0.0
      ],
      [
        0.6326530575752258,
        1.0,
        1.0
      ],
      [
        0.2755102217197418,
        1.0,
        1.0
      ],
      [
        0.2755102217197418,
        1.0,
        1.0
      ],
      [
        0.3265306353569031,
        1.0,
        0.0
      ],
      [
        0.3265306353569031,
        1.0,
        0.0
      ],
      [
        0.26530614495277405,
        0.0,
        0.0
      ],
      [
        0.6326530575752258,
        1.0,
        1.0
      ],
      [
        0.785714328289032,
        0.0,
        0.0
      ],
      [
        0.785714328289032,
        1.0,
        1.0
      ],
      [
        0.3265306353569031,
        1.0,
        0.0
      ]
    ],
    "Precision": [
      [
        0.30612248182296753,
        0.0,
        0.0
      ],
      [
        0.0,
        1.0,
        1.0
      ],
      [
        0.6224490404129028,
        1.0,
        1.0
      ],
      [
        0.36734694242477417,
        0.0,
        0.0
      ],
      [
        0.2551020681858063,
        1.0,
        1.0
      ],
      [
        0.37755101919174194,
        0.0,
        0.0
      ],
      [
        0.36734694242477417,
        1.0,
        0.0
      ],
      [
        0.0,
        0.0,
        0.0
      ],
      [
        0.40816327929496765,
        1.0,
        1.0
      ],
      [
        0.36734694242477417,
        0.0,
        0.0
      ],
      [
        0.0,
        1.0,
        1.0
      ],
      [
        0.0,
        0.0,
        0.0
      ],
      [
        0.040816329419612885,
        1.0,
        1.0
      ],
      [
        0.40816327929496765,
        1.0,
        0.0
      ],
      [
        0.6734694242477417,
        1.0,
        1.0
      ],
      [
        0.2551020681858063,
        1.0,
        1.0
      ],
      [
        0.6632653474807739,
        1.0,
        1.0
      ],
      [
        0.36734694242477417,
        1.0,
        1.0
      ],
      [
        0.36734694242477417,
        1.0,
        1.0
      ],
      [
        0.040816329419612885,
        0.0,
        0.0
      ],
      [
        0.36734694242477417,
        1.0,
        1.0
      ],
      [
        0.010204082354903221,
        1.0,
        1.0
      ],
      [
        0.010204082354903221,
        1.0,
        1.0
      ],
      [
        0.0,
        1.0,
        0.0
      ],
      [
        0.0,
        1.0,
        0.0
      ],
      [
        0.040816329419612885,
        0.0,
        0.0
      ],
      [
        0.36734694242477417,
        1.0,
        1.0
      ],
      [
        0.6224490404129028,
        0.0,
        0.0
      ],
      [
        0.6224490404129028,
        1.0,
        1.0
      ],
      [
        0.0,
        1.0,
        0.0
      ]
    ],
    "Recall": [
      [
        0.5714285969734192,
        0.0,
        0.0
      ],
      [
        0.0,
        1.0,
        1.0
      ],
      [
        0.7857142686843872,
        1.0,
        1.0
      ],
      [
        0.4285714328289032,
        0.0,
        0.0
      ],
      [
        0.3571428656578064,
        1.0,
        1.0
      ],
      [
        0.5,
        0.0,
        0.0
      ],
      [
        0.4285714328289032,
        1.0,
        0.0
      ],
      [
        0.0,
        0.0,
        0.0
      ],
      [
        0.5714285969734192,
        1.0,
        1.0
      ],
      [
        0.4285714328289032,
        0.0,
        0.0
      ],
      [
        0.0,
        1.0,
        1.0
      ],
      [
        0.0,
        0.0,
        0.0
      ],
      [
        0.1428571492433548,
        1.0,
        1.0
      ],
      [
        0.5714285969734192,
        0.4285714328289032,
        0.0
      ],
      [
        1.0,
        1.0,
        1.0
      ],
      [
        0.3571428656578064,
        1.0,
        1.0
      ],
      [
        0.9285714030265808,
        1.0,
        1.0
      ],
      [
        0.4285714328289032,
        1.0,
        1.0
      ],
      [
        0.4285714328289032,
        1.0,
        1.0
      ],
      [
        0.1428571492433548,
        0.0,
        0.0
      ],
      [
        0.4285714328289032,
        1.0,
        1.0
      ],
      [
        0.0714285746216774,
        1.0,
        1.0
      ],
      [
        0.0714285746216774,
        1.0,
        1.0
      ],
      [
        0.0,
        1.0,
        0.0
      ],
      [
        0.0,
        1.0,
        0.0
      ],
      [
        0.1428571492433548,
        0.0,
        0.0
      ],
      [
        0.4285714328289032,
        1.0,
        1.0
      ],
      [
        0.7857142686843872,
        0.0,
        0.0
      ],
      [
        0.7857142686843872,
        1.0,
        1.0
      ],
      [
        0.0,
        1.0,
        0.0
      ]
    ],