{
  "User": "115",
  "validation_results": {
    "Accuracy": [
      [
        0.6111111044883728,
        0.3888888955116272,
        0.5
      ],
      [
        0.5,
        0.7222222089767456,
        0.5
      ],
      [
        0.6111111044883728,
        0.7222222089767456,
        0.6111111044883728
      ],
      [
        0.5,
        0.3888888955116272,
        0.5
      ],
      [
        0.5,
        0.3888888955116272,
        0.3888888955116272
      ],
      [
        0.5,
        0.5,
        0.5
      ],
      [
        0.5,
        0.5,
        0.5
      ],
      [
        0.3888888955116272,
        0.3888888955116272,
        0.3888888955116272
      ],
      [
        0.6111111044883728,
        0.5,
        0.7222222089767456
      ],
      [
        0.5,
        0.5,
        0.5
      ],
      [
        0.5,
        0.3888888955116272,
        0.5
      ],
      [
        0.5,
        0.6111111044883728,
        0.5
      ],
      [
        0.5,
        0.3888888955116272,
        0.5
      ],
      [
        0.5,
        0.6111111044883728,
        0.3888888955116272
      ],
      [
        0.5,
        0.3888888955116272,
        0.3888888955116272
      ],
      [
        0.6111111044883728,
        0.5,
        0.5
      ],
      [
        0.6111111044883728,
        0.7222222089767456,
        0.5
      ],
      [
        0.5,
        0.3888888955116272,
        0.3888888955116272
      ],
      [
        0.5,
        0.3888888955116272,
        0.3888888955116272
      ],
      [
        0.5,
        0.6111111044883728,
        0.6111111044883728
      ],
      [
        0.5,
        0.5,
        0.5
      ],
      [
        0.5,
        0.2777777910232544,
        0.2777777910232544
      ],
      [
        0.5,
        0.5,
        0.5
      ],
      [
        0.5,
        0.3888888955116272,
        0.3888888955116272
      ],
      [
        0.6111111044883728,
        0.3888888955116272,
        0.3888888955116272
      ],
      [
        0.6111111044883728,
        0.3888888955116272,
        0.5
      ],
      [
        0.5,
        0.5,
        0.5
      ],
      [
        0.5,
        0.3888888955116272,
        0.5
      ],
      [
        0.5,
        0.3888888955116272,
        0.3888888955116272
      ],
      [
        0.6111111044883728,
        0.6111111044883728,
        0.3888888955116272
      ]
    ],
    "Precision": [
      [
        0.0,
        0.02777777798473835,
        0.0
      ],
      [
        0.1111111119389534,
        0.4444444477558136,
        0.0
      ],
      [
        0.0,
        0.4444444477558136,
        0.472222238779068
      ],
      [
        0.1111111119389534,
        0.02777777798473835,
        0.0
      ],
      [
        0.1111111119389534,
        0.02777777798473835,
        0.02777777798473835
      ],
      [
        0.1111111119389534,
        0.0,
        0.0
      ],
      [
        0.1111111119389534,
        0.0,
        0.0
      ],
      [
        0.1388888955116272,
        0.02777777798473835,
        0.02777777798473835
      ],
      [
        0.0,
        0.0,
        0.4444444477558136
      ],
      [
        0.1111111119389534,
        0.0,
        0.0
      ],
      [
        0.1111111119389534,
        0.02777777798473835,
        0.0
      ],
      [
        0.02777777798473835,
        0.472222238779068,
        0.472222238779068
      ],
      [
        0.1111111119389534,
        0.02777777798473835,
        0.0
      ],
      [
        0.1111111119389534,
        0.472222238779068,
        0.02777777798473835
      ],
      [
        0.1111111119389534,
        0.02777777798473835,
        0.02777777798473835
      ],
      [
        0.0,
        0.0,
        0.0
      ],
      [
        0.0,
        0.4444444477558136,
        0.5
      ],
      [
        0.02777777798473835,
        0.02777777798473835,
        0.02777777798473835
      ],
      [
        0.1111111119389534,
        0.02777777798473835,
        0.02777777798473835
      ],
      [
        0.02777777798473835,
        0.472222238779068,
        0.472222238779068
      ],
      [
        0.1111111119389534,
        0.0,
        0.0
      ],
      [
        0.1111111119389534,
        0.0555555559694767,
        0.0555555559694767
      ],
      [
        0.1111111119389534,
        0.0,
        0.0
      ],
      [
        0.02777777798473835,
        0.02777777798473835,
        0.02777777798473835
      ],
      [
        0.0,
        0.02777777798473835,
        0.02777777798473835
      ],
      [
        0.0,
        0.02777777798473835,
        0.0
      ],
      [
        0.1111111119389534,
        0.0,
        0.0
      ],
      [
        0.1111111119389534,
        0.02777777798473835,
        0.0
      ],
      [
        0.1111111119389534,
        0.02777777798473835,
        0.02777777798473835
      ],
      [
        0.0,
        0.472222238779068,
        0.02777777798473835
      ]
    ],
    "Recall": [
      [
        0.0,
        0.1666666716337204,
        0.0
      ],
      [
        0.3333333432674408,
        0.6666666865348816,
        0.0
      ],
      [
        0.0,
        0.6666666865348816,
        0.8333333730697632
      ],
      [
        0.3333333432674408,
        0.1666666716337204,
        0.0
      ],
      [
        0.3333333432674408,
        0.1666666716337204,
        0.1666666716337204
      ],
      [
        0.3333333432674408,
        0.0,
        0.0
      ],
      [
        0.3333333432674408,
        0.0,
        0.0
      ],
      [
        0.5,
        0.1666666716337204,
        0.1666666716337204
      ],
      [
        0.0,
        0.0,
        0.6666666865348816
      ],
      [
        0.3333333432674408,
        0.0,
        0.0
      ],
      [
        0.3333333432674408,
        0.1666666716337204,
        0.0
      ],
      [
        0.1666666716337204,
        0.8333333730697632,
        0.5
      ],
      [
        0.3333333432674408,
        0.1666666716337204,
        0.0
      ],
      [
        0.3333333432674408,
        0.8333333730697632,
        0.1666666716337204
      ],
      [
        0.3333333432674408,
        0.1666666716337204,
        0.1666666716337204
      ],
      [
        0.0,
        0.0,
        0.0
      ],
      [
        0.0,
        0.6666666865348816,
        1.0
      ],
      [
        0.1666666716337204,
        0.1666666716337204,
        0.1666666716337204
      ],
      [
        0.3333333432674408,
        0.1666666716337204,
        0.1666666716337204
      ],
      [
        0.1666666716337204,
        0.8333333730697632,
        0.8333333730697632
      ],
      [
        0.3333333432674408,
        0.0,
        0.0
      ],
      [
        0.3333333432674408,
        0.3333333432674408,
        0.3333333432674408
      ],
      [
        0.3333333432674408,
        0.0,
        0.0
      ],
      [
        0.1666666716337204,
        0.1666666716337204,
        0.1666666716337204
      ],
      [
        0.0,
        0.1666666716337204,
        0.1666666716337204
      ],
      [
        0.0,
        0.1666666716337204,
        0.0
      ],
      [
        0.3333333432674408,
        0.0,
        0.0
      ],
      [
        0.3333333432674408,
        0.1666666716337204,
        0.0
      ],
      [
        0.3333333432674408,
        0.1666666716337204,
        0.1666666716337204
      ],
      [
        0.0,
        0.8333333730697632,
        0.1666666716337204
      ]
    ],