{
  "User": "271",
  "validation_results": {
    "Accuracy": [
      [
        0.3863636255264282,
        0.5,
        0.5
      ],
      [
        0.3863636255264282,
        0.5,
        0.5
      ],
      [
        0.75,
        0.5,
        0.5
      ],
      [
        0.3863636255264282,
        0.5,
        0.5
      ],
      [
        0.3863636255264282,
        0.5,
        0.5
      ],
      [
        0.25,
        0.5,
        0.5
      ],
      [
        0.75,
        0.5,
        0.5
      ],
      [
        0.25,
        0.5,
        0.5
      ],
      [
        0.75,
        0.5,
        0.5
      ],
      [
        0.25,
        0.5,
        0.5
      ],
      [
        0.75,
        0.5,
        0.5
      ],
      [
        0.6136363744735718,
        0.5,
        0.5
      ],
      [
        0.75,
        0.5,
        0.5
      ],
      [
        0.25,
        0.5,
        0.5
      ],
      [
        0.25,
        0.5,
        0.5
      ],
      [
        0.25,
        0.5,
        0.5
      ],
      [
        0.75,
        0.5,
        0.5
      ],
      [
        0.25,
        0.5,
        0.5
      ],
      [
        0.3863636255264282,
        0.5,
        0.5
      ],
      [
        0.6136363744735718,
        0.5,
        0.5
      ],
      [
        0.75,
        0.5,
        0.5
      ],
      [
        0.6136363744735718,
        0.5,
        0.5
      ],
      [
        0.75,
        0.5,
        0.5
      ],
      [
        0.25,
        0.5,
        0.5
      ],
      [
        0.75,
        0.5,
        0.5
      ],
      [
        0.25,
        0.5,
        0.5
      ],
      [
        0.3863636255264282,
        0.5,
        0.5
      ],
      [
        0.25,
        0.5,
        0.5
      ],
      [
        0.75,
        0.5,
        0.5
      ],
      [
        0.25,
        0.5,
        0.5
      ]
    ],
    "Precision": [
      [
        0.3863636255264282,
        0.25,
        0.25
      ],
      [
        0.29545456171035767,
        0.0,
        0.5
      ],
      [
        0.75,
        0.25,
        0.25
      ],
      [
        0.29545456171035767,
        0.25,
        0.25
      ],
      [
        0.29545456171035767,
        0.25,
        0.25
      ],
      [
        0.09090909361839294,
        0.25,
        0.25
      ],
      [
        0.75,
        0.25,
        0.25
      ],
      [
        0.09090909361839294,
        0.5,
        0.25
      ],
      [
        0.75,
        0.25,
        0.25
      ],
      [
        0.09090909361839294,
        0.25,
        0.25
      ],
      [
        0.75,
        0.25,
        0.25
      ],
      [
        0.4545454680919647,
        0.25,
        0.25
      ],
      [
        0.75,
        0.25,
        0.25
      ],
      [
        0.09090909361839294,
        0.25,
        0.25
      ],
      [
        0.09090909361839294,
        0.25,
        0.25
      ],
      [
        0.09090909361839294,
        0.25,
        0.25
      ],
      [
        0.75,
        0.25,
        0.25
      ],
      [
        0.09090909361839294,
        0.25,
        0.0
      ],
      [
        0.3863636255264282,
        0.25,
        0.25
      ],
      [
        0.4545454680919647,
        0.0,
        0.0
      ],
      [
        0.75,
        0.25,
        0.25
      ],
      [
        0.4545454680919647,
        0.25,
        0.25
      ],
      [
        0.6590909361839294,
        0.25,
        0.25
      ],
      [
        0.09090909361839294,
        0.0,
        0.0
      ],
      [
        0.75,
        0.25,
        0.25
      ],
      [
        0.0,
        0.25,
        0.25
      ],
      [
        0.3863636255264282,
        0.25,
        0.25
      ],
      [
        0.09090909361839294,
        0.25,
        0.25
      ],
      [
        0.6590909361839294,
        0.25,
        0.25
      ],
      [
        0.09090909361839294,
        0.25,
        0.25
      ]
    ],
    "Recall": [
      [
        0.6363636255264282,
        0.5,
        0.5
      ],
      [
        0.4545454680919647,
        0.0,
        1.0
      ],
      [
        1.0,
        0.5,
        0.5
      ],
      [
        0.4545454680919647,
        0.5,
        0.5
      ],
      [
        0.4545454680919647,
        0.5,
        0.5
      ],
      [
        0.1818181872367859,
        0.5,
        0.5
      ],
      [
        1.0,
        0.5,
        0.5
      ],
      [
        0.1818181872367859,
        0.75,
        0.5
      ],
      [
        1.0,
        0.5,
        0.5
      ],
      [
        0.1818181872367859,
        0.5,
        0.5
      ],
      [
        1.0,
        0.5,
        0.5
      ],
      [
        0.5454545617103577,
        0.5,
        0.5
      ],
      [
        1.0,
        0.5,
        0.5
      ],
      [
        0.1818181872367859,
        0.5,
        0.5
      ],
      [
        0.1818181872367859,
        0.5,
        0.5
      ],
      [
        0.1818181872367859,
        0.5,
        0.5
      ],
      [
        1.0,
        0.5,
        0.5
      ],
      [
        0.1818181872367859,
        0.5,
        0.0
      ],
      [
        0.6363636255264282,
        0.5,
        0.5
      ],
      [
        0.5454545617103577,
        0.0,
        0.0
      ],
      [
        1.0,
        0.5,
        0.5
      ],
      [
        0.5454545617103577,
        0.5,
        0.5
      ],
      [
        0.8181818723678589,
        0.5,
        0.5
      ],
      [
        0.1818181872367859,
        0.0,
        0.0
      ],
      [
        1.0,
        0.5,
        0.5
      ],
      [
        0.0,
        0.5,
        0.5
      ],
      [
        0.6363636255264282,
        0.5,
        0.5
      ],
      [
        0.1818181872367859,
        0.5,
        0.5
      ],
      [
        0.8181818723678589,
        0.5,
        0.5
      ],
      [
        0.1818181872367859,
        0.5,
        0.5
      ]
    ],