{
  "User": "175",
  "validation_results": {
    "Accuracy": [
      [
        0.8333333730697632,
        0.375,
        0.25
      ],
      [
        0.1666666716337204,
        0.375,
        0.375
      ],
      [
        0.8333333730697632,
        0.375,
        0.375
      ],
      [
        0.8333333730697632,
        0.25,
        0.25
      ],
      [
        0.1666666716337204,
        0.25,
        0.25
      ],
      [
        0.1666666716337204,
        0.375,
        0.375
      ],
      [
        0.1666666716337204,
        0.375,
        0.375
      ],
      [
        0.1666666716337204,
        0.375,
        0.25
      ],
      [
        0.8333333730697632,
        0.375,
        0.375
      ],
      [
        0.1666666716337204,
        0.75,
        0.75
      ],
      [
        0.8333333730697632,
        0.25,
        0.25
      ],
      [
        0.1666666716337204,
        0.25,
        0.25
      ],
      [
        0.8333333730697632,
        0.375,
        0.375
      ],
      [
        0.1666666716337204,
        0.375,
        0.375
      ],
      [
        0.8333333730697632,
        0.375,
        0.75
      ],
      [
        0.1666666716337204,
        0.75,
        0.75
      ],
      [
        0.1666666716337204,
        0.375,
        0.375
      ],
      [
        0.1666666716337204,
        0.25,
        0.25
      ],
      [
        0.8333333730697632,
        0.375,
        0.375
      ],
      [
        0.8333333730697632,
        0.375,
        0.25
      ],
      [
        0.8333333730697632,
        0.375,
        0.375
      ],
      [
        0.1666666716337204,
        0.25,
        0.25
      ],
      [
        0.8333333730697632,
        0.375,
        0.25
      ],
      [
        0.1666666716337204,
        0.75,
        0.75
      ],
      [
        0.8333333730697632,
        0.375,
        0.375
      ],
      [
        0.8333333730697632,
        0.375,
        0.375
      ],
      [
        0.1666666716337204,
        0.375,
        0.375
      ],
      [
        0.1666666716337204,
        0.75,
        0.75
      ],
      [
        0.8333333730697632,
        0.375,
        0.375
      ],
      [
        0.8333333730697632,
        0.75,
        0.75
      ]
    ],
    "Precision": [
      [
        0.6666666865348816,
        0.0,
        0.0625
      ],
      [
        0.0,
        0.0,
        0.0
      ],
      [
        0.6666666865348816,
        0.0,
        0.0
      ],
      [
        0.8333333730697632,
        0.0625,
        0.0625
      ],
      [
        0.1666666716337204,
        0.0625,
        0.0625
      ],
      [
        0.0,
        0.0,
        0.0
      ],
      [
        0.0,
        0.0,
        0.0
      ],
      [
        0.1666666716337204,
        0.0,
        0.0625
      ],
      [
        0.6666666865348816,
        0.0,
        0.0
      ],
      [
        0.1666666716337204,
        0.5625,
        0.5625
      ],
      [
        0.6666666865348816,
        0.0625,
        0.0625
      ],
      [
        0.1666666716337204,
        0.0625,
        0.0625
      ],
      [
        0.6666666865348816,
        0.0,
        0.0
      ],
      [
        0.0,
        0.0,
        0.0
      ],
      [
        0.6666666865348816,
        0.0,
        0.5625
      ],
      [
        0.0,
        0.5625,
        0.5625
      ],
      [
        0.1666666716337204,
        0.0,
        0.0
      ],
      [
        0.1666666716337204,
        0.0625,
        0.0625
      ],
      [
        0.6666666865348816,
        0.0,
        0.0
      ],
      [
        0.8333333730697632,
        0.0,
        0.0625
      ],
      [
        0.6666666865348816,
        0.0,
        0.0
      ],
      [
        0.1666666716337204,
        0.0625,
        0.0625
      ],
      [
        0.6666666865348816,
        0.0,
        0.0625
      ],
      [
        0.1666666716337204,
        0.5625,
        0.5625
      ],
      [
        0.6666666865348816,
        0.0,
        0.0
      ],
      [
        0.6666666865348816,
        0.0,
        0.0
      ],
      [
        0.1666666716337204,
        0.0,
        0.0
      ],
      [
        0.1666666716337204,
        0.5625,
        0.5625
      ],
      [
        0.6666666865348816,
        0.0,
        0.0
      ],
      [
        0.8333333730697632,
        0.5625,
        0.5625
      ]
    ],
    "Recall": [
      [
        0.6666666865348816,
        0.0,
        0.25
      ],
      [
        0.0,
        0.0,
        0.0
      ],
      [
        0.6666666865348816,
        0.0,
        0.0
      ],
      [
        1.0,
        0.25,
        0.25
      ],
      [
        0.3333333432674408,
        0.25,
        0.25
      ],
      [
        0.0,
        0.0,
        0.0
      ],
      [
        0.0,
        0.0,
        0.0
      ],
      [
        0.3333333432674408,
        0.0,
        0.25
      ],
      [
        0.6666666865348816,
        0.0,
        0.0
      ],
      [
        0.3333333432674408,
        0.75,
        0.75
      ],
      [
        0.6666666865348816,
        0.25,
        0.25
      ],
      [
        0.3333333432674408,
        0.25,
        0.25
      ],
      [
        0.6666666865348816,
        0.0,
        0.0
      ],
      [
        0.0,
        0.0,
        0.0
      ],
      [
        0.6666666865348816,
        0.0,
        0.75
      ],
      [
        0.0,
        0.75,
        0.75
      ],
      [
        0.3333333432674408,
        0.0,
        0.0
      ],
      [
        0.3333333432674408,
        0.25,
        0.25
      ],
      [
        0.6666666865348816,
        0.0,
        0.0
      ],
      [
        1.0,
        0.0,
        0.25
      ],
      [
        0.6666666865348816,
        0.0,
        0.0
      ],
      [
        0.3333333432674408,
        0.25,
        0.25
      ],
      [
        0.6666666865348816,
        0.0,
        0.25
      ],
      [
        0.3333333432674408,
        0.75,
        0.75
      ],
      [
        0.6666666865348816,
        0.0,
        0.0
      ],
      [
        0.6666666865348816,
        0.0,
        0.0
      ],
      [
        0.3333333432674408,
        0.0,
        0.0
      ],
      [
        0.3333333432674408,
        0.75,
        0.75
      ],
      [
        0.6666666865348816,
        0.0,
        0.0
      ],
      [
        1.0,
        0.75,
        0.75
      ]
    ],