{
  "User": "59",
  "validation_results": {
    "Accuracy": [
      [
        0.5,
        0.6666666865348816,
        1.0
      ],
      [
        0.5833333730697632,
        0.6666666865348816,
        1.0
      ],
      [
        0.5,
        0.6666666865348816,
        1.0
      ],
      [
        0.6666666865348816,
        0.6666666865348816,
        1.0
      ],
      [
        0.4166666865348816,
        0.6666666865348816,
        1.0
      ],
      [
        0.5833333730697632,
        0.6666666865348816,
        1.0
      ],
      [
        0.5,
        0.6666666865348816,
        1.0
      ],
      [
        0.5833333730697632,
        0.6666666865348816,
        1.0
      ],
      [
        0.5,
        0.6666666865348816,
        1.0
      ],
      [
        0.6666666865348816,
        0.4444444477558136,
        0.0
      ],
      [
        0.5,
        0.4444444477558136,
        1.0
      ],
      [
        0.5833333730697632,
        0.6666666865348816,
        1.0
      ],
      [
        0.5,
        0.6666666865348816,
        1.0
      ],
      [
        0.5833333730697632,
        0.4444444477558136,
        0.0
      ],
      [
        0.5,
        0.6666666865348816,
        1.0
      ],
      [
        0.5,
        0.4444444477558136,
        1.0
      ],
      [
        0.5833333730697632,
        0.6666666865348816,
        1.0
      ],
      [
        0.5833333730697632,
        0.6666666865348816,
        0.0
      ],
      [
        0.5833333730697632,
        0.6666666865348816,
        1.0
      ],
      [
        0.5,
        0.6666666865348816,
        1.0
      ],
      [
        0.5,
        0.6666666865348816,
        1.0
      ],
      [
        0.5833333730697632,
        0.4444444477558136,
        1.0
      ],
      [
        0.5833333730697632,
        0.5555555820465088,
        1.0
      ],
      [
        0.5833333730697632,
        0.4444444477558136,
        0.0
      ],
      [
        0.5,
        0.6666666865348816,
        1.0
      ],
      [
        0.6666666865348816,
        0.6666666865348816,
        0.0
      ],
      [
        0.5833333730697632,
        0.6666666865348816,
        1.0
      ],
      [
        0.5833333730697632,
        0.6666666865348816,
        1.0
      ],
      [
        0.5,
        0.6666666865348816,
        1.0
      ],
      [
        0.5,
        0.3333333432674408,
        0.0
      ]
    ],
    "Precision": [
      [
        0.1666666716337204,
        0.4444444477558136,
        1.0
      ],
      [
        0.0833333358168602,
        0.4444444477558136,
        1.0
      ],
      [
        0.1666666716337204,
        0.4444444477558136,
        1.0
      ],
      [
        0.0,
        0.4444444477558136,
        1.0
      ],
      [
        0.25,
        0.4444444477558136,
        1.0
      ],
      [
        0.0833333358168602,
        0.4444444477558136,
        1.0
      ],
      [
        0.1666666716337204,
        0.4444444477558136,
        1.0
      ],
      [
        0.0833333358168602,
        0.4444444477558136,
        1.0
      ],
      [
        0.1666666716337204,
        0.4444444477558136,
        1.0
      ],
      [
        0.0,
        0.0,
        0.0
      ],
      [
        0.1666666716337204,
        0.0,
        1.0
      ],
      [
        0.0833333358168602,
        0.4444444477558136,
        1.0
      ],
      [
        0.1666666716337204,
        0.4444444477558136,
        1.0
      ],
      [
        0.0833333358168602,
        0.0,
        0.0
      ],
      [
        0.1666666716337204,
        0.4444444477558136,
        1.0
      ],
      [
        0.1666666716337204,
        0.0,
        1.0
      ],
      [
        0.0833333358168602,
        0.4444444477558136,
        1.0
      ],
      [
        0.0833333358168602,
        0.4444444477558136,
        0.0
      ],
      [
        0.0833333358168602,
        0.4444444477558136,
        1.0
      ],
      [
        0.1666666716337204,
        0.4444444477558136,
        1.0
      ],
      [
        0.1666666716337204,
        0.4444444477558136,
        1.0
      ],
      [
        0.0833333358168602,
        0.0,
        1.0
      ],
      [
        0.0833333358168602,
        0.5555555820465088,
        1.0
      ],
      [
        0.0833333358168602,
        0.0,
        0.0
      ],
      [
        0.1666666716337204,
        0.4444444477558136,
        1.0
      ],
      [
        0.0,
        0.4444444477558136,
        0.0
      ],
      [
        0.0833333358168602,
        0.4444444477558136,
        1.0
      ],
      [
        0.0833333358168602,
        0.4444444477558136,
        1.0
      ],
      [
        0.1666666716337204,
        0.4444444477558136,
        1.0
      ],
      [
        0.1666666716337204,
        0.1111111119389534,
        0.0
      ]
    ],
    "Recall": [
      [
        0.5,
        0.6666666865348816,
        1.0
      ],
      [
        0.25,
        0.6666666865348816,
        1.0
      ],
      [
        0.5,
        0.6666666865348816,
        1.0
      ],
      [
        0.0,
        0.6666666865348816,
        1.0
      ],
      [
        0.75,
        0.6666666865348816,
        1.0
      ],
      [
        0.25,
        0.6666666865348816,
        1.0
      ],
      [
        0.5,
        0.6666666865348816,
        1.0
      ],
      [
        0.25,
        0.6666666865348816,
        1.0
      ],
      [
        0.5,
        0.6666666865348816,
        1.0
      ],
      [
        0.0,
        0.0,
        0.0
      ],
      [
        0.5,
        0.0,
        1.0
      ],
      [
        0.25,
        0.6666666865348816,
        1.0
      ],
      [
        0.5,
        0.6666666865348816,
        1.0
      ],
      [
        0.25,
        0.0,
        0.0
      ],
      [
        0.5,
        0.6666666865348816,
        1.0
      ],
      [
        0.5,
        0.0,
        1.0
      ],
      [
        0.25,
        0.6666666865348816,
        1.0
      ],
      [
        0.25,
        0.6666666865348816,
        0.0
      ],
      [
        0.25,
        0.6666666865348816,
        1.0
      ],
      [
        0.5,
        0.6666666865348816,
        1.0
      ],
      [
        0.5,
        0.6666666865348816,
        1.0
      ],
      [
        0.25,
        0.0,
        1.0
      ],
      [
        0.25,
        1.0,
        1.0
      ],
      [
        0.25,
        0.0,
        0.0
      ],
      [
        0.5,
        0.6666666865348816,
        1.0
      ],
      [
        0.0,
        0.6666666865348816,
        0.0
      ],
      [
        0.25,
        0.6666666865348816,
        1.0
      ],
      [
        0.25,
        0.6666666865348816,
        1.0
      ],
      [
        0.5,
        0.6666666865348816,
        1.0
      ],
      [
        0.5,
        0.3333333432674408,
        0.0
      ]
    ],