{
  "User": "171",
  "validation_results": {
    "Accuracy": [
      [
        0.375,
        0.25,
        1.0
      ],
      [
        0.421875,
        0.25,
        0.0
      ],
      [
        0.625,
        0.25,
        1.0
      ],
      [
        0.4375,
        0.25,
        0.0
      ],
      [
        0.4375,
        0.375,
        0.0
      ],
      [
        0.625,
        0.25,
        0.0
      ],
      [
        0.671875,
        0.75,
        1.0
      ],
      [
        0.4375,
        0.25,
        0.0
      ],
      [
        0.671875,
        0.75,
        1.0
      ],
      [
        0.390625,
        0.75,
        1.0
      ],
      [
        0.625,
        0.25,
        0.0
      ],
      [
        0.671875,
        0.375,
        1.0
      ],
      [
        0.4375,
        0.375,
        1.0
      ],
      [
        0.4375,
        0.75,
        1.0
      ],
      [
        0.4375,
        0.625,
        1.0
      ],
      [
        0.5625,
        0.25,
        1.0
      ],
      [
        0.4375,
        0.75,
        1.0
      ],
      [
        0.390625,
        0.25,
        0.0
      ],
      [
        0.625,
        0.75,
        1.0
      ],
      [
        0.4375,
        0.75,
        1.0
      ],
      [
        0.484375,
        0.75,
        1.0
      ],
      [
        0.4375,
        0.25,
        1.0
      ],
      [
        0.671875,
        0.375,
        1.0
      ],
      [
        0.484375,
        0.25,
        1.0
      ],
      [
        0.4375,
        0.75,
        1.0
      ],
      [
        0.4375,
        0.25,
        0.0
      ],
      [
        0.625,
        0.75,
        1.0
      ],
      [
        0.671875,
        0.375,
        1.0
      ],
      [
        0.671875,
        0.375,
        1.0
      ],
      [
        0.484375,
        0.375,
        1.0
      ]
    ],
    "Precision": [
      [
        0.1015625,
        0.0625,
        1.0
      ],
      [
        0.03125,
        0.0625,
        0.0
      ],
      [
        0.3515625,
        0.0625,
        1.0
      ],
      [
        0.0703125,
        0.0625,
        0.0
      ],
      [
        0.0703125,
        0.0,
        0.0
      ],
      [
        0.2890625,
        0.0625,
        0.0
      ],
      [
        0.28125,
        0.5625,
        1.0
      ],
      [
        0.0703125,
        0.0625,
        0.0
      ],
      [
        0.28125,
        0.5625,
        1.0
      ],
      [
        0.078125,
        0.5625,
        1.0
      ],
      [
        0.4140625,
        0.0625,
        0.0
      ],
      [
        0.28125,
        0.0,
        1.0
      ],
      [
        0.1953125,
        0.0,
        1.0
      ],
      [
        0.0703125,
        0.5625,
        1.0
      ],
      [
        0.0703125,
        0.625,
        1.0
      ],
      [
        0.3828125,
        0.0625,
        1.0
      ],
      [
        0.0703125,
        0.5625,
        1.0
      ],
      [
        0.078125,
        0.0625,
        0.0
      ],
      [
        0.3515625,
        0.5625,
        1.0
      ],
      [
        0.0703125,
        0.5625,
        1.0
      ],
      [
        0.0,
        0.5625,
        1.0
      ],
      [
        0.0703125,
        0.0625,
        1.0
      ],
      [
        0.28125,
        0.0,
        1.0
      ],
      [
        0.0,
        0.0625,
        1.0
      ],
      [
        0.0703125,
        0.5625,
        1.0
      ],
      [
        0.0078125,
        0.0625,
        0.0
      ],
      [
        0.3515625,
        0.5625,
        1.0
      ],
      [
        0.28125,
        0.0,
        1.0
      ],
      [
        0.28125,
        0.0,
        1.0
      ],
      [
        0.0,
        0.0,
        1.0
      ]
    ],
    "Recall": [
      [
        0.3125,
        0.25,
        1.0
      ],
      [
        0.125,
        0.25,
        0.0
      ],
      [
        0.5625,
        0.25,
        1.0
      ],
      [
        0.1875,
        0.25,
        0.0
      ],
      [
        0.1875,
        0.0,
        0.0
      ],
      [
        0.4375,
        0.25,
        0.0
      ],
      [
        0.375,
        0.75,
        1.0
      ],
      [
        0.1875,
        0.25,
        0.0
      ],
      [
        0.375,
        0.75,
        1.0
      ],
      [
        0.25,
        0.75,
        1.0
      ],
      [
        0.6875,
        0.25,
        0.0
      ],
      [
        0.375,
        0.0,
        1.0
      ],
      [
        0.4375,
        0.0,
        1.0
      ],
      [
        0.1875,
        0.75,
        1.0
      ],
      [
        0.1875,
        1.0,
        1.0
      ],
      [
        0.6875,
        0.25,
        1.0
      ],
      [
        0.1875,
        0.75,
        1.0
      ],
      [
        0.25,
        0.25,
        0.0
      ],
      [
        0.5625,
        0.75,
        1.0
      ],
      [
        0.1875,
        0.75,
        1.0
      ],
      [
        0.0,
        0.75,
        1.0
      ],
      [
        0.1875,
        0.25,
        1.0
      ],
      [
        0.375,
        0.0,
        1.0
      ],
      [
        0.0,
        0.25,
        1.0
      ],
      [
        0.1875,
        0.75,
        1.0
      ],
      [
        0.0625,
        0.25,
        0.0
      ],
      [
        0.5625,
        0.75,
        1.0
      ],
      [
        0.375,
        0.0,
        1.0
      ],
      [
        0.375,
        0.0,
        1.0
      ],
      [
        0.0,
        0.0,
        1.0
      ]
    ],
    "F1Score": [
      [
        0.15227273106575012,
        0.10000000149011612,
        1.0
      ],
      [
        0.05000000074505806,
        0.10000000149011612,
        0.0
      ],
      [
        0.42370128631591797,
        0.10000000149011612,
        1.0
      ],
      [
        0.10227273404598236,
        0.10000000149011612,
        0.0
      ],
      [
        0.10227273404598236,
        0.0,
        0.0
      ],
      [
        0.335317462682724,
        0.10000000149011612,
        0.0
      ],
      [
        0.3214285671710968,
        0.6428571343421936,
        1.0
      ],
      [
        0.10227273404598236,
        0.10000000149011612,
        0.0
      ],
      [
        0.3214285671710968,
        0.6428571343421936,
        1.0
      ],
      [
        0.11616162210702896,
        0.6428571343421936,
        1.0
      ],
      [
        0.5019841194152832,
        0.10000000149011612,
        0.0
      ],
      [
        0.3214285671710968,
        0.0,
        1.0
      ],
      [
        0.26893940567970276,
        0.0,
        1.0
      ],
      [
        0.10227273404598236,
        0.6428571343421936,
        1.0
      ],
      [
        0.10227273404598236,
        0.7428571581840515,
        1.0
      ],
      [
        0.4737012982368469,
        0.10000000149011612,
        1.0
      ],
      [
        0.10227273404598236,
        0.6428571343421936,
        1.0
      ],
      [
        0.11616162210702896,
        0.10000000149011612,
        0.0
      ],
      [
        0.42370128631591797,
        0.6428571343421936,
        1.0
      ],
      [
        0.10227273404598236,
        0.6428571343421936,
        1.0
      ],
      [
        0.0,
        0.6428571343421936,
        1.0
      ],
      [
        0.10227273404598236,
        0.10000000149011612,
        1.0
      ],
      [
        0.3214285671710968,
        0.0,
        1.0
      ],
      [
        0.0,
        0.10000000149011612,
        1.0
      ],
      [
        0.10227273404598236,
        0.6428571343421936,
        1.0
      ],
      [
        0.013888888992369175,
        0.10000000149011612,
        0.0
      ],
      [
        0.42370128631591797,
        0.6428571343421936,
        1.0
      ],
      [
        0.3214285671710968,
        0.0,
        1.0
      ],
      [
        0.3214285671710968,
        0.0,
        1.0
      ],
      [
        0.0,
        0.0,
        1.0
      ]
    ],