{
  "User": "86",
  "validation_results": {
    "Accuracy": [
      [
        0.5833333730697632,
        0.0,
        0.0
      ],
      [
        0.5833333730697632,
        0.0,
        1.0
      ],
      [
        0.5833333730697632,
        1.0,
        1.0
      ],
      [
        0.5833333730697632,
        0.0,
        1.0
      ],
      [
        0.5,
        1.0,
        1.0
      ],
      [
        0.5833333730697632,
        1.0,
        1.0
      ],
      [
        0.5,
        1.0,
        1.0
      ],
      [
        0.4166666567325592,
        1.0,
        1.0
      ],
      [
        0.5,
        1.0,
        1.0
      ],
      [
        0.5833333730697632,
        1.0,
        1.0
      ],
      [
        0.5,
        1.0,
        1.0
      ],
      [
        0.5,
        0.0,
        0.0
      ],
      [
        0.5833333730697632,
        1.0,
        1.0
      ],
      [
        0.5,
        1.0,
        1.0
      ],
      [
        0.5,
        1.0,
        1.0
      ],
      [
        0.5,
        0.0,
        1.0
      ],
      [
        0.5833333730697632,
        1.0,
        1.0
      ],
      [
        0.5833333730697632,
        0.0,
        0.0
      ],
      [
        0.5833333730697632,
        1.0,
        1.0
      ],
      [
        0.4166666567325592,
        0.0,
        0.0
      ],
      [
        0.5833333730697632,
        1.0,
        1.0
      ],
      [
        0.5,
        1.0,
        1.0
      ],
      [
        0.5833333730697632,
        1.0,
        1.0
      ],
      [
        0.5833333730697632,
        0.0,
        1.0
      ],
      [
        0.5833333730697632,
        1.0,
        1.0
      ],
      [
        0.5,
        1.0,
        1.0
      ],
      [
        0.5833333730697632,
        1.0,
        1.0
      ],
      [
        0.5833333730697632,
        0.0,
        1.0
      ],
      [
        0.5,
        1.0,
        1.0
      ],
      [
        0.5833333730697632,
        1.0,
        1.0
      ]
    ],
    "Precision": [
      [
        0.0,
        0.0,
        0.0
      ],
      [
        0.1666666716337204,
        0.0,
        1.0
      ],
      [
        0.0,
        1.0,
        1.0
      ],
      [
        0.1666666716337204,
        0.0,
        1.0
      ],
      [
        0.2083333432674408,
        1.0,
        1.0
      ],
      [
        0.1666666716337204,
        1.0,
        1.0
      ],
      [
        0.2083333432674408,
        1.0,
        1.0
      ],
      [
        0.25,
        1.0,
        1.0
      ],
      [
        0.2083333432674408,
        1.0,
        1.0
      ],
      [
        0.1666666716337204,
        1.0,
        1.0
      ],
      [
        0.2083333432674408,
        1.0,
        1.0
      ],
      [
        0.2083333432674408,
        0.0,
        0.0
      ],
      [
        0.1666666716337204,
        1.0,
        1.0
      ],
      [
        0.2083333432674408,
        1.0,
        1.0
      ],
      [
        0.2083333432674408,
        1.0,
        1.0
      ],
      [
        0.2083333432674408,
        0.0,
        1.0
      ],
      [
        0.1666666716337204,
        1.0,
        1.0
      ],
      [
        0.0,
        0.0,
        0.0
      ],
      [
        0.0,
        1.0,
        1.0
      ],
      [
        0.0833333358168602,
        0.0,
        0.0
      ],
      [
        0.0,
        1.0,
        1.0
      ],
      [
        0.2083333432674408,
        1.0,
        1.0
      ],
      [
        0.0,
        1.0,
        1.0
      ],
      [
        0.1666666716337204,
        0.0,
        1.0
      ],
      [
        0.1666666716337204,
        1.0,
        1.0
      ],
      [
        0.2083333432674408,
        1.0,
        1.0
      ],
      [
        0.0,
        1.0,
        1.0
      ],
      [
        0.1666666716337204,
        0.0,
        1.0
      ],
      [
        0.0416666679084301,
        1.0,
        1.0
      ],
      [
        0.1666666716337204,
        1.0,
        1.0
      ]
    ],
    "Recall": [
      [
        0.0,
        0.0,
        0.0
      ],
      [
        0.3333333432674408,
        0.0,
        1.0
      ],
      [
        0.0,
        1.0,
        1.0
      ],
      [
        0.3333333432674408,
        0.0,
        1.0
      ],
      [
        0.5,
        1.0,
        1.0
      ],
      [
        0.3333333432674408,
        1.0,
        1.0
      ],
      [
        0.5,
        1.0,
        1.0
      ],
      [
        0.6666666865348816,
        1.0,
        1.0
      ],
      [
        0.5,
        1.0,
        1.0
      ],
      [
        0.3333333432674408,
        1.0,
        1.0
      ],
      [
        0.5,
        1.0,
        1.0
      ],
      [
        0.5,
        0.0,
        0.0
      ],
      [
        0.3333333432674408,
        1.0,
        1.0
      ],
      [
        0.5,
        1.0,
        1.0
      ],
      [
        0.5,
        1.0,
        1.0
      ],
      [
        0.5,
        0.0,
        1.0
      ],
      [
        0.3333333432674408,
        1.0,
        1.0
      ],
      [
        0.0,
        0.0,
        0.0
      ],
      [
        0.0,
        1.0,
        1.0
      ],
      [
        0.3333333432674408,
        0.0,
        0.0
      ],
      [
        0.0,
        1.0,
        1.0
      ],
      [
        0.5,
        1.0,
        1.0
      ],
      [
        0.0,
        1.0,
        1.0
      ],
      [
        0.3333333432674408,
        0.0,
        1.0
      ],
      [
        0.3333333432674408,
        1.0,
        1.0
      ],
      [
        0.5,
        1.0,
        1.0
      ],
      [
        0.0,
        1.0,
        1.0
      ],
      [
        0.3333333432674408,
        0.0,
        1.0
      ],
      [
        0.1666666716337204,
        1.0,
        1.0
      ],
      [
        0.3333333432674408,
        1.0,
        1.0
      ]
    ],
    "F1Score": [
      [
        0.0,
        0.0,
        0.0
      ],
      [
        0.2222222238779068,
        0.0,
        1.0
      ],
      [
        0.0,
        1.0,
        1.0
      ],
      [
        0.2222222238779068,
        0.0,
        1.0
      ],
      [
        0.2888889014720917,
        1.0,
        1.0
      ],
      [
        0.2222222238779068,
        1.0,
        1.0
      ],
      [
        0.2888889014720917,
        1.0,
        1.0
      ],
      [
        0.35555556416511536,
        1.0,
        1.0
      ],
      [
        0.2888889014720917,
        1.0,
        1.0
      ],
      [
        0.2222222238779068,
        1.0,
        1.0
      ],
      [
        0.2888889014720917,
        1.0,
        1.0
      ],
      [
        0.2888889014720917,
        0.0,
        0.0
      ],
      [
        0.2222222238779068,
        1.0,
        1.0
      ],
      [
        0.2888889014720917,
        1.0,
        1.0
      ],
      [
        0.2888889014720917,
        1.0,
        1.0
      ],
      [
        0.2888889014720917,
        0.0,
        1.0
      ],
      [
        0.2222222238779068,
        1.0,
        1.0
      ],
      [
        0.0,
        0.0,
        0.0
      ],
      [
        0.0,
        1.0,
        1.0
      ],
      [
        0.13333334028720856,
        0.0,
        0.0
      ],
      [
        0.0,
        1.0,
        1.0
      ],
      [
        0.2888889014720917,
        1.0,
        1.0
      ],
      [
        0.0,
        1.0,
        1.0
      ],
      [
        0.2222222238779068,
        0.0,
        1.0
      ],
      [
        0.2222222238779068,
        1.0,
        1.0
      ],
      [
        0.2888889014720917,
        1.0,
        1.0
      ],
      [
        0.0,
        1.0,
        1.0
      ],
      [
        0.2222222238779068,
        0.0,
        1.0
      ],
      [
        0.06666667014360428,
        1.0,
        1.0
      ],
      [
        0.2222222238779068,
        1.0,
        1.0
      ]
    ],