{
  "User": "482",
  "validation_results": {
    "Accuracy": [
      [
        0.75,
        0.8333333730697632,
        1.0
      ],
      [
        0.25,
        0.8333333730697632,
        0.0
      ],
      [
        0.75,
        0.8333333730697632,
        1.0
      ],
      [
        0.25,
        0.8333333730697632,
        1.0
      ],
      [
        0.75,
        0.8333333730697632,
        1.0
      ],
      [
        0.25,
        0.8333333730697632,
        1.0
      ],
      [
        0.75,
        0.8333333730697632,
        1.0
      ],
      [
        0.25,
        0.1666666716337204,
        1.0
      ],
      [
        0.75,
        0.8333333730697632,
        1.0
      ],
      [
        0.25,
        0.1666666716337204,
        0.0
      ],
      [
        0.25,
        0.8333333730697632,
        0.0
      ],
      [
        0.25,
        0.1666666716337204,
        0.0
      ],
      [
        0.75,
        1.0,
        1.0
      ],
      [
        0.25,
        0.1666666716337204,
        0.0
      ],
      [
        0.25,
        0.8333333730697632,
        0.0
      ],
      [
        0.25,
        0.8333333730697632,
        0.0
      ],
      [
        0.75,
        0.8333333730697632,
        1.0
      ],
      [
        0.25,
        0.8333333730697632,
        0.0
      ],
      [
        0.25,
        0.8333333730697632,
        1.0
      ],
      [
        0.25,
        0.1666666716337204,
        0.0
      ],
      [
        0.75,
        0.8333333730697632,
        1.0
      ],
      [
        0.25,
        0.1666666716337204,
        1.0
      ],
      [
        0.75,
        0.8333333730697632,
        1.0
      ],
      [
        0.75,
        0.1666666716337204,
        1.0
      ],
      [
        0.75,
        0.8333333730697632,
        1.0
      ],
      [
        0.25,
        0.8333333730697632,
        0.0
      ],
      [
        0.25,
        0.8333333730697632,
        1.0
      ],
      [
        0.75,
        0.8333333730697632,
        1.0
      ],
      [
        0.75,
        0.8333333730697632,
        1.0
      ],
      [
        0.25,
        0.8333333730697632,
        0.0
      ]
    ],
    "Precision": [
      [
        0.75,
        0.6666666865348816,
        1.0
      ],
      [
        0.125,
        0.6666666865348816,
        0.0
      ],
      [
        0.75,
        0.6666666865348816,
        1.0
      ],
      [
        0.25,
        0.6666666865348816,
        1.0
      ],
      [
        0.75,
        0.6666666865348816,
        1.0
      ],
      [
        0.125,
        0.6666666865348816,
        1.0
      ],
      [
        0.625,
        0.6666666865348816,
        1.0
      ],
      [
        0.125,
        0.0,
        1.0
      ],
      [
        0.75,
        0.6666666865348816,
        1.0
      ],
      [
        0.125,
        0.0,
        0.0
      ],
      [
        0.0,
        0.6666666865348816,
        0.0
      ],
      [
        0.125,
        0.0,
        0.0
      ],
      [
        0.75,
        1.0,
        1.0
      ],
      [
        0.0,
        0.0,
        0.0
      ],
      [
        0.25,
        0.6666666865348816,
        0.0
      ],
      [
        0.0,
        0.8333333730697632,
        0.0
      ],
      [
        0.75,
        0.6666666865348816,
        1.0
      ],
      [
        0.125,
        0.8333333730697632,
        0.0
      ],
      [
        0.125,
        0.6666666865348816,
        1.0
      ],
      [
        0.125,
        0.1666666716337204,
        0.0
      ],
      [
        0.75,
        0.6666666865348816,
        1.0
      ],
      [
        0.125,
        0.0,
        1.0
      ],
      [
        0.625,
        0.6666666865348816,
        1.0
      ],
      [
        0.625,
        0.0,
        1.0
      ],
      [
        0.625,
        0.6666666865348816,
        1.0
      ],
      [
        0.0,
        0.8333333730697632,
        0.0
      ],
      [
        0.125,
        0.6666666865348816,
        1.0
      ],
      [
        0.5,
        0.8333333730697632,
        1.0
      ],
      [
        0.5,
        0.6666666865348816,
        1.0
      ],
      [
        0.125,
        0.6666666865348816,
        0.0
      ]
    ],
    "Recall": [
      [
        1.0,
        0.6666666865348816,
        1.0
      ],
      [
        0.25,
        0.6666666865348816,
        0.0
      ],
      [
        1.0,
        0.6666666865348816,
        1.0
      ],
      [
        0.5,
        0.6666666865348816,
        1.0
      ],
      [
        1.0,
        0.6666666865348816,
        1.0
      ],
      [
        0.25,
        0.6666666865348816,
        1.0
      ],
      [
        0.75,
        0.6666666865348816,
        1.0
      ],
      [
        0.25,
        0.0,
        1.0
      ],
      [
        1.0,
        0.6666666865348816,
        1.0
      ],
      [
        0.25,
        0.0,
        0.0
      ],
      [
        0.0,
        0.6666666865348816,
        0.0
      ],
      [
        0.25,
        0.0,
        0.0
      ],
      [
        1.0,
        1.0,
        1.0
      ],
      [
        0.0,
        0.0,
        0.0
      ],
      [
        0.5,
        0.6666666865348816,
        0.0
      ],
      [
        0.0,
        1.0,
        0.0
      ],
      [
        1.0,
        0.6666666865348816,
        1.0
      ],
      [
        0.25,
        1.0,
        0.0
      ],
      [
        0.25,
        0.6666666865348816,
        1.0
      ],
      [
        0.25,
        0.3333333432674408,
        0.0
      ],
      [
        1.0,
        0.6666666865348816,
        1.0
      ],
      [
        0.25,
        0.0,
        1.0
      ],
      [
        0.75,
        0.6666666865348816,
        1.0
      ],
      [
        0.75,
        0.0,
        1.0
      ],
      [
        0.75,
        0.6666666865348816,
        1.0
      ],
      [
        0.0,
        1.0,
        0.0
      ],
      [
        0.25,
        0.6666666865348816,
        1.0
      ],
      [
        0.5,
        1.0,
        1.0
      ],
      [
        0.5,
        0.6666666865348816,
        1.0
      ],
      [
        0.25,
        0.6666666865348816,
        0.0
      ]
    ],