{
  "User": "117",
  "validation_results": {
    "Accuracy": [
      [
        0.2867647111415863,
        0.125,
        0.0
      ],
      [
        0.6397058963775635,
        0.875,
        0.0
      ],
      [
        0.33088237047195435,
        0.125,
        1.0
      ],
      [
        0.2867647111415863,
        0.2916666865348816,
        0.0
      ],
      [
        0.7132352590560913,
        0.2916666865348816,
        1.0
      ],
      [
        0.33088237047195435,
        0.875,
        1.0
      ],
      [
        0.33088237047195435,
        0.875,
        0.0
      ],
      [
        0.33088237047195435,
        0.125,
        0.0
      ],
      [
        0.7132352590560913,
        0.875,
        1.0
      ],
      [
        0.6397058963775635,
        0.875,
        1.0
      ],
      [
        0.6397058963775635,
        0.2083333432674408,
        1.0
      ],
      [
        0.625,
        0.125,
        0.0
      ],
      [
        0.6397058963775635,
        0.2083333432674408,
        1.0
      ],
      [
        0.33088237047195435,
        0.2916666865348816,
        0.0
      ],
      [
        0.33088237047195435,
        0.2083333432674408,
        1.0
      ],
      [
        0.33088237047195435,
        0.2083333432674408,
        1.0
      ],
      [
        0.7132352590560913,
        0.7916666865348816,
        1.0
      ],
      [
        0.40441176295280457,
        0.875,
        1.0
      ],
      [
        0.7132352590560913,
        0.2083333432674408,
        1.0
      ],
      [
        0.595588207244873,
        0.875,
        1.0
      ],
      [
        0.7132352590560913,
        0.7083333730697632,
        1.0
      ],
      [
        0.6397058963775635,
        0.125,
        0.0
      ],
      [
        0.6397058963775635,
        0.125,
        1.0
      ],
      [
        0.33088237047195435,
        0.2083333432674408,
        1.0
      ],
      [
        0.7132352590560913,
        0.2083333432674408,
        1.0
      ],
      [
        0.40441176295280457,
        0.875,
        1.0
      ],
      [
        0.33088237047195435,
        0.7916666865348816,
        1.0
      ],
      [
        0.7132352590560913,
        0.2083333432674408,
        0.0
      ],
      [
        0.7132352590560913,
        0.2083333432674408,
        1.0
      ],
      [
        0.40441176295280457,
        0.125,
        0.0
      ]
    ],
    "Precision": [
      [
        0.007352941203862429,
        0.02777777798473835,
        0.0
      ],
      [
        0.4779411554336548,
        0.6805555820465088,
        0.0
      ],
      [
        0.11764705926179886,
        0.02777777798473835,
        1.0
      ],
      [
        0.007352941203862429,
        0.0,
        0.0
      ],
      [
        0.6617646813392639,
        0.0,
        1.0
      ],
      [
        0.11764705926179886,
        0.6805555820465088,
        1.0
      ],
      [
        0.11764705926179886,
        0.6805555820465088,
        0.0
      ],
      [
        0.11764705926179886,
        0.02777777798473835,
        0.0
      ],
      [
        0.6617646813392639,
        0.6805555820465088,
        1.0
      ],
      [
        0.3602941036224365,
        0.6805555820465088,
        1.0
      ],
      [
        0.4779411554336548,
        0.013888888992369175,
        1.0
      ],
      [
        0.5210084319114685,
        0.02777777798473835,
        0.0
      ],
      [
        0.3602941036224365,
        0.013888888992369175,
        1.0
      ],
      [
        0.11764705926179886,
        0.0,
        0.0
      ],
      [
        0.11764705926179886,
        0.013888888992369175,
        1.0
      ],
      [
        0.11764705926179886,
        0.013888888992369175,
        1.0
      ],
      [
        0.5441176295280457,
        0.694444477558136,
        1.0
      ],
      [
        0.3014705777168274,
        0.6805555820465088,
        1.0
      ],
      [
        0.6617646813392639,
        0.013888888992369175,
        1.0
      ],
      [
        0.4852941036224365,
        0.6805555820465088,
        1.0
      ],
      [
        0.6617646813392639,
        0.7083333730697632,
        1.0
      ],
      [
        0.3602941036224365,
        0.02777777798473835,
        0.0
      ],
      [
        0.3602941036224365,
        0.02777777798473835,
        1.0
      ],
      [
        0.11764705926179886,
        0.013888888992369175,
        1.0
      ],
      [
        0.6617646813392639,
        0.013888888992369175,
        1.0
      ],
      [
        0.3014705777168274,
        0.6805555820465088,
        1.0
      ],
      [
        0.11764705926179886,
        0.694444477558136,
        1.0
      ],
      [
        0.5441176295280457,
        0.013888888992369175,
        0.0
      ],
      [
        0.5441176295280457,
        0.013888888992369175,
        1.0
      ],
      [
        0.18382352590560913,
        0.02777777798473835,
        0.0
      ]
    ],
    "Recall": [
      [
        0.05882352963089943,
        0.2222222238779068,
        0.0
      ],
      [
        0.6470588445663452,
        0.7777777910232544,
        0.0
      ],
      [
        0.23529411852359772,
        0.2222222238779068,
        1.0
      ],
      [
        0.05882352963089943,
        0.0,
        0.0
      ],
      [
        0.9411765336990356,
        0.0,
        1.0
      ],
      [
        0.23529411852359772,
        0.7777777910232544,
        1.0
      ],
      [
        0.23529411852359772,
        0.7777777910232544,
        0.0
      ],
      [
        0.23529411852359772,
        0.2222222238779068,
        0.0
      ],
      [
        0.9411765336990356,
        0.7777777910232544,
        1.0
      ],
      [
        0.4117647111415863,
        0.7777777910232544,
        1.0
      ],
      [
        0.6470588445663452,
        0.1111111119389534,
        1.0
      ],
      [
        0.5882353186607361,
        0.2222222238779068,
        0.0
      ],
      [
        0.4117647111415863,
        0.1111111119389534,
        1.0
      ],
      [
        0.23529411852359772,
        0.0,
        0.0
      ],
      [
        0.23529411852359772,
        0.1111111119389534,
        1.0
      ],
      [
        0.23529411852359772,
        0.1111111119389534,
        1.0
      ],
      [
        0.7058823704719543,
        0.8888888955116272,
        1.0
      ],
      [
        0.529411792755127,
        0.7777777910232544,
        1.0
      ],
      [
        0.9411765336990356,
        0.1111111119389534,
        1.0
      ],
      [
        0.7058823704719543,
        0.7777777910232544,
        1.0
      ],
      [
        0.9411765336990356,
        1.0,
        1.0
      ],
      [
        0.4117647111415863,
        0.2222222238779068,
        0.0
      ],
      [
        0.4117647111415863,
        0.2222222238779068,
        1.0
      ],
      [
        0.23529411852359772,
        0.1111111119389534,
        1.0
      ],
      [
        0.9411765336990356,
        0.1111111119389534,
        1.0
      ],
      [
        0.529411792755127,
        0.7777777910232544,
        1.0
      ],
      [
        0.23529411852359772,
        0.8888888955116272,
        1.0
      ],
      [
        0.7058823704719543,
        0.1111111119389534,
        0.0
      ],
      [
        0.7058823704719543,
        0.1111111119389534,
        1.0
      ],
      [
        0.29411765933036804,
        0.2222222238779068,
        0.0
      ]
    ],