{
  "User": "107",
  "validation_results": {
    "Accuracy": [
      [
        0.625,
        0.875,
        0.125
      ],
      [
        0.2916666865348816,
        0.8409091234207153,
        0.125
      ],
      [
        0.7083333134651184,
        0.875,
        0.875
      ],
      [
        0.7083333134651184,
        0.125,
        0.875
      ],
      [
        0.7083333134651184,
        0.875,
        0.875
      ],
      [
        0.7083333134651184,
        0.6363636255264282,
        0.125
      ],
      [
        0.375,
        0.8409091234207153,
        0.875
      ],
      [
        0.7083333134651184,
        0.15909090638160706,
        0.125
      ],
      [
        0.7083333134651184,
        0.875,
        0.875
      ],
      [
        0.7083333134651184,
        0.39772725105285645,
        0.78125
      ],
      [
        0.7083333134651184,
        0.875,
        0.875
      ],
      [
        0.2916666865348816,
        0.3636363744735718,
        0.875
      ],
      [
        0.7083333134651184,
        0.875,
        0.875
      ],
      [
        0.375,
        0.3636363744735718,
        0.875
      ],
      [
        0.7083333134651184,
        0.875,
        0.125
      ],
      [
        0.2916666865348816,
        0.7954545617103577,
        0.296875
      ],
      [
        0.7083333134651184,
        0.875,
        0.875
      ],
      [
        0.7083333134651184,
        0.39772725105285645,
        0.21875
      ],
      [
        0.625,
        0.39772725105285645,
        0.875
      ],
      [
        0.375,
        0.39772725105285645,
        0.875
      ],
      [
        0.7083333134651184,
        0.6363636255264282,
        0.875
      ],
      [
        0.7083333134651184,
        0.125,
        0.875
      ],
      [
        0.7083333134651184,
        0.39772725105285645,
        0.875
      ],
      [
        0.7083333134651184,
        0.125,
        0.125
      ],
      [
        0.7083333134651184,
        0.875,
        0.875
      ],
      [
        0.7083333134651184,
        0.15909090638160706,
        0.875
      ],
      [
        0.7083333134651184,
        0.875,
        0.875
      ],
      [
        0.375,
        0.125,
        0.875
      ],
      [
        0.375,
        0.875,
        0.875
      ],
      [
        0.7083333134651184,
        0.6363636255264282,
        0.125
      ]
    ],
    "Precision": [
      [
        0.625,
        0.8352272510528564,
        0.015625
      ],
      [
        0.125,
        0.8409091234207153,
        0.015625
      ],
      [
        0.5,
        0.8352272510528564,
        0.765625
      ],
      [
        0.5,
        0.005681818351149559,
        0.765625
      ],
      [
        0.5,
        0.8352272510528564,
        0.765625
      ],
      [
        0.5,
        0.5568181872367859,
        0.015625
      ],
      [
        0.0,
        0.8409091234207153,
        0.765625
      ],
      [
        0.5,
        0.0,
        0.015625
      ],
      [
        0.5,
        0.8352272510528564,
        0.765625
      ],
      [
        0.5,
        0.27840909361839294,
        0.78125
      ],
      [
        0.5,
        0.8352272510528564,
        0.765625
      ],
      [
        0.125,
        0.28409090638160706,
        0.765625
      ],
      [
        0.5,
        0.8352272510528564,
        0.765625
      ],
      [
        0.0,
        0.28409090638160706,
        0.765625
      ],
      [
        0.5,
        0.8352272510528564,
        0.015625
      ],
      [
        0.125,
        0.821969747543335,
        0.5833333730697632
      ],
      [
        0.5,
        0.8352272510528564,
        0.765625
      ],
      [
        0.5,
        0.27840909361839294,
        0.0
      ],
      [
        0.625,
        0.27840909361839294,
        0.765625
      ],
      [
        0.0,
        0.27840909361839294,
        0.765625
      ],
      [
        0.5,
        0.5568181872367859,
        0.765625
      ],
      [
        0.5,
        0.005681818351149559,
        0.765625
      ],
      [
        0.5,
        0.27840909361839294,
        0.765625
      ],
      [
        0.5555555820465088,
        0.005681818351149559,
        0.015625
      ],
      [
        0.5,
        0.8352272510528564,
        0.765625
      ],
      [
        0.5,
        0.0,
        0.765625
      ],
      [
        0.5,
        0.8352272510528564,
        0.765625
      ],
      [
        0.0,
        0.005681818351149559,
        0.765625
      ],
      [
        0.0,
        0.8352272510528564,
        0.765625
      ],
      [
        0.5,
        0.5568181872367859,
        0.015625
      ]
    ],
    "Recall": [
      [
        1.0,
        0.9545454382896423,
        0.125
      ],
      [
        0.3333333432674408,
        1.0,
        0.125
      ],
      [
        0.6666666865348816,
        0.9545454382896423,
        0.875
      ],
      [
        0.6666666865348816,
        0.04545454680919647,
        0.875
      ],
      [
        0.6666666865348816,
        0.9545454382896423,
        0.875
      ],
      [
        0.6666666865348816,
        0.6363636255264282,
        0.125
      ],
      [
        0.0,
        1.0,
        0.875
      ],
      [
        0.6666666865348816,
        0.0,
        0.125
      ],
      [
        0.6666666865348816,
        0.9545454382896423,
        0.875
      ],
      [
        0.6666666865348816,
        0.3181818127632141,
        1.0
      ],
      [
        0.6666666865348816,
        0.9545454382896423,
        0.875
      ],
      [
        0.3333333432674408,
        0.3636363744735718,
        0.875
      ],
      [
        0.6666666865348816,
        0.9545454382896423,
        0.875
      ],
      [
        0.0,
        0.3636363744735718,
        0.875
      ],
      [
        0.6666666865348816,
        0.9545454382896423,
        0.125
      ],
      [
        0.3333333432674408,
        0.8636363744735718,
        0.25
      ],
      [
        0.6666666865348816,
        0.9545454382896423,
        0.875
      ],
      [
        0.6666666865348816,
        0.3181818127632141,
        0.0
      ],
      [
        1.0,
        0.3181818127632141,
        0.875
      ],
      [
        0.0,
        0.3181818127632141,
        0.875
      ],
      [
        0.6666666865348816,
        0.6363636255264282,
        0.875
      ],
      [
        0.6666666865348816,
        0.04545454680919647,
        0.875
      ],
      [
        0.6666666865348816,
        0.3181818127632141,
        0.875
      ],
      [
        0.5555555820465088,
        0.04545454680919647,
        0.125
      ],
      [
        0.6666666865348816,
        0.9545454382896423,
        0.875
      ],
      [
        0.6666666865348816,
        0.0,
        0.875
      ],
      [
        0.6666666865348816,
        0.9545454382896423,
        0.875
      ],
      [
        0.0,
        0.04545454680919647,
        0.875
      ],
      [
        0.0,
        0.9545454382896423,
        0.875
      ],
      [
        0.6666666865348816,
        0.6363636255264282,
        0.125
      ]
    ],