{
  "User": "376",
  "validation_results": {
    "Accuracy": [
      [
        1.0,
        0.75,
        0.9285714626312256
      ],
      [
        0.0,
        0.25,
        0.3571428656578064
      ],
      [
        0.5,
        1.0,
        0.9285714626312256
      ],
      [
        0.5,
        0.0,
        0.3571428656578064
      ],
      [
        0.5,
        1.0,
        0.9285714626312256
      ],
      [
        0.0,
        0.75,
        0.9285714626312256
      ],
      [
        0.5,
        1.0,
        0.9285714626312256
      ],
      [
        0.5,
        0.5,
        0.6428571939468384
      ],
      [
        0.5,
        1.0,
        0.9285714626312256
      ],
      [
        0.5,
        0.5,
        0.0714285746216774
      ],
      [
        0.5,
        1.0,
        0.9285714626312256
      ],
      [
        1.0,
        1.0,
        0.9285714626312256
      ],
      [
        1.0,
        1.0,
        0.9285714626312256
      ],
      [
        0.5,
        0.0,
        0.3571428656578064
      ],
      [
        0.5,
        1.0,
        0.9285714626312256
      ],
      [
        0.5,
        0.25,
        0.0714285746216774
      ],
      [
        0.5,
        0.75,
        0.6428571939468384
      ],
      [
        0.5,
        0.0,
        0.0714285746216774
      ],
      [
        0.5,
        1.0,
        0.9285714626312256
      ],
      [
        0.0,
        0.25,
        0.9285714626312256
      ],
      [
        0.5,
        1.0,
        0.9285714626312256
      ],
      [
        1.0,
        0.5,
        0.6428571939468384
      ],
      [
        0.5,
        1.0,
        0.9285714626312256
      ],
      [
        0.5,
        0.0,
        0.0714285746216774
      ],
      [
        0.5,
        0.75,
        0.9285714626312256
      ],
      [
        0.5,
        0.0,
        0.0714285746216774
      ],
      [
        0.5,
        0.75,
        0.6428571939468384
      ],
      [
        0.5,
        0.25,
        0.3571428656578064
      ],
      [
        0.5,
        1.0,
        0.9285714626312256
      ],
      [
        0.0,
        0.75,
        0.3571428656578064
      ]
    ],
    "Precision": [
      [
        1.0,
        0.75,
        0.9285714626312256
      ],
      [
        0.0,
        0.25,
        0.2857142984867096
      ],
      [
        0.5,
        1.0,
        0.9285714626312256
      ],
      [
        0.5,
        0.0,
        0.2857142984867096
      ],
      [
        0.5,
        1.0,
        0.8571429252624512
      ],
      [
        0.0,
        0.75,
        0.8571429252624512
      ],
      [
        0.5,
        1.0,
        0.9285714626312256
      ],
      [
        0.5,
        0.5,
        0.5714285969734192
      ],
      [
        0.5,
        1.0,
        0.9285714626312256
      ],
      [
        0.5,
        0.5,
        0.0
      ],
      [
        0.5,
        1.0,
        0.8571429252624512
      ],
      [
        1.0,
        1.0,
        0.9285714626312256
      ],
      [
        1.0,
        1.0,
        0.8571429252624512
      ],
      [
        0.5,
        0.0,
        0.2857142984867096
      ],
      [
        0.5,
        1.0,
        0.9285714626312256
      ],
      [
        0.5,
        0.25,
        0.0
      ],
      [
        0.5,
        0.75,
        0.5714285969734192
      ],
      [
        0.5,
        0.0,
        0.0
      ],
      [
        0.5,
        1.0,
        0.9285714626312256
      ],
      [
        0.0,
        0.25,
        0.8571429252624512
      ],
      [
        0.5,
        1.0,
        0.9285714626312256
      ],
      [
        1.0,
        0.5,
        0.5714285969734192
      ],
      [
        0.5,
        1.0,
        0.9285714626312256
      ],
      [
        0.5,
        0.0,
        0.0
      ],
      [
        0.5,
        0.75,
        0.8571429252624512
      ],
      [
        0.5,
        0.0,
        0.0
      ],
      [
        0.5,
        0.75,
        0.5714285969734192
      ],
      [
        0.5,
        0.25,
        0.2857142984867096
      ],
      [
        0.5,
        1.0,
        0.9285714626312256
      ],
      [
        0.0,
        0.75,
        0.2857142984867096
      ]
    ],
    "Recall": [
      [
        1.0,
        0.75,
        1.0
      ],
      [
        0.0,
        0.25,
        0.2857142984867096
      ],
      [
        0.5,
        1.0,
        1.0
      ],
      [
        0.5,
        0.0,
        0.2857142984867096
      ],
      [
        0.5,
        1.0,
        0.8571429252624512
      ],
      [
        0.0,
        0.75,
        0.8571429252624512
      ],
      [
        0.5,
        1.0,
        1.0
      ],
      [
        0.5,
        0.5,
        0.5714285969734192
      ],
      [
        0.5,
        1.0,
        1.0
      ],
      [
        0.5,
        0.5,
        0.0
      ],
      [
        0.5,
        1.0,
        0.8571429252624512
      ],
      [
        1.0,
        1.0,
        1.0
      ],
      [
        1.0,
        1.0,
        0.8571429252624512
      ],
      [
        0.5,
        0.0,
        0.2857142984867096
      ],
      [
        0.5,
        1.0,
        1.0
      ],
      [
        0.5,
        0.25,
        0.0
      ],
      [
        0.5,
        0.75,
        0.5714285969734192
      ],
      [
        0.5,
        0.0,
        0.0
      ],
      [
        0.5,
        1.0,
        1.0
      ],
      [
        0.0,
        0.25,
        0.8571429252624512
      ],
      [
        0.5,
        1.0,
        1.0
      ],
      [
        1.0,
        0.5,
        0.5714285969734192
      ],
      [
        0.5,
        1.0,
        1.0
      ],
      [
        0.5,
        0.0,
        0.0
      ],
      [
        0.5,
        0.75,
        0.8571429252624512
      ],
      [
        0.5,
        0.0,
        0.0
      ],
      [
        0.5,
        0.75,
        0.5714285969734192
      ],
      [
        0.5,
        0.25,
        0.2857142984867096
      ],
      [
        0.5,
        1.0,
        1.0
      ],
      [
        0.0,
        0.75,
        0.2857142984867096
      ]
    ],