{
  "User": "573",
  "validation_results": {
    "Accuracy": [
      [
        0.1666666716337204,
        0.5,
        0.5
      ],
      [
        0.1666666716337204,
        0.5,
        0.5
      ],
      [
        0.1666666716337204,
        0.5,
        0.5
      ],
      [
        0.1666666716337204,
        0.5,
        0.5
      ],
      [
        0.1666666716337204,
        0.5,
        0.5
      ],
      [
        0.1666666716337204,
        0.5,
        0.5
      ],
      [
        0.1666666716337204,
        0.5,
        0.5
      ],
      [
        0.1666666716337204,
        0.5,
        0.5
      ],
      [
        0.1666666716337204,
        0.5,
        0.5
      ],
      [
        0.1666666716337204,
        0.5,
        0.5
      ],
      [
        0.1666666716337204,
        0.5,
        0.5
      ],
      [
        0.1666666716337204,
        0.5,
        0.5
      ],
      [
        0.1666666716337204,
        0.5,
        0.5
      ],
      [
        0.1666666716337204,
        0.5,
        0.5
      ],
      [
        0.1666666716337204,
        0.5,
        0.5
      ],
      [
        0.1666666716337204,
        0.5,
        0.5
      ],
      [
        0.1666666716337204,
        0.5,
        0.5
      ],
      [
        0.1666666716337204,
        0.5,
        0.5
      ],
      [
        0.1666666716337204,
        0.5,
        0.5
      ],
      [
        0.1666666716337204,
        0.5,
        0.5
      ],
      [
        0.1666666716337204,
        0.5,
        0.5
      ],
      [
        0.1666666716337204,
        0.5,
        0.5
      ],
      [
        0.1666666716337204,
        0.5,
        0.5
      ],
      [
        0.1666666716337204,
        0.5,
        0.5
      ],
      [
        0.1666666716337204,
        0.5,
        0.5
      ],
      [
        0.1666666716337204,
        0.5,
        0.5
      ],
      [
        0.1666666716337204,
        0.5,
        0.5
      ],
      [
        0.1666666716337204,
        0.5,
        0.5
      ],
      [
        0.1666666716337204,
        0.5,
        0.5
      ],
      [
        0.1666666716337204,
        0.5,
        0.5
      ]
    ],
    "Precision": [
      [
        0.1666666716337204,
        0.1666666716337204,
        0.0
      ],
      [
        0.1666666716337204,
        0.1666666716337204,
        0.0
      ],
      [
        0.1666666716337204,
        0.1666666716337204,
        0.0
      ],
      [
        0.1666666716337204,
        0.0,
        0.25
      ],
      [
        0.1666666716337204,
        0.0,
        0.25
      ],
      [
        0.1666666716337204,
        0.0,
        0.0
      ],
      [
        0.1666666716337204,
        0.0,
        0.0
      ],
      [
        0.1666666716337204,
        0.0,
        0.0
      ],
      [
        0.1666666716337204,
        0.0,
        0.0
      ],
      [
        0.1666666716337204,
        0.0,
        0.0
      ],
      [
        0.1666666716337204,
        0.1666666716337204,
        0.0
      ],
      [
        0.1666666716337204,
        0.0,
        0.0
      ],
      [
        0.1666666716337204,
        0.0,
        0.0
      ],
      [
        0.1666666716337204,
        0.0,
        0.0
      ],
      [
        0.1666666716337204,
        0.1666666716337204,
        0.0
      ],
      [
        0.1666666716337204,
        0.1666666716337204,
        0.0
      ],
      [
        0.1666666716337204,
        0.1666666716337204,
        0.0
      ],
      [
        0.1666666716337204,
        0.1666666716337204,
        0.0
      ],
      [
        0.1666666716337204,
        0.1666666716337204,
        0.0
      ],
      [
        0.1666666716337204,
        0.1666666716337204,
        0.0
      ],
      [
        0.1666666716337204,
        0.1666666716337204,
        0.0
      ],
      [
        0.1666666716337204,
        0.1666666716337204,
        0.0
      ],
      [
        0.1666666716337204,
        0.1666666716337204,
        0.0
      ],
      [
        0.1666666716337204,
        0.1666666716337204,
        0.0
      ],
      [
        0.1666666716337204,
        0.1666666716337204,
        0.0
      ],
      [
        0.1666666716337204,
        0.1666666716337204,
        0.0
      ],
      [
        0.1666666716337204,
        0.0,
        0.25
      ],
      [
        0.1666666716337204,
        0.0,
        0.0
      ],
      [
        0.1666666716337204,
        0.1666666716337204,
        0.0
      ],
      [
        0.1666666716337204,
        0.1666666716337204,
        0.0
      ]
    ],
    "Recall": [
      [
        0.3333333432674408,
        0.3333333432674408,
        0.0
      ],
      [
        0.3333333432674408,
        0.3333333432674408,
        0.0
      ],
      [
        0.3333333432674408,
        0.3333333432674408,
        0.0
      ],
      [
        0.3333333432674408,
        0.0,
        0.5
      ],
      [
        0.3333333432674408,
        0.0,
        0.5
      ],
      [
        0.3333333432674408,
        0.0,
        0.0
      ],
      [
        0.3333333432674408,
        0.0,
        0.0
      ],
      [
        0.3333333432674408,
        0.0,
        0.0
      ],
      [
        0.3333333432674408,
        0.0,
        0.0
      ],
      [
        0.3333333432674408,
        0.0,
        0.0
      ],
      [
        0.3333333432674408,
        0.3333333432674408,
        0.0
      ],
      [
        0.3333333432674408,
        0.0,
        0.0
      ],
      [
        0.3333333432674408,
        0.0,
        0.0
      ],
      [
        0.3333333432674408,
        0.0,
        0.0
      ],
      [
        0.3333333432674408,
        0.3333333432674408,
        0.0
      ],
      [
        0.3333333432674408,
        0.3333333432674408,
        0.0
      ],
      [
        0.3333333432674408,
        0.3333333432674408,
        0.0
      ],
      [
        0.3333333432674408,
        0.3333333432674408,
        0.0
      ],
      [
        0.3333333432674408,
        0.3333333432674408,
        0.0
      ],
      [
        0.3333333432674408,
        0.3333333432674408,
        0.0
      ],
      [
        0.3333333432674408,
        0.3333333432674408,
        0.0
      ],
      [
        0.3333333432674408,
        0.3333333432674408,
        0.0
      ],
      [
        0.3333333432674408,
        0.3333333432674408,
        0.0
      ],
      [
        0.3333333432674408,
        0.3333333432674408,
        0.0
      ],
      [
        0.3333333432674408,
        0.3333333432674408,
        0.0
      ],
      [
        0.3333333432674408,
        0.3333333432674408,
        0.0
      ],
      [
        0.3333333432674408,
        0.0,
        0.5
      ],
      [
        0.3333333432674408,
        0.0,
        0.0
      ],
      [
        0.3333333432674408,
        0.3333333432674408,
        0.0
      ],
      [
        0.3333333432674408,
        0.3333333432674408,
        0.0
      ]
    ],