{
  "User": "507",
  "validation_results": {
    "Accuracy": [
      [
        1.0,
        0.4583333432674408,
        0.0
      ],
      [
        1.0,
        0.4583333432674408,
        0.0
      ],
      [
        1.0,
        0.4583333432674408,
        0.0
      ],
      [
        1.0,
        0.0833333358168602,
        0.0
      ],
      [
        1.0,
        0.0833333358168602,
        0.0
      ],
      [
        1.0,
        0.0833333358168602,
        0.0
      ],
      [
        1.0,
        0.0833333358168602,
        0.0
      ],
      [
        1.0,
        0.0833333358168602,
        0.0
      ],
      [
        1.0,
        0.0833333358168602,
        0.0
      ],
      [
        1.0,
        0.0833333358168602,
        0.0
      ],
      [
        1.0,
        0.4583333432674408,
        0.0
      ],
      [
        1.0,
        0.0833333358168602,
        0.0
      ],
      [
        1.0,
        0.0833333358168602,
        0.0
      ],
      [
        1.0,
        0.0833333358168602,
        0.0
      ],
      [
        1.0,
        0.4583333432674408,
        0.0
      ],
      [
        1.0,
        0.4583333432674408,
        0.0
      ],
      [
        1.0,
        0.4583333432674408,
        0.0
      ],
      [
        1.0,
        0.4583333432674408,
        0.0
      ],
      [
        1.0,
        0.4583333432674408,
        0.0
      ],
      [
        1.0,
        0.4583333432674408,
        0.0
      ],
      [
        1.0,
        0.4583333432674408,
        0.0
      ],
      [
        1.0,
        0.4583333432674408,
        0.0
      ],
      [
        1.0,
        0.4583333432674408,
        0.0
      ],
      [
        1.0,
        0.4583333432674408,
        0.0
      ],
      [
        1.0,
        0.4583333432674408,
        0.0
      ],
      [
        1.0,
        0.4583333432674408,
        0.0
      ],
      [
        1.0,
        0.0833333358168602,
        0.0
      ],
      [
        1.0,
        0.0833333358168602,
        0.0
      ],
      [
        1.0,
        0.4583333432674408,
        0.0
      ],
      [
        1.0,
        0.4583333432674408,
        0.0
      ]
    ],
    "Precision": [
      [
        1.0,
        0.375,
        0.0
      ],
      [
        1.0,
        0.375,
        0.0
      ],
      [
        1.0,
        0.375,
        0.0
      ],
      [
        1.0,
        0.0,
        0.0
      ],
      [
        1.0,
        0.0,
        0.0
      ],
      [
        1.0,
        0.0,
        0.0
      ],
      [
        1.0,
        0.0,
        0.0
      ],
      [
        1.0,
        0.0,
        0.0
      ],
      [
        1.0,
        0.0,
        0.0
      ],
      [
        1.0,
        0.0,
        0.0
      ],
      [
        1.0,
        0.375,
        0.0
      ],
      [
        1.0,
        0.0,
        0.0
      ],
      [
        1.0,
        0.0,
        0.0
      ],
      [
        1.0,
        0.0,
        0.0
      ],
      [
        1.0,
        0.375,
        0.0
      ],
      [
        1.0,
        0.375,
        0.0
      ],
      [
        1.0,
        0.375,
        0.0
      ],
      [
        1.0,
        0.375,
        0.0
      ],
      [
        1.0,
        0.375,
        0.0
      ],
      [
        1.0,
        0.375,
        0.0
      ],
      [
        1.0,
        0.375,
        0.0
      ],
      [
        1.0,
        0.375,
        0.0
      ],
      [
        1.0,
        0.375,
        0.0
      ],
      [
        1.0,
        0.375,
        0.0
      ],
      [
        1.0,
        0.375,
        0.0
      ],
      [
        1.0,
        0.375,
        0.0
      ],
      [
        1.0,
        0.0,
        0.0
      ],
      [
        1.0,
        0.0,
        0.0
      ],
      [
        1.0,
        0.375,
        0.0
      ],
      [
        1.0,
        0.375,
        0.0
      ]
    ],
    "Recall": [
      [
        1.0,
        0.375,
        0.0
      ],
      [
        1.0,
        0.375,
        0.0
      ],
      [
        1.0,
        0.375,
        0.0
      ],
      [
        1.0,
        0.0,
        0.0
      ],
      [
        1.0,
        0.0,
        0.0
      ],
      [
        1.0,
        0.0,
        0.0
      ],
      [
        1.0,
        0.0,
        0.0
      ],
      [
        1.0,
        0.0,
        0.0
      ],
      [
        1.0,
        0.0,
        0.0
      ],
      [
        1.0,
        0.0,
        0.0
      ],
      [
        1.0,
        0.375,
        0.0
      ],
      [
        1.0,
        0.0,
        0.0
      ],
      [
        1.0,
        0.0,
        0.0
      ],
      [
        1.0,
        0.0,
        0.0
      ],
      [
        1.0,
        0.375,
        0.0
      ],
      [
        1.0,
        0.375,
        0.0
      ],
      [
        1.0,
        0.375,
        0.0
      ],
      [
        1.0,
        0.375,
        0.0
      ],
      [
        1.0,
        0.375,
        0.0
      ],
      [
        1.0,
        0.375,
        0.0
      ],
      [
        1.0,
        0.375,
        0.0
      ],
      [
        1.0,
        0.375,
        0.0
      ],
      [
        1.0,
        0.375,
        0.0
      ],
      [
        1.0,
        0.375,
        0.0
      ],
      [
        1.0,
        0.375,
        0.0
      ],
      [
        1.0,
        0.375,
        0.0
      ],
      [
        1.0,
        0.0,
        0.0
      ],
      [
        1.0,
        0.0,
        0.0
      ],
      [
        1.0,
        0.375,
        0.0
      ],
      [
        1.0,
        0.375,
        0.0
      ]
    ],
    "F1Score": [
      [
        1.0,
        0.375,
        0.0
      ],
      [
        1.0,
        0.375,
        0.0
      ],
      [
        1.0,
        0.375,
        0.0
      ],
      [
        1.0,
        0.0,
        0.0
      ],
      [
        1.0,
        0.0,
        0.0
      ],
      [
        1.0,
        0.0,
        0.0
      ],
      [
        1.0,
        0.0,
        0.0
      ],
      [
        1.0,
        0.0,
        0.0
      ],
      [
        1.0,
        0.0,
        0.0
      ],
      [
        1.0,
        0.0,
        0.0
      ],
      [
        1.0,
        0.375,
        0.0
      ],
      [
        1.0,
        0.0,
        0.0
      ],
      [
        1.0,
        0.0,
        0.0
      ],
      [
        1.0,
        0.0,
        0.0
      ],
      [
        1.0,
        0.375,
        0.0
      ],
      [
        1.0,
        0.375,
        0.0
      ],
      [
        1.0,
        0.375,
        0.0
      ],
      [
        1.0,
        0.375,
        0.0
      ],
      [
        1.0,
        0.375,
        0.0
      ],
      [
        1.0,
        0.375,
        0.0
      ],
      [
        1.0,
        0.375,
        0.0
      ],
      [
        1.0,
        0.375,
        0.0
      ],
      [
        1.0,
        0.375,
        0.0
      ],
      [
        1.0,
        0.375,
        0.0
      ],
      [
        1.0,
        0.375,
        0.0
      ],
      [
        1.0,
        0.375,
        0.0
      ],
      [
        1.0,
        0.0,
        0.0
      ],
      [
        1.0,
        0.0,
        0.0
      ],
      [
        1.0,
        0.375,
        0.0
      ],
      [
        1.0,
        0.375,
        0.0
      ]
    ],
    "info_prec": [
      0.0,
      0.0,
      0.0,
      0.0,
      0.0,
      0.0,
      0.0,
      0.0,
      0.0,
      0.0,
      0.0,
      0.0,
      0.0,
      0.0,
      0.0,
      0.0,
      0.0,
      0.0,
      0.0,
      0.0,
      0.0,
      0.0,
      0.0,
      0.0,
      0.0,
      0.0,
      0.0,
      0.0,
      0.0,
      0.0
    ],