{
  "User": "223",
  "validation_results": {
    "Accuracy": [
      [
        0.5,
        0.0,
        0.0
      ],
      [
        0.5,
        0.0,
        0.0
      ],
      [
        0.5,
        0.0,
        0.0
      ],
      [
        0.5,
        0.0,
        0.0
      ],
      [
        0.5,
        0.0,
        0.0
      ],
      [
        0.5,
        0.0,
        0.0
      ],
      [
        0.5,
        0.0,
        0.0
      ],
      [
        0.5,
        0.0,
        0.0
      ],
      [
        0.5,
        0.0,
        0.0
      ],
      [
        0.5,
        0.0,
        0.0
      ],
      [
        0.5,
        0.0,
        0.0
      ],
      [
        0.5,
        0.0,
        0.0
      ],
      [
        0.5,
        0.0,
        0.0
      ],
      [
        0.5,
        0.0,
        0.0
      ],
      [
        0.5,
        0.0,
        0.0
      ],
      [
        0.5,
        0.0,
        0.0
      ],
      [
        0.5,
        0.0,
        0.0
      ],
      [
        0.5,
        0.0,
        0.0
      ],
      [
        0.5,
        0.0,
        0.0
      ],
      [
        0.5,
        0.0,
        0.0
      ],
      [
        0.5,
        0.0,
        0.0
      ],
      [
        0.5,
        0.0,
        0.0
      ],
      [
        0.5,
        0.0,
        0.0
      ],
      [
        0.5,
        0.0,
        0.0
      ],
      [
        0.5,
        0.0,
        0.0
      ],
      [
        0.5,
        0.0,
        0.0
      ],
      [
        0.5,
        0.0,
        0.0
      ],
      [
        0.5,
        0.0,
        0.0
      ],
      [
        0.5,
        0.0,
        0.0
      ],
      [
        0.5,
        0.0,
        0.0
      ]
    ],
    "Precision": [
      [
        0.3333333432674408,
        0.0,
        0.0
      ],
      [
        0.3333333432674408,
        0.0,
        0.0
      ],
      [
        0.3333333432674408,
        0.0,
        0.0
      ],
      [
        0.3333333432674408,
        0.0,
        0.0
      ],
      [
        0.3333333432674408,
        0.0,
        0.0
      ],
      [
        0.3333333432674408,
        0.0,
        0.0
      ],
      [
        0.3333333432674408,
        0.0,
        0.0
      ],
      [
        0.3333333432674408,
        0.0,
        0.0
      ],
      [
        0.3333333432674408,
        0.0,
        0.0
      ],
      [
        0.3333333432674408,
        0.0,
        0.0
      ],
      [
        0.3333333432674408,
        0.0,
        0.0
      ],
      [
        0.3333333432674408,
        0.0,
        0.0
      ],
      [
        0.3333333432674408,
        0.0,
        0.0
      ],
      [
        0.3333333432674408,
        0.0,
        0.0
      ],
      [
        0.3333333432674408,
        0.0,
        0.0
      ],
      [
        0.3333333432674408,
        0.0,
        0.0
      ],
      [
        0.3333333432674408,
        0.0,
        0.0
      ],
      [
        0.3333333432674408,
        0.0,
        0.0
      ],
      [
        0.3333333432674408,
        0.0,
        0.0
      ],
      [
        0.3333333432674408,
        0.0,
        0.0
      ],
      [
        0.3333333432674408,
        0.0,
        0.0
      ],
      [
        0.3333333432674408,
        0.0,
        0.0
      ],
      [
        0.3333333432674408,
        0.0,
        0.0
      ],
      [
        0.3333333432674408,
        0.0,
        0.0
      ],
      [
        0.3333333432674408,
        0.0,
        0.0
      ],
      [
        0.3333333432674408,
        0.0,
        0.0
      ],
      [
        0.3333333432674408,
        0.0,
        0.0
      ],
      [
        0.3333333432674408,
        0.0,
        0.0
      ],
      [
        0.3333333432674408,
        0.0,
        0.0
      ],
      [
        0.3333333432674408,
        0.0,
        0.0
      ]
    ],
    "Recall": [
      [
        0.3333333432674408,
        0.0,
        0.0
      ],
      [
        0.3333333432674408,
        0.0,
        0.0
      ],
      [
        0.3333333432674408,
        0.0,
        0.0
      ],
      [
        0.3333333432674408,
        0.0,
        0.0
      ],
      [
        0.3333333432674408,
        0.0,
        0.0
      ],
      [
        0.3333333432674408,
        0.0,
        0.0
      ],
      [
        0.3333333432674408,
        0.0,
        0.0
      ],
      [
        0.3333333432674408,
        0.0,
        0.0
      ],
      [
        0.3333333432674408,
        0.0,
        0.0
      ],
      [
        0.3333333432674408,
        0.0,
        0.0
      ],
      [
        0.3333333432674408,
        0.0,
        0.0
      ],
      [
        0.3333333432674408,
        0.0,
        0.0
      ],
      [
        0.3333333432674408,
        0.0,
        0.0
      ],
      [
        0.3333333432674408,
        0.0,
        0.0
      ],
      [
        0.3333333432674408,
        0.0,
        0.0
      ],
      [
        0.3333333432674408,
        0.0,
        0.0
      ],
      [
        0.3333333432674408,
        0.0,
        0.0
      ],
      [
        0.3333333432674408,
        0.0,
        0.0
      ],
      [
        0.3333333432674408,
        0.0,
        0.0
      ],
      [
        0.3333333432674408,
        0.0,
        0.0
      ],
      [
        0.3333333432674408,
        0.0,
        0.0
      ],
      [
        0.3333333432674408,
        0.0,
        0.0
      ],
      [
        0.3333333432674408,
        0.0,
        0.0
      ],
      [
        0.3333333432674408,
        0.0,
        0.0
      ],
      [
        0.3333333432674408,
        0.0,
        0.0
      ],
      [
        0.3333333432674408,
        0.0,
        0.0
      ],
      [
        0.3333333432674408,
        0.0,
        0.0
      ],
      [
        0.3333333432674408,
        0.0,
        0.0
      ],
      [
        0.3333333432674408,
        0.0,
        0.0
      ],
      [
        0.3333333432674408,
        0.0,
        0.0
      ]
    ],