{
  "User": "307",
  "validation_results": {
    "Accuracy": [
      [
        0.6333333253860474,
        0.5600000023841858,
        0.6399999856948853
      ]
    ],
    "Precision": [
      [
        0.2666666805744171,
        0.1599999964237213,
        0.0
      ]
    ],
    "Recall": [
      [
        0.3333333432674408,
        0.4000000059604645,
        0.0
      ]
    ],
    "F1Score": [
      [
        0.29629629850387573,
        0.22857144474983215,
        0.0
      ]
    ],
    "info_prec": [
      0.0,
      0.0,
      0.0,
      0.0,
      0.0,
      0.0,
      0.0,
      0.0,
      0.0,
      0.0,
      0.0,
      0.0,
      0.0,
      0.0,
      0.0,
      0.0,
      0.05,
      0.05,
      0.05,
      0.05,
      0.05,
      0.05,
      0.05,
      0.05,
      0.05,
      0.05,
      0.05,
      0.05,
      0.05,
      0.1
    ],
    "info_rec": [
      0.0,
      0.0,
      0.0,
      0.0,
      0.0,
      0.0,
      0.0,
      0.0,
      0.0,
      0.0,
      0.0,
      0.0,
      0.0,
      0.0,
      0.0,
      0.0,
      0.25,
      0.25,
      0.25,
      0.25,
      0.25,
      0.25,
      0.25,
      0.25,
      0.25,
      0.25,
      0.25,
      0.25,
      0.25,
      0.25
    ],
    "info_f1": [
      0.0,
      0.0,
      0.0,
      0.0,
      0.0,
      0.0,
      0.0,
      0.0,
      0.0,
      0.0,
      0.0,
      0.0,
      0.0,
      0.0,
      0.0,
      0.0,
      0.08333333333333334,
      0.08333333333333334,
      0.08333333333333334,
      0.08333333333333334,
      0.08333333333333334,
      0.08333333333333334,
      0.08333333333333334,
      0.08333333333333334,
      0.08333333333333334,
      0.08333333333333334,
      0.08333333333333334,
      0.08333333333333334,
      0.08333333333333334,
      0.14285714285714288
    ],
    "info_cmae": [
      4.257359981536865,
      4.019071996212006,
      3.782202899456024,
      3.5458441376686096,
      3.3208227157592773,
      3.1181455850601196,
      2.9272574186325073,
      2.742616057395935,
      2.5611836910247803,
      2.3853776454925537,
      2.227541923522949,
      2.0823235511779785,
      1.9446783065795898,
      1.811023235321045,
      1.6791508197784424,
      1.5482842922210693,
      1.4621589183807373,
      1.410383701324463,
      1.3654463291168213,
      1.3247852325439453,
      1.2866058349609375,
      1.2496733665466309,
      1.213200569152832,
      1.176753282546997,
      1.1401041746139526,
      1.1031361818313599,
      1.0657975673675537,
      1.0301748514175415,
      1.0036399364471436,
      1.0
    ],
    "info_mae": [
      4.157359981536866,
      3.9190719962120055,
      3.682202899456024,
      3.4458441376686095,
      3.2208227157592773,
      3.0181455850601195,
      2.8272574186325072,
      2.642616057395935,
      2.46118369102478,
      2.2853776454925536,
      2.127541923522949,
      1.9823235511779784,
      1.8446783065795898,
      1.7110232353210448,
      1.5791508197784423,
      1.4482842922210692,
      1.3545907020568848,
      1.2924604415893555,
      1.2385355949401855,
      1.1897422790527343,
      1.143927001953125,
      1.0996080398559571,
      1.0558406829833984,
      1.0121039390563964,
      0.9681250095367432,
      0.9237634181976319,
      0.8789570808410645,
      0.8362098217010498,
      0.8043679237365723,
      0.8032883644104004
    ]
  }
}