{
  "User": "508",
  "validation_results": {
    "Accuracy": [
      [
        1.0,
        0.0,
        0.0
      ]
    ],
    "Precision": [
      [
        1.0,
        0.0,
        0.0
      ]
    ],
    "Recall": [
      [
        1.0,
        0.0,
        0.0
      ]
    ],
    "F1Score": [
      [
        1.0,
        0.0,
        0.0
      ]
    ],
    "info_prec": [
      0.0,
      0.0,
      0.0,
      0.0,
      0.0,
      0.0,
      0.0,
      0.0,
      0.0,
      0.3333333333333333,
      0.3333333333333333,
      0.3333333333333333,
      0.3333333333333333,
      0.3333333333333333,
      0.3333333333333333,
      0.3333333333333333,
      0.0,
      0.0,
      0.0,
      0.0,
      0.0,
      0.0,
      0.0,
      0.0,
      0.0,
      0.0,
      0.0,
      0.0,
      0.0,
      0.0
    ],
    "info_rec": [
      0.0,
      0.0,
      0.0,
      0.0,
      0.0,
      0.0,
      0.0,
      0.0,
      0.0,
      0.5,
      0.5,
      0.5,
      0.5,
      0.5,
      0.5,
      0.5,
      0.0,
      0.0,
      0.0,
      0.0,
      0.0,
      0.0,
      0.0,
      0.0,
      0.0,
      0.0,
      0.0,
      0.0,
      0.0,
      0.0
    ],
    "info_f1": [
      0.0,
      0.0,
      0.0,
      0.0,
      0.0,
      0.0,
      0.0,
      0.0,
      0.0,
      0.4,
      0.4,
      0.4,
      0.4,
      0.4,
      0.4,
      0.4,
      0.0,
      0.0,
      0.0,
      0.0,
      0.0,
      0.0,
      0.0,
      0.0,
      0.0,
      0.0,
      0.0,
      0.0,
      0.0,
      0.0
    ],
    "info_cmae": [
      3.7573599815368652,
      3.5190719962120056,
      3.282202899456024,
      3.0458441376686096,
      2.8208227157592773,
      2.6181455850601196,
      2.4272574186325073,
      2.242616057395935,
      2.0611836910247803,
      2.0,
      2.0,
      2.0,
      2.0,
      2.0,
      2.0,
      2.0,
      2.0,
      2.0,
      2.0,
      2.0,
      2.0,
      2.0,
      2.0,
      2.0,
      2.0,
      2.0,
      2.0,
      2.0,
      2.0,
      2.0
    ],
    "info_mae": [
      3.0906933148701987,
      2.852405329545339,
      2.6155362327893577,
      2.379177471001943,
      2.154156049092611,
      1.9514789183934529,
      1.7605907519658406,
      1.5759493907292683,
      1.3945170243581135,
      1.3715407848358154,
      1.4241526921590169,
      1.472558816274007,
      1.51844056447347,
      1.562992254892985,
      1.6069497267405193,
      1.6505719025929768,
      1.6918940544128418,
      1.7264108657836914,
      1.7563691139221191,
      1.7834765116373699,
      1.808929443359375,
      1.8335510889689128,
      1.8578662872314453,
      1.882164478302002,
      1.9065972169240315,
      1.93124254544576,
      1.9561349550882976,
      1.9798834323883057,
      1.9975733757019043,
      2.0054806073506675
    ]
  }
}