{
  "User": "145",
  "validation_results": {
    "Accuracy": [
      [
        0.4000000059604645,
        0.6571428775787354,
        0.4571428596973419
      ]
    ],
    "Precision": [
      [
        0.10000000149011612,
        0.2571428716182709,
        0.0
      ]
    ],
    "Recall": [
      [
        0.25,
        0.4285714328289032,
        0.0
      ]
    ],
    "F1Score": [
      [
        0.1428571492433548,
        0.3214285671710968,
        0.0
      ]
    ],
    "info_prec": [
      0.0,
      0.0,
      0.0,
      0.0,
      0.0,
      0.0,
      0.0,
      0.0,
      0.0,
      0.0,
      0.0,
      0.0,
      0.0,
      0.0,
      0.0,
      0.0,
      0.06666666666666667,
      0.06666666666666667,
      0.06666666666666667,
      0.06666666666666667,
      0.06666666666666667,
      0.06666666666666667,
      0.06666666666666667,
      0.06666666666666667,
      0.06666666666666667,
      0.06666666666666667,
      0.06666666666666667,
      0.06666666666666667,
      0.06666666666666667,
      0.19999999999999998
    ],
    "info_rec": [
      0.0,
      0.0,
      0.0,
      0.0,
      0.0,
      0.0,
      0.0,
      0.0,
      0.0,
      0.0,
      0.0,
      0.0,
      0.0,
      0.0,
      0.0,
      0.0,
      0.3333333333333333,
      0.3333333333333333,
      0.3333333333333333,
      0.3333333333333333,
      0.3333333333333333,
      0.3333333333333333,
      0.3333333333333333,
      0.3333333333333333,
      0.3333333333333333,
      0.3333333333333333,
      0.3333333333333333,
      0.3333333333333333,
      0.3333333333333333,
      0.3333333333333333
    ],
    "info_f1": [
      0.0,
      0.0,
      0.0,
      0.0,
      0.0,
      0.0,
      0.0,
      0.0,
      0.0,
      0.0,
      0.0,
      0.0,
      0.0,
      0.0,
      0.0,
      0.0,
      0.11111111111111112,
      0.11111111111111112,
      0.11111111111111112,
      0.11111111111111112,
      0.11111111111111112,
      0.11111111111111112,
      0.11111111111111112,
      0.11111111111111112,
      0.11111111111111112,
      0.11111111111111112,
      0.11111111111111112,
      0.11111111111111112,
      0.11111111111111112,
      0.24999999999999997
    ],
    "info_cmae": [
      3.7573599815368652,
      3.5190719962120056,
      3.282202899456024,
      3.0458441376686096,
      2.8208227157592773,
      2.6181455850601196,
      2.4272574186325073,
      2.242616057395935,
      2.0611836910247803,
      1.8853776454925537,
      1.7275419235229492,
      1.5823235511779785,
      1.4446783065795898,
      1.311023235321045,
      1.1791508197784424,
      1.0482842922210693,
      0.9747726122538248,
      0.9402558008829752,
      0.9102975527445475,
      0.8831901550292969,
      0.8577372233072916,
      0.8331155776977539,
      0.8088003794352213,
      0.7845021883646647,
      0.7600694497426351,
      0.7354241212209066,
      0.7105317115783691,
      0.686783234278361,
      0.6690932909647623,
      0.672147274017334
    ],
    "info_mae": [
      3.7573599815368652,
      3.5190719962120056,
      3.282202899456024,
      3.0458441376686096,
      2.8208227157592773,
      2.6181455850601196,
      2.4272574186325073,
      2.242616057395935,
      2.0611836910247803,
      1.8853776454925537,
      1.7275419235229492,
      1.5823235511779785,
      1.4446783065795898,
      1.311023235321045,
      1.1791508197784424,
      1.0482842922210693,
      0.9545907020568848,
      0.8924604415893554,
      0.8385355949401856,
      0.7897422790527344,
      0.743927001953125,
      0.699608039855957,
      0.6558406829833985,
      0.6121039390563965,
      0.5681250095367432,
      0.5237634181976318,
      0.4789570808410645,
      0.4362098217010498,
      0.40436792373657227,
      0.4098650932312012
    ]
  }
}