{
  "User": "467",
  "validation_results": {
    "Accuracy": [
      [
        0.5555555820465088,
        0.5,
        0.0
      ]
    ],
    "Precision": [
      [
        0.1111111119389534,
        0.0555555559694767,
        0.0
      ]
    ],
    "Recall": [
      [
        0.3333333432674408,
        0.1666666716337204,
        0.0
      ]
    ],
    "F1Score": [
      [
        0.1666666716337204,
        0.0833333358168602,
        0.0
      ]
    ],
    "info_prec": [
      0.0,
      0.0,
      0.0,
      0.0,
      0.1111111111111111,
      0.1111111111111111,
      0.1111111111111111,
      0.1111111111111111,
      0.1111111111111111,
      0.0,
      0.0,
      0.0,
      0.0,
      0.0,
      0.0,
      0.0,
      0.1111111111111111,
      0.1111111111111111,
      0.1111111111111111,
      0.1111111111111111,
      0.1111111111111111,
      0.1111111111111111,
      0.1111111111111111,
      0.1111111111111111,
      0.1111111111111111,
      0.1111111111111111,
      0.1111111111111111,
      0.1111111111111111,
      0.1111111111111111,
      0.0
    ],
    "info_rec": [
      0.0,
      0.0,
      0.0,
      0.0,
      0.3333333333333333,
      0.3333333333333333,
      0.3333333333333333,
      0.3333333333333333,
      0.3333333333333333,
      0.0,
      0.0,
      0.0,
      0.0,
      0.0,
      0.0,
      0.0,
      0.3333333333333333,
      0.3333333333333333,
      0.3333333333333333,
      0.3333333333333333,
      0.3333333333333333,
      0.3333333333333333,
      0.3333333333333333,
      0.3333333333333333,
      0.3333333333333333,
      0.3333333333333333,
      0.3333333333333333,
      0.3333333333333333,
      0.3333333333333333,
      0.0
    ],
    "info_f1": [
      0.0,
      0.0,
      0.0,
      0.0,
      0.16666666666666666,
      0.16666666666666666,
      0.16666666666666666,
      0.16666666666666666,
      0.16666666666666666,
      0.0,
      0.0,
      0.0,
      0.0,
      0.0,
      0.0,
      0.0,
      0.16666666666666666,
      0.16666666666666666,
      0.16666666666666666,
      0.16666666666666666,
      0.16666666666666666,
      0.16666666666666666,
      0.16666666666666666,
      0.16666666666666666,
      0.16666666666666666,
      0.16666666666666666,
      0.16666666666666666,
      0.16666666666666666,
      0.16666666666666666,
      0.0
    ],
    "info_cmae": [
      2.7573599815368652,
      2.5190719962120056,
      2.282202899456024,
      2.0458441376686096,
      1.9402742385864258,
      1.8727151950200398,
      1.8090858062108357,
      1.747538685798645,
      1.6870612303415935,
      1.6284592151641846,
      1.5758473078409831,
      1.527441183725993,
      1.48155943552653,
      1.437007745107015,
      1.3930502732594807,
      1.3494280974070232,
      1.3585607210795085,
      1.3930775324503581,
      1.4230357805887859,
      1.4501431783040364,
      1.4755961100260417,
      1.5002177556355794,
      1.524532953898112,
      1.5488311449686687,
      1.5732638835906982,
      1.5979092121124268,
      1.6228016217549641,
      1.6465500990549724,
      1.664240042368571,
      1.672147274017334
    ],
    "info_mae": [
      2.7573599815368652,
      2.5190719962120056,
      2.282202899456024,
      2.0458441376686096,
      1.9402742385864258,
      1.8727151950200398,
      1.8090858062108357,
      1.747538685798645,
      1.6870612303415935,
      1.6284592151641846,
      1.5758473078409831,
      1.527441183725993,
      1.48155943552653,
      1.437007745107015,
      1.3930502732594807,
      1.3494280974070232,
      1.3585607210795085,
      1.3930775324503581,
      1.4230357805887859,
      1.4501431783040364,
      1.4755961100260417,
      1.5002177556355794,
      1.524532953898112,
      1.5488311449686687,
      1.5732638835906982,
      1.5979092121124268,
      1.6228016217549641,
      1.6465500990549724,
      1.664240042368571,
      1.672147274017334
    ]
  }
}