{
  "User": "399",
  "validation_results": {
    "Accuracy": [
      [
        0.3928571343421936,
        0.625,
        0.375
      ]
    ],
    "Precision": [
      [
        0.0357142873108387,
        0.0,
        0.0
      ]
    ],
    "Recall": [
      [
        0.1428571492433548,
        0.0,
        0.0
      ]
    ],
    "F1Score": [
      [
        0.05714285746216774,
        0.0,
        0.0
      ]
    ],
    "info_prec": [
      0.0,
      0.0,
      0.0,
      0.0,
      0.08333333333333333,
      0.08333333333333333,
      0.08333333333333333,
      0.08333333333333333,
      0.08333333333333333,
      0.0,
      0.0,
      0.0,
      0.0,
      0.0,
      0.0,
      0.0,
      0.0,
      0.0,
      0.0,
      0.0,
      0.0,
      0.0,
      0.0,
      0.0,
      0.0,
      0.0,
      0.0,
      0.0,
      0.0,
      0.08333333333333333
    ],
    "info_rec": [
      0.0,
      0.0,
      0.0,
      0.0,
      0.3333333333333333,
      0.3333333333333333,
      0.3333333333333333,
      0.3333333333333333,
      0.3333333333333333,
      0.0,
      0.0,
      0.0,
      0.0,
      0.0,
      0.0,
      0.0,
      0.0,
      0.0,
      0.0,
      0.0,
      0.0,
      0.0,
      0.0,
      0.0,
      0.0,
      0.0,
      0.0,
      0.0,
      0.0,
      0.3333333333333333
    ],
    "info_f1": [
      0.0,
      0.0,
      0.0,
      0.0,
      0.13333333333333333,
      0.13333333333333333,
      0.13333333333333333,
      0.13333333333333333,
      0.13333333333333333,
      0.0,
      0.0,
      0.0,
      0.0,
      0.0,
      0.0,
      0.0,
      0.0,
      0.0,
      0.0,
      0.0,
      0.0,
      0.0,
      0.0,
      0.0,
      0.0,
      0.0,
      0.0,
      0.0,
      0.0,
      0.13333333333333333
    ],
    "info_cmae": [
      3.4240266482035318,
      3.185738662878672,
      2.9488695661226907,
      2.712510804335276,
      2.6069409052530923,
      2.5393818616867065,
      2.4757524728775024,
      2.4142053524653115,
      2.3537278970082602,
      2.295125881830851,
      2.24251397450765,
      2.1941078503926597,
      2.1482261021931968,
      2.1036744117736816,
      2.0597169399261475,
      2.01609476407369,
      1.974772612253825,
      1.9402558008829753,
      1.9102975527445476,
      1.8831901550292969,
      1.8577372233072917,
      1.833115577697754,
      1.8088003794352214,
      1.7845021883646648,
      1.760069449742635,
      1.7354241212209065,
      1.7105317115783691,
      1.686783234278361,
      1.6690932909647624,
      1.672147274017334
    ],
    "info_mae": [
      4.007359981536865,
      3.7690719962120056,
      3.532202899456024,
      3.2958441376686096,
      3.1604113578796387,
      3.05907279253006,
      2.9636287093162537,
      2.8713080286979675,
      2.78059184551239,
      2.692688822746277,
      2.6137709617614746,
      2.5411617755889893,
      2.472339153289795,
      2.4055116176605225,
      2.339575409889221,
      2.2741421461105347,
      2.2121589183807373,
      2.160383701324463,
      2.1154463291168213,
      2.0747852325439453,
      2.0366058349609375,
      1.9996733665466309,
      1.963200569152832,
      1.926753282546997,
      1.8901041746139526,
      1.8531361818313599,
      1.8157975673675537,
      1.7801748514175415,
      1.7536399364471436,
      1.75
    ]
  }
}