{
  "User": "155",
  "validation_results": {
    "Accuracy": [
      [
        0.75,
        0.46666669845581055,
        0.5333333611488342
      ]
    ],
    "Precision": [
      [
        0.4166666567325592,
        0.13333334028720856,
        0.0
      ]
    ],
    "Recall": [
      [
        0.4166666567325592,
        0.3333333432674408,
        0.0
      ]
    ],
    "F1Score": [
      [
        0.4166666567325592,
        0.190476194024086,
        0.0
      ]
    ],
    "info_prec": [
      0.0,
      0.0,
      0.0,
      0.0,
      0.0,
      0.0,
      0.0,
      0.0,
      0.0,
      0.0,
      0.0,
      0.0,
      0.0,
      0.0,
      0.0,
      0.0,
      0.06666666666666667,
      0.06666666666666667,
      0.06666666666666667,
      0.06666666666666667,
      0.06666666666666667,
      0.06666666666666667,
      0.06666666666666667,
      0.06666666666666667,
      0.06666666666666667,
      0.06666666666666667,
      0.06666666666666667,
      0.06666666666666667,
      0.06666666666666667,
      0.13333333333333333
    ],
    "info_rec": [
      0.0,
      0.0,
      0.0,
      0.0,
      0.0,
      0.0,
      0.0,
      0.0,
      0.0,
      0.0,
      0.0,
      0.0,
      0.0,
      0.0,
      0.0,
      0.0,
      0.3333333333333333,
      0.3333333333333333,
      0.3333333333333333,
      0.3333333333333333,
      0.3333333333333333,
      0.3333333333333333,
      0.3333333333333333,
      0.3333333333333333,
      0.3333333333333333,
      0.3333333333333333,
      0.3333333333333333,
      0.3333333333333333,
      0.3333333333333333,
      0.3333333333333333
    ],
    "info_f1": [
      0.0,
      0.0,
      0.0,
      0.0,
      0.0,
      0.0,
      0.0,
      0.0,
      0.0,
      0.0,
      0.0,
      0.0,
      0.0,
      0.0,
      0.0,
      0.0,
      0.11111111111111112,
      0.11111111111111112,
      0.11111111111111112,
      0.11111111111111112,
      0.11111111111111112,
      0.11111111111111112,
      0.11111111111111112,
      0.11111111111111112,
      0.11111111111111112,
      0.11111111111111112,
      0.11111111111111112,
      0.11111111111111112,
      0.11111111111111112,
      0.1904761904761905
    ],
    "info_cmae": [
      4.090693314870198,
      3.852405329545339,
      3.6155362327893577,
      3.379177471001943,
      3.154156049092611,
      2.951478918393453,
      2.760590751965841,
      2.5759493907292685,
      2.3945170243581138,
      2.218710978825887,
      2.0608752568562827,
      1.9156568845113118,
      1.778011639912923,
      1.6443565686543782,
      1.5124841531117756,
      1.3816176255544026,
      1.3081059455871582,
      1.2735891342163086,
      1.2436308860778809,
      1.2165234883626301,
      1.191070556640625,
      1.1664489110310872,
      1.1421337127685547,
      1.117835521697998,
      1.0934027830759685,
      1.06875745455424,
      1.0438650449117024,
      1.0201165676116943,
      1.0024266242980957,
      1.0054806073506672
    ],
    "info_mae": [
      4.357359981536865,
      4.119071996212005,
      3.8822028994560243,
      3.6458441376686097,
      3.4208227157592774,
      3.2181455850601197,
      3.0272574186325074,
      2.842616057395935,
      2.6611836910247804,
      2.485377645492554,
      2.3275419235229493,
      2.1823235511779786,
      2.04467830657959,
      1.911023235321045,
      1.7791508197784425,
      1.6482842922210694,
      1.5545907020568848,
      1.4924604415893554,
      1.4385355949401855,
      1.3897422790527343,
      1.343927001953125,
      1.299608039855957,
      1.2558406829833983,
      1.2121039390563966,
      1.1681250095367433,
      1.123763418197632,
      1.0789570808410645,
      1.0362098217010498,
      1.0043679237365724,
      1.0032883644104005
    ]
  }
}