{
  "User": "123",
  "validation_results": {
    "Accuracy": [
      [
        0.7857142686843872,
        0.25999999046325684,
        0.6090909242630005
      ]
    ],
    "Precision": [
      [
        0.4571428596973419,
        0.009999999776482582,
        0.0
      ]
    ],
    "Recall": [
      [
        0.5714285969734192,
        0.10000000149011612,
        0.0
      ]
    ],
    "F1Score": [
      [
        0.5079365372657776,
        0.01818181946873665,
        0.0
      ]
    ],
    "info_prec": [
      0.1,
      0.1,
      0.1,
      0.1,
      0.1,
      0.1,
      0.1,
      0.1,
      0.1,
      0.0,
      0.0,
      0.0,
      0.0,
      0.0,
      0.0,
      0.0,
      0.025,
      0.025,
      0.025,
      0.025,
      0.025,
      0.025,
      0.025,
      0.025,
      0.025,
      0.025,
      0.025,
      0.025,
      0.025,
      0.025
    ],
    "info_rec": [
      0.25,
      0.25,
      0.25,
      0.25,
      0.25,
      0.25,
      0.25,
      0.25,
      0.25,
      0.0,
      0.0,
      0.0,
      0.0,
      0.0,
      0.0,
      0.0,
      0.25,
      0.25,
      0.25,
      0.25,
      0.25,
      0.25,
      0.25,
      0.25,
      0.25,
      0.25,
      0.25,
      0.25,
      0.25,
      0.25
    ],
    "info_f1": [
      0.14285714285714288,
      0.14285714285714288,
      0.14285714285714288,
      0.14285714285714288,
      0.14285714285714288,
      0.14285714285714288,
      0.14285714285714288,
      0.14285714285714288,
      0.14285714285714288,
      0.0,
      0.0,
      0.0,
      0.0,
      0.0,
      0.0,
      0.0,
      0.045454545454545456,
      0.045454545454545456,
      0.045454545454545456,
      0.045454545454545456,
      0.045454545454545456,
      0.045454545454545456,
      0.045454545454545456,
      0.045454545454545456,
      0.045454545454545456,
      0.045454545454545456,
      0.045454545454545456,
      0.045454545454545456,
      0.045454545454545456,
      0.045454545454545456
    ],
    "info_cmae": [
      1.8786799907684326,
      1.7595359981060028,
      1.641101449728012,
      1.5229220688343048,
      1.5,
      1.5,
      1.5,
      1.5,
      1.5,
      1.5,
      1.5,
      1.5,
      1.5,
      1.5,
      1.5,
      1.5,
      1.5378410816192627,
      1.589616298675537,
      1.6345536708831787,
      1.6752147674560547,
      1.7133941650390625,
      1.7503266334533691,
      1.786799430847168,
      1.823246717453003,
      1.8598958253860474,
      1.8968638181686401,
      1.9342024326324463,
      1.9698251485824585,
      1.9963600635528564,
      2.016441822052002
    ],
    "info_mae": [
      1.051471996307373,
      1.0038143992424011,
      0.9564405798912048,
      0.909168827533722,
      1.0075063705444336,
      1.1291126489639283,
      1.2436455488204956,
      1.354430365562439,
      1.4632897853851319,
      1.5687734127044677,
      1.6634748458862305,
      1.750605869293213,
      1.833193016052246,
      1.913386058807373,
      1.9925095081329345,
      2.0710294246673584,
      2.1605457305908202,
      2.243386077880859,
      2.315285873413086,
      2.3803436279296877,
      2.4414306640625,
      2.5005226135253906,
      2.558879089355469,
      2.6171947479248048,
      2.675833320617676,
      2.7349821090698243,
      2.794723892211914,
      2.8517202377319335,
      2.8941761016845704,
      2.916441822052002
    ]
  }
}