{
  "User": "158",
  "validation_results": {
    "Accuracy": [
      [
        0.46666669845581055,
        0.6000000238418579,
        0.5600000023841858
      ]
    ],
    "Precision": [
      [
        0.13333334028720856,
        0.36000001430511475,
        0.0
      ]
    ],
    "Recall": [
      [
        0.3333333432674408,
        0.6000000238418579,
        0.0
      ]
    ],
    "F1Score": [
      [
        0.190476194024086,
        0.44999998807907104,
        0.0
      ]
    ],
    "info_prec": [
      0.0,
      0.0,
      0.0,
      0.0,
      0.06666666666666667,
      0.06666666666666667,
      0.06666666666666667,
      0.06666666666666667,
      0.06666666666666667,
      0.13333333333333333,
      0.13333333333333333,
      0.13333333333333333,
      0.13333333333333333,
      0.13333333333333333,
      0.13333333333333333,
      0.13333333333333333,
      0.0,
      0.0,
      0.0,
      0.0,
      0.0,
      0.0,
      0.0,
      0.0,
      0.0,
      0.0,
      0.0,
      0.0,
      0.0,
      0.0
    ],
    "info_rec": [
      0.0,
      0.0,
      0.0,
      0.0,
      0.3333333333333333,
      0.3333333333333333,
      0.3333333333333333,
      0.3333333333333333,
      0.3333333333333333,
      0.3333333333333333,
      0.3333333333333333,
      0.3333333333333333,
      0.3333333333333333,
      0.3333333333333333,
      0.3333333333333333,
      0.3333333333333333,
      0.0,
      0.0,
      0.0,
      0.0,
      0.0,
      0.0,
      0.0,
      0.0,
      0.0,
      0.0,
      0.0,
      0.0,
      0.0,
      0.0
    ],
    "info_f1": [
      0.0,
      0.0,
      0.0,
      0.0,
      0.11111111111111112,
      0.11111111111111112,
      0.11111111111111112,
      0.11111111111111112,
      0.11111111111111112,
      0.1904761904761905,
      0.1904761904761905,
      0.1904761904761905,
      0.1904761904761905,
      0.1904761904761905,
      0.1904761904761905,
      0.1904761904761905,
      0.0,
      0.0,
      0.0,
      0.0,
      0.0,
      0.0,
      0.0,
      0.0,
      0.0,
      0.0,
      0.0,
      0.0,
      0.0,
      0.0
    ],
    "info_cmae": [
      2.4240266482035318,
      2.185738662878672,
      1.948869566122691,
      1.7125108043352764,
      1.6069409052530925,
      1.5393818616867065,
      1.4757524728775024,
      1.4142053524653118,
      1.35372789700826,
      1.3715407848358154,
      1.4241526921590169,
      1.472558816274007,
      1.51844056447347,
      1.562992254892985,
      1.6069497267405193,
      1.6505719025929768,
      1.6918940544128418,
      1.7264108657836914,
      1.7563691139221191,
      1.7834765116373699,
      1.808929443359375,
      1.8335510889689128,
      1.8578662872314453,
      1.882164478302002,
      1.9065972169240315,
      1.93124254544576,
      1.9561349550882976,
      1.9798834323883057,
      1.9975733757019043,
      2.0054806073506675
    ],
    "info_mae": [
      2.7573599815368652,
      2.5190719962120056,
      2.282202899456024,
      2.0458441376686096,
      1.8924936294555663,
      1.7708873510360719,
      1.6563544511795043,
      1.5455696344375611,
      1.4367102146148683,
      1.4229244709014892,
      1.4544916152954102,
      1.4835352897644043,
      1.511064338684082,
      1.537795352935791,
      1.5641698360443115,
      1.590343141555786,
      1.6151364326477051,
      1.6358465194702148,
      1.6538214683532715,
      1.6700859069824219,
      1.685357666015625,
      1.7001306533813476,
      1.7147197723388672,
      1.7292986869812013,
      1.743958330154419,
      1.7587455272674561,
      1.7736809730529786,
      1.7879300594329834,
      1.7985440254211427,
      1.8032883644104003
    ]
  }
}