{
  "User": "77",
  "validation_results": {
    "Accuracy": [
      [
        0.375,
        0.6530612707138062,
        0.2448979616165161
      ]
    ],
    "Precision": [
      [
        0.01785714365541935,
        0.3265306353569031,
        0.0
      ]
    ],
    "Recall": [
      [
        0.125,
        0.5714285969734192,
        0.0
      ]
    ],
    "F1Score": [
      [
        0.03125,
        0.41558441519737244,
        0.0
      ]
    ],
    "info_prec": [
      0.0,
      0.0,
      0.0,
      0.0,
      0.0,
      0.0,
      0.0,
      0.0,
      0.0,
      0.0,
      0.0,
      0.0,
      0.0,
      0.0,
      0.0,
      0.0,
      0.0,
      0.0,
      0.0,
      0.0,
      0.0,
      0.0,
      0.0,
      0.0,
      0.0,
      0.0,
      0.0,
      0.0,
      0.0,
      0.2380952380952381
    ],
    "info_rec": [
      0.0,
      0.0,
      0.0,
      0.0,
      0.0,
      0.0,
      0.0,
      0.0,
      0.0,
      0.0,
      0.0,
      0.0,
      0.0,
      0.0,
      0.0,
      0.0,
      0.0,
      0.0,
      0.0,
      0.0,
      0.0,
      0.0,
      0.0,
      0.0,
      0.0,
      0.0,
      0.0,
      0.0,
      0.0,
      0.3333333333333333
    ],
    "info_f1": [
      0.0,
      0.0,
      0.0,
      0.0,
      0.0,
      0.0,
      0.0,
      0.0,
      0.0,
      0.0,
      0.0,
      0.0,
      0.0,
      0.0,
      0.0,
      0.0,
      0.0,
      0.0,
      0.0,
      0.0,
      0.0,
      0.0,
      0.0,
      0.0,
      0.0,
      0.0,
      0.0,
      0.0,
      0.0,
      0.27777777777777773
    ],
    "info_cmae": [
      4.757359981536865,
      4.519071996212006,
      4.282202899456024,
      4.04584413766861,
      3.8208227157592773,
      3.6181455850601196,
      3.4272574186325073,
      3.242616057395935,
      3.0611836910247803,
      2.8853776454925537,
      2.727541923522949,
      2.5823235511779785,
      2.44467830657959,
      2.311023235321045,
      2.1791508197784424,
      2.0482842922210693,
      1.9243178367614746,
      1.8207674026489258,
      1.7308926582336426,
      1.6495704650878906,
      1.573211669921875,
      1.4993467330932617,
      1.426401138305664,
      1.3535065650939941,
      1.2802083492279053,
      1.2062723636627197,
      1.1315951347351074,
      1.060349702835083,
      1.007279872894287,
      0.9945193926493326
    ],
    "info_mae": [
      4.185931410108294,
      3.947643424783434,
      3.7107743280274526,
      3.474415566240038,
      3.2493941443307057,
      3.046717013631548,
      2.8558288472039357,
      2.6711874859673634,
      2.4897551195962087,
      2.313949074063982,
      2.1561133520943776,
      2.010894979749407,
      1.8732497351510184,
      1.7395946638924735,
      1.607722248349871,
      1.476855720792498,
      1.3528892653329032,
      1.2493388312203544,
      1.1594640868050712,
      1.0781418936593192,
      1.0017830984933036,
      0.9279181616646903,
      0.8549725668770927,
      0.7820779936654227,
      0.7087797777993339,
      0.6348437922341483,
      0.560166563306536,
      0.48892113140651156,
      0.43585130146571566,
      0.43561792373657227
    ]
  }
}