{
  "User": "369",
  "validation_results": {
    "Accuracy": [
      [
        0.3400000035762787,
        0.54666668176651,
        0.40000003576278687
      ]
    ],
    "Precision": [
      [
        0.019999999552965164,
        0.3333333432674408,
        0.0
      ]
    ],
    "Recall": [
      [
        0.10000000149011612,
        0.3333333432674408,
        0.0
      ]
    ],
    "F1Score": [
      [
        0.03333333507180214,
        0.3333333432674408,
        0.0
      ]
    ],
    "info_prec": [
      0.0,
      0.0,
      0.0,
      0.0,
      0.0,
      0.0,
      0.0,
      0.0,
      0.0,
      0.0,
      0.0,
      0.0,
      0.0,
      0.0,
      0.0,
      0.0,
      0.0,
      0.0,
      0.0,
      0.0,
      0.0,
      0.0,
      0.0,
      0.0,
      0.0,
      0.0,
      0.0,
      0.0,
      0.0,
      0.3
    ],
    "info_rec": [
      0.0,
      0.0,
      0.0,
      0.0,
      0.0,
      0.0,
      0.0,
      0.0,
      0.0,
      0.0,
      0.0,
      0.0,
      0.0,
      0.0,
      0.0,
      0.0,
      0.0,
      0.0,
      0.0,
      0.0,
      0.0,
      0.0,
      0.0,
      0.0,
      0.0,
      0.0,
      0.0,
      0.0,
      0.0,
      0.5
    ],
    "info_f1": [
      0.0,
      0.0,
      0.0,
      0.0,
      0.0,
      0.0,
      0.0,
      0.0,
      0.0,
      0.0,
      0.0,
      0.0,
      0.0,
      0.0,
      0.0,
      0.0,
      0.0,
      0.0,
      0.0,
      0.0,
      0.0,
      0.0,
      0.0,
      0.0,
      0.0,
      0.0,
      0.0,
      0.0,
      0.0,
      0.37499999999999994
    ],
    "info_cmae": [
      4.257359981536865,
      4.019071996212006,
      3.782202899456024,
      3.5458441376686096,
      3.3208227157592773,
      3.1181455850601196,
      2.9272574186325073,
      2.742616057395935,
      2.5611836910247803,
      2.3853776454925537,
      2.227541923522949,
      2.0823235511779785,
      1.9446783065795898,
      1.811023235321045,
      1.6791508197784424,
      1.5482842922210693,
      1.4243178367614746,
      1.3207674026489258,
      1.2308926582336426,
      1.1495704650878906,
      1.073211669921875,
      0.9993467330932617,
      0.9264011383056641,
      0.8535065650939941,
      0.7802083492279053,
      0.7062723636627197,
      0.6315951347351074,
      0.560349702835083,
      0.5072798728942871,
      0.5
    ],
    "info_mae": [
      4.157359981536866,
      3.9190719962120055,
      3.682202899456024,
      3.4458441376686095,
      3.2208227157592773,
      3.0181455850601195,
      2.8272574186325072,
      2.642616057395935,
      2.46118369102478,
      2.2853776454925536,
      2.127541923522949,
      1.9823235511779784,
      1.8446783065795898,
      1.7110232353210448,
      1.5791508197784423,
      1.4482842922210692,
      1.3243178367614745,
      1.2207674026489257,
      1.1308926582336425,
      1.0495704650878905,
      0.973211669921875,
      0.8993467330932617,
      0.8264011383056641,
      0.7535065650939942,
      0.6802083492279053,
      0.6062723636627197,
      0.5315951347351074,
      0.46034970283508303,
      0.40727987289428713,
      0.4032883644104004
    ]
  }
}