{
  "User": "256",
  "validation_results": {
    "Accuracy": [
      [
        0.9821428656578064,
        0.0,
        0.0
      ]
    ],
    "Precision": [
      [
        0.875,
        0.0,
        0.0
      ]
    ],
    "Recall": [
      [
        0.875,
        0.0,
        0.0
      ]
    ],
    "F1Score": [
      [
        0.875,
        0.0,
        0.0
      ]
    ],
    "info_prec": [
      0.0,
      0.0,
      0.0,
      0.0,
      0.0,
      0.0,
      0.0,
      0.0,
      0.0,
      0.35714285714285715,
      0.35714285714285715,
      0.35714285714285715,
      0.35714285714285715,
      0.35714285714285715,
      0.35714285714285715,
      0.35714285714285715,
      0.14285714285714285,
      0.14285714285714285,
      0.14285714285714285,
      0.14285714285714285,
      0.14285714285714285,
      0.14285714285714285,
      0.14285714285714285,
      0.14285714285714285,
      0.14285714285714285,
      0.14285714285714285,
      0.14285714285714285,
      0.14285714285714285,
      0.14285714285714285,
      0.0
    ],
    "info_rec": [
      0.0,
      0.0,
      0.0,
      0.0,
      0.0,
      0.0,
      0.0,
      0.0,
      0.0,
      0.5,
      0.5,
      0.5,
      0.5,
      0.5,
      0.5,
      0.5,
      0.5,
      0.5,
      0.5,
      0.5,
      0.5,
      0.5,
      0.5,
      0.5,
      0.5,
      0.5,
      0.5,
      0.5,
      0.5,
      0.0
    ],
    "info_f1": [
      0.0,
      0.0,
      0.0,
      0.0,
      0.0,
      0.0,
      0.0,
      0.0,
      0.0,
      0.41666666666666663,
      0.41666666666666663,
      0.41666666666666663,
      0.41666666666666663,
      0.41666666666666663,
      0.41666666666666663,
      0.41666666666666663,
      0.22222222222222224,
      0.22222222222222224,
      0.22222222222222224,
      0.22222222222222224,
      0.22222222222222224,
      0.22222222222222224,
      0.22222222222222224,
      0.22222222222222224,
      0.22222222222222224,
      0.22222222222222224,
      0.22222222222222224,
      0.22222222222222224,
      0.22222222222222224,
      0.0
    ],
    "info_cmae": [
      2.2573599815368652,
      2.0190719962120056,
      1.7822028994560242,
      1.5458441376686096,
      1.3208227157592773,
      1.1181455850601196,
      0.9272574186325073,
      0.7426160573959351,
      0.5611836910247803,
      0.5,
      0.5,
      0.5,
      0.5,
      0.5,
      0.5,
      0.5,
      0.5756821632385254,
      0.6792325973510742,
      0.7691073417663574,
      0.8504295349121094,
      0.926788330078125,
      1.0006532669067383,
      1.073598861694336,
      1.1464934349060059,
      1.2197916507720947,
      1.2937276363372803,
      1.3684048652648926,
      1.439650297164917,
      1.492720127105713,
      1.516441822052002
    ],
    "info_mae": [
      2.043074267251151,
      1.8047862819262914,
      1.56791718517031,
      1.3315584233828954,
      1.1065370014735632,
      0.9038598707744053,
      0.712971704346793,
      0.5283303431102208,
      0.34689797673906597,
      0.3348381519317627,
      0.4024820327758789,
      0.4647184780665806,
      0.5237092971801758,
      0.5809900420052665,
      0.6375067915235247,
      0.6935924461909703,
      0.7899678775242397,
      0.8935183116367885,
      0.9833930560520717,
      1.0647152491978236,
      1.1410740443638392,
      1.2149389811924525,
      1.2878845759800501,
      1.36077914919172,
      1.434077365057809,
      1.5080133506229945,
      1.5826905795506068,
      1.6539360114506312,
      1.707005841391427,
      1.7307275363377161
    ]
  }
}