{
  "User": "227",
  "validation_results": {
    "Accuracy": [
      [
        0.6399999856948853,
        0.485714316368103,
        0.6399999856948853
      ]
    ],
    "Precision": [
      [
        0.1599999964237213,
        0.02857142873108387,
        0.0
      ]
    ],
    "Recall": [
      [
        0.4000000059604645,
        0.1428571492433548,
        0.0
      ]
    ],
    "F1Score": [
      [
        0.22857144474983215,
        0.0476190485060215,
        0.0
      ]
    ],
    "info_prec": [
      0.0,
      0.0,
      0.0,
      0.0,
      0.19999999999999998,
      0.19999999999999998,
      0.19999999999999998,
      0.19999999999999998,
      0.19999999999999998,
      0.0,
      0.0,
      0.0,
      0.0,
      0.0,
      0.0,
      0.0,
      0.06666666666666667,
      0.06666666666666667,
      0.06666666666666667,
      0.06666666666666667,
      0.06666666666666667,
      0.06666666666666667,
      0.06666666666666667,
      0.06666666666666667,
      0.06666666666666667,
      0.06666666666666667,
      0.06666666666666667,
      0.06666666666666667,
      0.06666666666666667,
      0.0
    ],
    "info_rec": [
      0.0,
      0.0,
      0.0,
      0.0,
      0.3333333333333333,
      0.3333333333333333,
      0.3333333333333333,
      0.3333333333333333,
      0.3333333333333333,
      0.0,
      0.0,
      0.0,
      0.0,
      0.0,
      0.0,
      0.0,
      0.3333333333333333,
      0.3333333333333333,
      0.3333333333333333,
      0.3333333333333333,
      0.3333333333333333,
      0.3333333333333333,
      0.3333333333333333,
      0.3333333333333333,
      0.3333333333333333,
      0.3333333333333333,
      0.3333333333333333,
      0.3333333333333333,
      0.3333333333333333,
      0.0
    ],
    "info_f1": [
      0.0,
      0.0,
      0.0,
      0.0,
      0.24999999999999997,
      0.24999999999999997,
      0.24999999999999997,
      0.24999999999999997,
      0.24999999999999997,
      0.0,
      0.0,
      0.0,
      0.0,
      0.0,
      0.0,
      0.0,
      0.11111111111111112,
      0.11111111111111112,
      0.11111111111111112,
      0.11111111111111112,
      0.11111111111111112,
      0.11111111111111112,
      0.11111111111111112,
      0.11111111111111112,
      0.11111111111111112,
      0.11111111111111112,
      0.11111111111111112,
      0.11111111111111112,
      0.11111111111111112,
      0.0
    ],
    "info_cmae": [
      3.0906933148701987,
      2.852405329545339,
      2.6155362327893577,
      2.379177471001943,
      2.2736075719197593,
      2.206048528353373,
      2.142419139544169,
      2.0808720191319785,
      2.0203945636749268,
      1.9617925484975178,
      1.9091806411743164,
      1.8607745170593262,
      1.8148927688598633,
      1.7703410784403484,
      1.7263836065928142,
      1.6827614307403564,
      1.6918940544128418,
      1.7264108657836914,
      1.7563691139221191,
      1.7834765116373699,
      1.808929443359375,
      1.8335510889689128,
      1.8578662872314453,
      1.882164478302002,
      1.9065972169240315,
      1.93124254544576,
      1.9561349550882976,
      1.9798834323883057,
      1.9975733757019043,
      2.0054806073506675
    ],
    "info_mae": [
      2.157359981536865,
      1.9190719962120055,
      1.682202899456024,
      1.4458441376686095,
      1.4358354568481446,
      1.476370882987976,
      1.5145485162734986,
      1.551476788520813,
      1.587763261795044,
      1.6229244709014892,
      1.6544916152954101,
      1.6835352897644043,
      1.711064338684082,
      1.737795352935791,
      1.7641698360443114,
      1.7903431415557862,
      1.8454092979431151,
      1.9075395584106445,
      1.9614644050598145,
      2.0102577209472656,
      2.056072998046875,
      2.100391960144043,
      2.1441593170166016,
      2.1878960609436033,
      2.2318749904632567,
      2.276236581802368,
      2.3210429191589355,
      2.36379017829895,
      2.3956320762634276,
      2.4098650932312013
    ]
  }
}