{
  "User": "35",
  "validation_results": {
    "Accuracy": [
      [
        0.30000001192092896,
        0.8222222328186035,
        0.0
      ]
    ],
    "Precision": [
      [
        0.12857143580913544,
        0.5555555820465088,
        0.0
      ]
    ],
    "Recall": [
      [
        0.2142857164144516,
        0.5555555820465088,
        0.0
      ]
    ],
    "F1Score": [
      [
        0.1607142835855484,
        0.5555555820465088,
        0.0
      ]
    ],
    "info_prec": [
      0.06666666666666667,
      0.06666666666666667,
      0.06666666666666667,
      0.06666666666666667,
      0.13333333333333333,
      0.13333333333333333,
      0.13333333333333333,
      0.13333333333333333,
      0.13333333333333333,
      0.0,
      0.0,
      0.0,
      0.0,
      0.0,
      0.0,
      0.0,
      0.13333333333333333,
      0.13333333333333333,
      0.13333333333333333,
      0.13333333333333333,
      0.13333333333333333,
      0.13333333333333333,
      0.13333333333333333,
      0.13333333333333333,
      0.13333333333333333,
      0.13333333333333333,
      0.13333333333333333,
      0.13333333333333333,
      0.13333333333333333,
      0.0
    ],
    "info_rec": [
      0.3333333333333333,
      0.3333333333333333,
      0.3333333333333333,
      0.3333333333333333,
      0.3333333333333333,
      0.3333333333333333,
      0.3333333333333333,
      0.3333333333333333,
      0.3333333333333333,
      0.0,
      0.0,
      0.0,
      0.0,
      0.0,
      0.0,
      0.0,
      0.3333333333333333,
      0.3333333333333333,
      0.3333333333333333,
      0.3333333333333333,
      0.3333333333333333,
      0.3333333333333333,
      0.3333333333333333,
      0.3333333333333333,
      0.3333333333333333,
      0.3333333333333333,
      0.3333333333333333,
      0.3333333333333333,
      0.3333333333333333,
      0.0
    ],
    "info_f1": [
      0.11111111111111112,
      0.11111111111111112,
      0.11111111111111112,
      0.11111111111111112,
      0.1904761904761905,
      0.1904761904761905,
      0.1904761904761905,
      0.1904761904761905,
      0.1904761904761905,
      0.0,
      0.0,
      0.0,
      0.0,
      0.0,
      0.0,
      0.0,
      0.1904761904761905,
      0.1904761904761905,
      0.1904761904761905,
      0.1904761904761905,
      0.1904761904761905,
      0.1904761904761905,
      0.1904761904761905,
      0.1904761904761905,
      0.1904761904761905,
      0.1904761904761905,
      0.1904761904761905,
      0.1904761904761905,
      0.1904761904761905,
      0.0
    ],
    "info_cmae": [
      1.252453327178955,
      1.1730239987373352,
      1.094067633152008,
      1.0152813792228699,
      1.0597257614135742,
      1.1272848049799602,
      1.1909141937891643,
      1.252461314201355,
      1.3129387696584065,
      1.3715407848358154,
      1.4241526921590169,
      1.472558816274007,
      1.51844056447347,
      1.562992254892985,
      1.6069497267405193,
      1.6505719025929768,
      1.7423488299051921,
      1.845899264017741,
      1.9357740084330242,
      2.017096201578776,
      2.0934549967447915,
      2.167319933573405,
      2.2402655283610025,
      2.3131601015726724,
      2.3864583174387612,
      2.460394303003947,
      2.535071531931559,
      2.6063169638315835,
      2.6593867937723794,
      2.6831084887186685
    ],
    "info_mae": [
      1.454415988922119,
      1.3114431977272034,
      1.1693217396736144,
      1.0275064826011657,
      1.0358354568481445,
      1.0763708829879761,
      1.1145485162734985,
      1.151476788520813,
      1.187763261795044,
      1.2229244709014893,
      1.2544916152954102,
      1.2835352897644043,
      1.3110643386840821,
      1.337795352935791,
      1.3641698360443115,
      1.390343141555786,
      1.4756821632385253,
      1.5792325973510741,
      1.6691073417663573,
      1.7504295349121093,
      1.826788330078125,
      1.9006532669067382,
      1.9735988616943358,
      2.0464934349060058,
      2.1197916507720946,
      2.19372763633728,
      2.2684048652648925,
      2.339650297164917,
      2.392720127105713,
      2.416441822052002
    ]
  }
}