{
  "User": "154",
  "validation_results": {
    "Accuracy": [
      [
        0.5555555820465088,
        0.6666666865348816,
        0.4444444477558136
      ]
    ],
    "Precision": [
      [
        0.2222222238779068,
        0.4444444477558136,
        0.0
      ]
    ],
    "Recall": [
      [
        0.3333333432674408,
        0.6666666865348816,
        0.0
      ]
    ],
    "F1Score": [
      [
        0.2666666805744171,
        0.5333333611488342,
        0.0
      ]
    ],
    "info_prec": [
      0.0,
      0.0,
      0.0,
      0.0,
      0.16666666666666666,
      0.16666666666666666,
      0.16666666666666666,
      0.16666666666666666,
      0.16666666666666666,
      0.0,
      0.0,
      0.0,
      0.0,
      0.0,
      0.0,
      0.0,
      0.0,
      0.0,
      0.0,
      0.0,
      0.0,
      0.0,
      0.0,
      0.0,
      0.0,
      0.0,
      0.0,
      0.0,
      0.0,
      0.0
    ],
    "info_rec": [
      0.0,
      0.0,
      0.0,
      0.0,
      0.5,
      0.5,
      0.5,
      0.5,
      0.5,
      0.0,
      0.0,
      0.0,
      0.0,
      0.0,
      0.0,
      0.0,
      0.0,
      0.0,
      0.0,
      0.0,
      0.0,
      0.0,
      0.0,
      0.0,
      0.0,
      0.0,
      0.0,
      0.0,
      0.0,
      0.0
    ],
    "info_f1": [
      0.0,
      0.0,
      0.0,
      0.0,
      0.25,
      0.25,
      0.25,
      0.25,
      0.25,
      0.0,
      0.0,
      0.0,
      0.0,
      0.0,
      0.0,
      0.0,
      0.0,
      0.0,
      0.0,
      0.0,
      0.0,
      0.0,
      0.0,
      0.0,
      0.0,
      0.0,
      0.0,
      0.0,
      0.0,
      0.0
    ],
    "info_cmae": [
      2.7573599815368652,
      2.5190719962120056,
      2.282202899456024,
      2.0458441376686096,
      2.0,
      2.0,
      2.0,
      2.0,
      2.0,
      2.0,
      2.0,
      2.0,
      2.0,
      2.0,
      2.0,
      2.0,
      2.0,
      2.0,
      2.0,
      2.0,
      2.0,
      2.0,
      2.0,
      2.0,
      2.0,
      2.0,
      2.0,
      2.0,
      2.0,
      2.0
    ],
    "info_mae": [
      3.4240266482035318,
      3.185738662878672,
      2.9488695661226907,
      2.712510804335276,
      2.6069409052530923,
      2.5393818616867065,
      2.4757524728775024,
      2.4142053524653115,
      2.3537278970082602,
      2.295125881830851,
      2.24251397450765,
      2.1941078503926597,
      2.1482261021931968,
      2.1036744117736816,
      2.0597169399261475,
      2.01609476407369,
      1.974772612253825,
      1.9402558008829753,
      1.9102975527445476,
      1.8831901550292969,
      1.8577372233072917,
      1.833115577697754,
      1.8088003794352214,
      1.7845021883646648,
      1.760069449742635,
      1.7354241212209065,
      1.7105317115783691,
      1.686783234278361,
      1.6690932909647624,
      1.6611860593159993
    ]
  }
}