{
  "User": "25",
  "validation_results": {
    "Accuracy": [
      [
        0.4399999976158142,
        0.6326531171798706,
        0.6938775777816772
      ]
    ],
    "Precision": [
      [
        0.2800000011920929,
        0.18367347121238708,
        0.0
      ]
    ],
    "Recall": [
      [
        0.2800000011920929,
        0.4285714328289032,
        0.0
      ]
    ],
    "F1Score": [
      [
        0.2800000011920929,
        0.2571428716182709,
        0.0
      ]
    ],
    "info_prec": [
      0.0,
      0.0,
      0.0,
      0.0,
      0.0,
      0.0,
      0.0,
      0.0,
      0.0,
      0.0,
      0.0,
      0.0,
      0.0,
      0.0,
      0.0,
      0.0,
      0.0,
      0.0,
      0.0,
      0.0,
      0.0,
      0.0,
      0.0,
      0.0,
      0.0,
      0.0,
      0.0,
      0.0,
      0.0,
      0.047619047619047616
    ],
    "info_rec": [
      0.0,
      0.0,
      0.0,
      0.0,
      0.0,
      0.0,
      0.0,
      0.0,
      0.0,
      0.0,
      0.0,
      0.0,
      0.0,
      0.0,
      0.0,
      0.0,
      0.0,
      0.0,
      0.0,
      0.0,
      0.0,
      0.0,
      0.0,
      0.0,
      0.0,
      0.0,
      0.0,
      0.0,
      0.0,
      0.3333333333333333
    ],
    "info_f1": [
      0.0,
      0.0,
      0.0,
      0.0,
      0.0,
      0.0,
      0.0,
      0.0,
      0.0,
      0.0,
      0.0,
      0.0,
      0.0,
      0.0,
      0.0,
      0.0,
      0.0,
      0.0,
      0.0,
      0.0,
      0.0,
      0.0,
      0.0,
      0.0,
      0.0,
      0.0,
      0.0,
      0.0,
      0.0,
      0.08333333333333333
    ],
    "info_cmae": [
      4.757359981536865,
      4.519071996212006,
      4.282202899456024,
      4.04584413766861,
      3.8208227157592773,
      3.6181455850601196,
      3.4272574186325073,
      3.242616057395935,
      3.0611836910247803,
      2.8853776454925537,
      2.727541923522949,
      2.5823235511779785,
      2.44467830657959,
      2.311023235321045,
      2.1791508197784424,
      2.0482842922210693,
      1.9243178367614746,
      1.8207674026489258,
      1.7308926582336426,
      1.6495704650878906,
      1.573211669921875,
      1.4993467330932617,
      1.426401138305664,
      1.3535065650939941,
      1.2802083492279053,
      1.2062723636627197,
      1.1315951347351074,
      1.060349702835083,
      1.007279872894287,
      0.9945193926493326
    ],
    "info_mae": [
      4.9002171243940085,
      4.661929139069149,
      4.425060042313167,
      4.188701280525753,
      3.96367985861642,
      3.7610027279172624,
      3.57011456148965,
      3.385473200253078,
      3.204040833881923,
      3.0282347883496965,
      2.870399066380092,
      2.7251806940351213,
      2.5875354494367326,
      2.4538803781781877,
      2.322007962635585,
      2.191141435078212,
      2.0671749796186174,
      1.9636245455060686,
      1.8737498010907854,
      1.7924276079450334,
      1.7160688127790178,
      1.6422038759504045,
      1.5692582811628069,
      1.496363707951137,
      1.423065492085048,
      1.3491295065198625,
      1.2744522775922502,
      1.2032068456922258,
      1.15013701575143,
      1.13111298424857
    ]
  }
}