{
  "User": "232",
  "validation_results": {
    "Accuracy": [
      [
        0.4821428656578064,
        0.6530612707138062,
        0.5714285969734192
      ]
    ],
    "Precision": [
      [
        0.1607142835855484,
        0.3265306353569031,
        0.0
      ]
    ],
    "Recall": [
      [
        0.375,
        0.5714285969734192,
        0.0
      ]
    ],
    "F1Score": [
      [
        0.22500000894069672,
        0.41558441519737244,
        0.0
      ]
    ],
    "info_prec": [
      0.0,
      0.0,
      0.0,
      0.0,
      0.0,
      0.0,
      0.0,
      0.0,
      0.0,
      0.0,
      0.0,
      0.0,
      0.0,
      0.0,
      0.0,
      0.0,
      0.03571428571428571,
      0.03571428571428571,
      0.03571428571428571,
      0.03571428571428571,
      0.03571428571428571,
      0.03571428571428571,
      0.03571428571428571,
      0.03571428571428571,
      0.03571428571428571,
      0.03571428571428571,
      0.03571428571428571,
      0.03571428571428571,
      0.03571428571428571,
      0.10714285714285714
    ],
    "info_rec": [
      0.0,
      0.0,
      0.0,
      0.0,
      0.0,
      0.0,
      0.0,
      0.0,
      0.0,
      0.0,
      0.0,
      0.0,
      0.0,
      0.0,
      0.0,
      0.0,
      0.25,
      0.25,
      0.25,
      0.25,
      0.25,
      0.25,
      0.25,
      0.25,
      0.25,
      0.25,
      0.25,
      0.25,
      0.25,
      0.25
    ],
    "info_f1": [
      0.0,
      0.0,
      0.0,
      0.0,
      0.0,
      0.0,
      0.0,
      0.0,
      0.0,
      0.0,
      0.0,
      0.0,
      0.0,
      0.0,
      0.0,
      0.0,
      0.0625,
      0.0625,
      0.0625,
      0.0625,
      0.0625,
      0.0625,
      0.0625,
      0.0625,
      0.0625,
      0.0625,
      0.0625,
      0.0625,
      0.0625,
      0.15
    ],
    "info_cmae": [
      4.257359981536865,
      4.019071996212006,
      3.782202899456024,
      3.5458441376686096,
      3.3208227157592773,
      3.1181455850601196,
      2.9272574186325073,
      2.742616057395935,
      2.5611836910247803,
      2.3853776454925537,
      2.227541923522949,
      2.0823235511779785,
      1.9446783065795898,
      1.811023235321045,
      1.6791508197784424,
      1.5482842922210693,
      1.4621589183807373,
      1.410383701324463,
      1.3654463291168213,
      1.3247852325439453,
      1.2866058349609375,
      1.2496733665466309,
      1.213200569152832,
      1.176753282546997,
      1.1401041746139526,
      1.1031361818313599,
      1.0657975673675537,
      1.0301748514175415,
      1.0036399364471436,
      1.0
    ],
    "info_mae": [
      4.185931410108294,
      3.947643424783434,
      3.7107743280274526,
      3.474415566240038,
      3.2493941443307057,
      3.046717013631548,
      2.8558288472039357,
      2.6711874859673634,
      2.4897551195962087,
      2.313949074063982,
      2.1561133520943776,
      2.010894979749407,
      1.8732497351510184,
      1.7395946638924735,
      1.607722248349871,
      1.476855720792498,
      1.3745127405439104,
      1.3005481447492326,
      1.2363518987383162,
      1.1782646179199219,
      1.1237226213727678,
      1.0709619522094727,
      1.0188579559326172,
      0.9667904036385673,
      0.9144345351627895,
      0.8616231169019427,
      0.8082822390965053,
      0.7573926448822021,
      0.7194856234959194,
      0.7166345460074288
    ]
  }
}