{
  "User": "423",
  "validation_results": {
    "Accuracy": [
      [
        0.46666669845581055,
        0.5555555820465088,
        0.5
      ]
    ],
    "Precision": [
      [
        0.06666667014360428,
        0.2222222238779068,
        0.0
      ]
    ],
    "Recall": [
      [
        0.20000000298023224,
        0.3333333432674408,
        0.0
      ]
    ],
    "F1Score": [
      [
        0.10000000149011612,
        0.2666666805744171,
        0.0
      ]
    ],
    "info_prec": [
      0.0,
      0.0,
      0.0,
      0.0,
      0.0,
      0.0,
      0.0,
      0.0,
      0.0,
      0.1111111111111111,
      0.1111111111111111,
      0.1111111111111111,
      0.1111111111111111,
      0.1111111111111111,
      0.1111111111111111,
      0.1111111111111111,
      0.1111111111111111,
      0.1111111111111111,
      0.1111111111111111,
      0.1111111111111111,
      0.1111111111111111,
      0.1111111111111111,
      0.1111111111111111,
      0.1111111111111111,
      0.1111111111111111,
      0.1111111111111111,
      0.1111111111111111,
      0.1111111111111111,
      0.1111111111111111,
      0.0
    ],
    "info_rec": [
      0.0,
      0.0,
      0.0,
      0.0,
      0.0,
      0.0,
      0.0,
      0.0,
      0.0,
      0.3333333333333333,
      0.3333333333333333,
      0.3333333333333333,
      0.3333333333333333,
      0.3333333333333333,
      0.3333333333333333,
      0.3333333333333333,
      0.3333333333333333,
      0.3333333333333333,
      0.3333333333333333,
      0.3333333333333333,
      0.3333333333333333,
      0.3333333333333333,
      0.3333333333333333,
      0.3333333333333333,
      0.3333333333333333,
      0.3333333333333333,
      0.3333333333333333,
      0.3333333333333333,
      0.3333333333333333,
      0.0
    ],
    "info_f1": [
      0.0,
      0.0,
      0.0,
      0.0,
      0.0,
      0.0,
      0.0,
      0.0,
      0.0,
      0.16666666666666666,
      0.16666666666666666,
      0.16666666666666666,
      0.16666666666666666,
      0.16666666666666666,
      0.16666666666666666,
      0.16666666666666666,
      0.16666666666666666,
      0.16666666666666666,
      0.16666666666666666,
      0.16666666666666666,
      0.16666666666666666,
      0.16666666666666666,
      0.16666666666666666,
      0.16666666666666666,
      0.16666666666666666,
      0.16666666666666666,
      0.16666666666666666,
      0.16666666666666666,
      0.16666666666666666,
      0.0
    ],
    "info_cmae": [
      3.0906933148701987,
      2.852405329545339,
      2.6155362327893577,
      2.379177471001943,
      2.154156049092611,
      1.9514789183934529,
      1.7605907519658406,
      1.5759493907292683,
      1.3945170243581135,
      1.2951258818308513,
      1.2425139745076497,
      1.1941078503926594,
      1.1482261021931965,
      1.1036744117736816,
      1.0597169399261475,
      1.0160947640736897,
      1.025227387746175,
      1.0597441991170247,
      1.0897024472554524,
      1.1168098449707031,
      1.1422627766927083,
      1.166884422302246,
      1.1911996205647786,
      1.2154978116353352,
      1.239930550257365,
      1.2645758787790935,
      1.2894682884216309,
      1.313216765721639,
      1.3309067090352376,
      1.3388139406840007
    ],
    "info_mae": [
      3.0906933148701987,
      2.852405329545339,
      2.6155362327893577,
      2.379177471001943,
      2.154156049092611,
      1.9514789183934529,
      1.7605907519658406,
      1.5759493907292683,
      1.3945170243581135,
      1.2951258818308513,
      1.2425139745076497,
      1.1941078503926594,
      1.1482261021931965,
      1.1036744117736816,
      1.0597169399261475,
      1.0160947640736897,
      1.025227387746175,
      1.0597441991170247,
      1.0897024472554524,
      1.1168098449707031,
      1.1422627766927083,
      1.166884422302246,
      1.1911996205647786,
      1.2154978116353352,
      1.239930550257365,
      1.2645758787790935,
      1.2894682884216309,
      1.313216765721639,
      1.3309067090352376,
      1.3388139406840007
    ]
  }
}