{
  "User": "31",
  "validation_results": {
    "Accuracy": [
      [
        0.4571428894996643,
        0.7999999523162842,
        0.3199999928474426
      ]
    ],
    "Precision": [
      [
        0.22857142984867096,
        0.6399999856948853,
        0.0
      ]
    ],
    "Recall": [
      [
        0.2857142984867096,
        0.800000011920929,
        0.0
      ]
    ],
    "F1Score": [
      [
        0.2539682686328888,
        0.7111111283302307,
        0.0
      ]
    ],
    "info_prec": [
      0.0,
      0.0,
      0.0,
      0.0,
      0.0,
      0.0,
      0.0,
      0.0,
      0.0,
      0.1,
      0.1,
      0.1,
      0.1,
      0.1,
      0.1,
      0.1,
      0.0,
      0.0,
      0.0,
      0.0,
      0.0,
      0.0,
      0.0,
      0.0,
      0.0,
      0.0,
      0.0,
      0.0,
      0.0,
      0.0
    ],
    "info_rec": [
      0.0,
      0.0,
      0.0,
      0.0,
      0.0,
      0.0,
      0.0,
      0.0,
      0.0,
      0.5,
      0.5,
      0.5,
      0.5,
      0.5,
      0.5,
      0.5,
      0.0,
      0.0,
      0.0,
      0.0,
      0.0,
      0.0,
      0.0,
      0.0,
      0.0,
      0.0,
      0.0,
      0.0,
      0.0,
      0.0
    ],
    "info_f1": [
      0.0,
      0.0,
      0.0,
      0.0,
      0.0,
      0.0,
      0.0,
      0.0,
      0.0,
      0.16666666666666669,
      0.16666666666666669,
      0.16666666666666669,
      0.16666666666666669,
      0.16666666666666669,
      0.16666666666666669,
      0.16666666666666669,
      0.0,
      0.0,
      0.0,
      0.0,
      0.0,
      0.0,
      0.0,
      0.0,
      0.0,
      0.0,
      0.0,
      0.0,
      0.0,
      0.0
    ],
    "info_cmae": [
      3.2573599815368652,
      3.0190719962120056,
      2.782202899456024,
      2.5458441376686096,
      2.3208227157592773,
      2.1181455850601196,
      1.9272574186325073,
      1.742616057395935,
      1.5611836910247803,
      1.5,
      1.5,
      1.5,
      1.5,
      1.5,
      1.5,
      1.5,
      1.5,
      1.5,
      1.5,
      1.5,
      1.5,
      1.5,
      1.5,
      1.5,
      1.5,
      1.5,
      1.5,
      1.5,
      1.5,
      1.5
    ],
    "info_mae": [
      4.157359981536866,
      3.9190719962120055,
      3.682202899456024,
      3.4458441376686095,
      3.2208227157592773,
      3.0181455850601195,
      2.8272574186325072,
      2.642616057395935,
      2.46118369102478,
      2.3312265872955322,
      2.2365251541137696,
      2.149394130706787,
      2.066806983947754,
      1.986613941192627,
      1.9074904918670654,
      1.8289705753326415,
      1.7545907020568847,
      1.6924604415893554,
      1.6385355949401856,
      1.5897422790527345,
      1.543927001953125,
      1.499608039855957,
      1.4558406829833985,
      1.4121039390563965,
      1.3681250095367432,
      1.3237634181976319,
      1.2789570808410644,
      1.2362098217010498,
      1.2043679237365723,
      1.1901349067687987
    ]
  }
}