{
  "User": "511",
  "validation_results": {
    "Accuracy": [
      [
        0.6785714626312256,
        0.0,
        0.0
      ]
    ],
    "Precision": [
      [
        0.3214285671710968,
        0.0,
        0.0
      ]
    ],
    "Recall": [
      [
        0.4285714328289032,
        0.0,
        0.0
      ]
    ],
    "F1Score": [
      [
        0.36734694242477417,
        0.0,
        0.0
      ]
    ],
    "info_prec": [
      0.0,
      0.0,
      0.0,
      0.0,
      0.16666666666666666,
      0.16666666666666666,
      0.16666666666666666,
      0.16666666666666666,
      0.16666666666666666,
      0.08333333333333333,
      0.08333333333333333,
      0.08333333333333333,
      0.08333333333333333,
      0.08333333333333333,
      0.08333333333333333,
      0.08333333333333333,
      0.0,
      0.0,
      0.0,
      0.0,
      0.0,
      0.0,
      0.0,
      0.0,
      0.0,
      0.0,
      0.0,
      0.0,
      0.0,
      0.08333333333333333
    ],
    "info_rec": [
      0.0,
      0.0,
      0.0,
      0.0,
      0.3333333333333333,
      0.3333333333333333,
      0.3333333333333333,
      0.3333333333333333,
      0.3333333333333333,
      0.3333333333333333,
      0.3333333333333333,
      0.3333333333333333,
      0.3333333333333333,
      0.3333333333333333,
      0.3333333333333333,
      0.3333333333333333,
      0.0,
      0.0,
      0.0,
      0.0,
      0.0,
      0.0,
      0.0,
      0.0,
      0.0,
      0.0,
      0.0,
      0.0,
      0.0,
      0.3333333333333333
    ],
    "info_f1": [
      0.0,
      0.0,
      0.0,
      0.0,
      0.2222222222222222,
      0.2222222222222222,
      0.2222222222222222,
      0.2222222222222222,
      0.2222222222222222,
      0.13333333333333333,
      0.13333333333333333,
      0.13333333333333333,
      0.13333333333333333,
      0.13333333333333333,
      0.13333333333333333,
      0.13333333333333333,
      0.0,
      0.0,
      0.0,
      0.0,
      0.0,
      0.0,
      0.0,
      0.0,
      0.0,
      0.0,
      0.0,
      0.0,
      0.0,
      0.13333333333333333
    ],
    "info_cmae": [
      2.0906933148701987,
      1.8524053295453389,
      1.6155362327893574,
      1.3791774710019429,
      1.273607571919759,
      1.2060485283533733,
      1.1424191395441692,
      1.0808720191319783,
      1.0203945636749268,
      1.0382074515024822,
      1.0908193588256836,
      1.1392254829406738,
      1.1851072311401367,
      1.2296589215596516,
      1.2736163934071858,
      1.3172385692596436,
      1.3585607210795085,
      1.3930775324503581,
      1.4230357805887859,
      1.4501431783040364,
      1.4755961100260417,
      1.5002177556355794,
      1.524532953898112,
      1.5488311449686687,
      1.5732638835906982,
      1.5979092121124268,
      1.6228016217549641,
      1.6465500990549724,
      1.664240042368571,
      1.6831084887186687
    ],
    "info_mae": [
      1.7573599815368652,
      1.5190719962120056,
      1.2822028994560242,
      1.0458441376686096,
      1.0,
      1.0,
      1.0,
      1.0,
      1.0,
      1.0573111772537231,
      1.1362290382385254,
      1.2088382244110107,
      1.277660846710205,
      1.3444883823394775,
      1.4104245901107788,
      1.4758578538894653,
      1.5378410816192627,
      1.589616298675537,
      1.6345536708831787,
      1.6752147674560547,
      1.7133941650390625,
      1.7503266334533691,
      1.786799430847168,
      1.823246717453003,
      1.8598958253860474,
      1.8968638181686401,
      1.9342024326324463,
      1.9698251485824585,
      1.9963600635528564,
      2.016441822052002
    ]
  }
}