{
  "User": "234",
  "validation_results": {
    "Accuracy": [
      [
        0.6666666865348816,
        0.5,
        0.10000000149011612
      ]
    ],
    "Precision": [
      [
        0.375,
        0.4000000059604645,
        0.0
      ]
    ],
    "Recall": [
      [
        0.5,
        0.4000000059604645,
        0.0
      ]
    ],
    "F1Score": [
      [
        0.4285714328289032,
        0.4000000059604645,
        0.0
      ]
    ],
    "info_prec": [
      0.0,
      0.0,
      0.0,
      0.0,
      0.0,
      0.0,
      0.0,
      0.0,
      0.0,
      0.125,
      0.125,
      0.125,
      0.125,
      0.125,
      0.125,
      0.125,
      0.0,
      0.0,
      0.0,
      0.0,
      0.0,
      0.0,
      0.0,
      0.0,
      0.0,
      0.0,
      0.0,
      0.0,
      0.0,
      0.375
    ],
    "info_rec": [
      0.0,
      0.0,
      0.0,
      0.0,
      0.0,
      0.0,
      0.0,
      0.0,
      0.0,
      0.5,
      0.5,
      0.5,
      0.5,
      0.5,
      0.5,
      0.5,
      0.0,
      0.0,
      0.0,
      0.0,
      0.0,
      0.0,
      0.0,
      0.0,
      0.0,
      0.0,
      0.0,
      0.0,
      0.0,
      0.5
    ],
    "info_f1": [
      0.0,
      0.0,
      0.0,
      0.0,
      0.0,
      0.0,
      0.0,
      0.0,
      0.0,
      0.2,
      0.2,
      0.2,
      0.2,
      0.2,
      0.2,
      0.2,
      0.0,
      0.0,
      0.0,
      0.0,
      0.0,
      0.0,
      0.0,
      0.0,
      0.0,
      0.0,
      0.0,
      0.0,
      0.0,
      0.42857142857142855
    ],
    "info_cmae": [
      2.7573599815368652,
      2.5190719962120056,
      2.282202899456024,
      2.0458441376686096,
      1.8208227157592773,
      1.6181455850601196,
      1.4272574186325073,
      1.242616057395935,
      1.0611836910247803,
      1.0,
      1.0,
      1.0,
      1.0,
      1.0,
      1.0,
      1.0,
      1.0,
      1.0,
      1.0,
      1.0,
      1.0,
      1.0,
      1.0,
      1.0,
      1.0,
      1.0,
      1.0,
      1.0,
      1.0,
      1.016441822052002
    ],
    "info_mae": [
      3.2573599815368652,
      3.0190719962120056,
      2.782202899456024,
      2.5458441376686096,
      2.3208227157592773,
      2.1181455850601196,
      1.9272574186325073,
      1.742616057395935,
      1.5611836910247803,
      1.4426888227462769,
      1.3637709617614746,
      1.2911617755889893,
      1.222339153289795,
      1.1555116176605225,
      1.0895754098892212,
      1.0241421461105347,
      0.9621589183807373,
      0.9103837013244629,
      0.8654463291168213,
      0.8247852325439453,
      0.7866058349609375,
      0.7496733665466309,
      0.713200569152832,
      0.6767532825469971,
      0.6401041746139526,
      0.6031361818313599,
      0.5657975673675537,
      0.5301748514175415,
      0.5036399364471436,
      0.516441822052002
    ]
  }
}