{
  "User": "95",
  "validation_results": {
    "Accuracy": [
      [
        0.5555555820465088,
        0.4444444477558136,
        0.4444444477558136
      ]
    ],
    "Precision": [
      [
        0.2222222238779068,
        0.0,
        0.0
      ]
    ],
    "Recall": [
      [
        0.3333333432674408,
        0.0,
        0.0
      ]
    ],
    "F1Score": [
      [
        0.2666666805744171,
        0.0,
        0.0
      ]
    ],
    "info_prec": [
      0.0,
      0.0,
      0.0,
      0.0,
      0.16666666666666666,
      0.16666666666666666,
      0.16666666666666666,
      0.16666666666666666,
      0.16666666666666666,
      0.0,
      0.0,
      0.0,
      0.0,
      0.0,
      0.0,
      0.0,
      0.0,
      0.0,
      0.0,
      0.0,
      0.0,
      0.0,
      0.0,
      0.0,
      0.0,
      0.0,
      0.0,
      0.0,
      0.0,
      0.0
    ],
    "info_rec": [
      0.0,
      0.0,
      0.0,
      0.0,
      0.5,
      0.5,
      0.5,
      0.5,
      0.5,
      0.0,
      0.0,
      0.0,
      0.0,
      0.0,
      0.0,
      0.0,
      0.0,
      0.0,
      0.0,
      0.0,
      0.0,
      0.0,
      0.0,
      0.0,
      0.0,
      0.0,
      0.0,
      0.0,
      0.0,
      0.0
    ],
    "info_f1": [
      0.0,
      0.0,
      0.0,
      0.0,
      0.25,
      0.25,
      0.25,
      0.25,
      0.25,
      0.0,
      0.0,
      0.0,
      0.0,
      0.0,
      0.0,
      0.0,
      0.0,
      0.0,
      0.0,
      0.0,
      0.0,
      0.0,
      0.0,
      0.0,
      0.0,
      0.0,
      0.0,
      0.0,
      0.0,
      0.0
    ],
    "info_cmae": [
      3.2573599815368652,
      3.0190719962120056,
      2.782202899456024,
      2.5458441376686096,
      2.5,
      2.5,
      2.5,
      2.5,
      2.5,
      2.5,
      2.5,
      2.5,
      2.5,
      2.5,
      2.5,
      2.5,
      2.5,
      2.5,
      2.5,
      2.5,
      2.5,
      2.5,
      2.5,
      2.5,
      2.5,
      2.5,
      2.5,
      2.5,
      2.5,
      2.5
    ],
    "info_mae": [
      4.090693314870198,
      3.852405329545339,
      3.6155362327893577,
      3.379177471001943,
      3.2736075719197593,
      3.206048528353373,
      3.142419139544169,
      3.0808720191319785,
      3.0203945636749268,
      2.961792548497518,
      2.9091806411743164,
      2.860774517059326,
      2.8148927688598633,
      2.770341078440348,
      2.726383606592814,
      2.6827614307403564,
      2.6414392789204917,
      2.606922467549642,
      2.5769642194112143,
      2.5498568216959634,
      2.5244038899739585,
      2.4997822443644204,
      2.475467046101888,
      2.4511688550313315,
      2.4267361164093018,
      2.4020907878875732,
      2.3771983782450357,
      2.353449900945028,
      2.335759957631429,
      2.327852725982666
    ]
  }
}