{
  "User": "435",
  "validation_results": {
    "Accuracy": [
      [
        0.550000011920929,
        0.625,
        0.625
      ]
    ],
    "Precision": [
      [
        0.20000000298023224,
        0.25,
        0.0
      ]
    ],
    "Recall": [
      [
        0.4000000059604645,
        0.5,
        0.0
      ]
    ],
    "F1Score": [
      [
        0.2666666805744171,
        0.3333333432674408,
        0.0
      ]
    ],
    "info_prec": [
      0.0,
      0.0,
      0.0,
      0.0,
      0.0,
      0.0,
      0.0,
      0.0,
      0.0,
      0.0,
      0.0,
      0.0,
      0.0,
      0.0,
      0.0,
      0.0,
      0.25,
      0.25,
      0.25,
      0.25,
      0.25,
      0.25,
      0.25,
      0.25,
      0.25,
      0.25,
      0.25,
      0.25,
      0.25,
      0.0
    ],
    "info_rec": [
      0.0,
      0.0,
      0.0,
      0.0,
      0.0,
      0.0,
      0.0,
      0.0,
      0.0,
      0.0,
      0.0,
      0.0,
      0.0,
      0.0,
      0.0,
      0.0,
      0.5,
      0.5,
      0.5,
      0.5,
      0.5,
      0.5,
      0.5,
      0.5,
      0.5,
      0.5,
      0.5,
      0.5,
      0.5,
      0.0
    ],
    "info_f1": [
      0.0,
      0.0,
      0.0,
      0.0,
      0.0,
      0.0,
      0.0,
      0.0,
      0.0,
      0.0,
      0.0,
      0.0,
      0.0,
      0.0,
      0.0,
      0.0,
      0.3333333333333333,
      0.3333333333333333,
      0.3333333333333333,
      0.3333333333333333,
      0.3333333333333333,
      0.3333333333333333,
      0.3333333333333333,
      0.3333333333333333,
      0.3333333333333333,
      0.3333333333333333,
      0.3333333333333333,
      0.3333333333333333,
      0.3333333333333333,
      0.0
    ],
    "info_cmae": [
      3.7573599815368652,
      3.5190719962120056,
      3.282202899456024,
      3.0458441376686096,
      2.8208227157592773,
      2.6181455850601196,
      2.4272574186325073,
      2.242616057395935,
      2.0611836910247803,
      1.8853776454925537,
      1.7275419235229492,
      1.5823235511779785,
      1.4446783065795898,
      1.311023235321045,
      1.1791508197784424,
      1.0482842922210693,
      1.0,
      1.0,
      1.0,
      1.0,
      1.0,
      1.0,
      1.0,
      1.0,
      1.0,
      1.0,
      1.0,
      1.0,
      1.0,
      1.0
    ],
    "info_mae": [
      3.7573599815368652,
      3.5190719962120056,
      3.282202899456024,
      3.0458441376686096,
      2.8208227157592773,
      2.6181455850601196,
      2.4272574186325073,
      2.242616057395935,
      2.0611836910247803,
      1.8853776454925537,
      1.7275419235229492,
      1.5823235511779785,
      1.4446783065795898,
      1.311023235321045,
      1.1791508197784424,
      1.0482842922210693,
      1.0,
      1.0,
      1.0,
      1.0,
      1.0,
      1.0,
      1.0,
      1.0,
      1.0,
      1.0,
      1.0,
      1.0,
      1.0,
      1.0
    ]
  }
}