{
  "User": "573",
  "validation_results": {
    "Accuracy": [
      [
        0.550000011920929,
        0.4375,
        0.1875
      ]
    ],
    "Precision": [
      [
        0.20000000298023224,
        0.25,
        0.0
      ]
    ],
    "Recall": [
      [
        0.4000000059604645,
        0.25,
        0.0
      ]
    ],
    "F1Score": [
      [
        0.2666666805744171,
        0.25,
        0.0
      ]
    ],
    "info_prec": [
      0.0,
      0.0,
      0.0,
      0.0,
      0.0,
      0.0,
      0.0,
      0.0,
      0.0,
      0.0,
      0.0,
      0.0,
      0.0,
      0.0,
      0.0,
      0.0,
      0.08333333333333333,
      0.08333333333333333,
      0.08333333333333333,
      0.08333333333333333,
      0.08333333333333333,
      0.08333333333333333,
      0.08333333333333333,
      0.08333333333333333,
      0.08333333333333333,
      0.08333333333333333,
      0.08333333333333333,
      0.08333333333333333,
      0.08333333333333333,
      0.08333333333333333
    ],
    "info_rec": [
      0.0,
      0.0,
      0.0,
      0.0,
      0.0,
      0.0,
      0.0,
      0.0,
      0.0,
      0.0,
      0.0,
      0.0,
      0.0,
      0.0,
      0.0,
      0.0,
      0.3333333333333333,
      0.3333333333333333,
      0.3333333333333333,
      0.3333333333333333,
      0.3333333333333333,
      0.3333333333333333,
      0.3333333333333333,
      0.3333333333333333,
      0.3333333333333333,
      0.3333333333333333,
      0.3333333333333333,
      0.3333333333333333,
      0.3333333333333333,
      0.3333333333333333
    ],
    "info_f1": [
      0.0,
      0.0,
      0.0,
      0.0,
      0.0,
      0.0,
      0.0,
      0.0,
      0.0,
      0.0,
      0.0,
      0.0,
      0.0,
      0.0,
      0.0,
      0.0,
      0.13333333333333333,
      0.13333333333333333,
      0.13333333333333333,
      0.13333333333333333,
      0.13333333333333333,
      0.13333333333333333,
      0.13333333333333333,
      0.13333333333333333,
      0.13333333333333333,
      0.13333333333333333,
      0.13333333333333333,
      0.13333333333333333,
      0.13333333333333333,
      0.13333333333333333
    ],
    "info_cmae": [
      4.090693314870198,
      3.852405329545339,
      3.6155362327893577,
      3.379177471001943,
      3.154156049092611,
      2.951478918393453,
      2.760590751965841,
      2.5759493907292685,
      2.3945170243581138,
      2.218710978825887,
      2.0608752568562827,
      1.9156568845113118,
      1.778011639912923,
      1.6443565686543782,
      1.5124841531117756,
      1.3816176255544026,
      1.3081059455871582,
      1.2735891342163086,
      1.2436308860778809,
      1.2165234883626301,
      1.191070556640625,
      1.1664489110310872,
      1.1421337127685547,
      1.117835521697998,
      1.0934027830759685,
      1.06875745455424,
      1.0438650449117024,
      1.0201165676116943,
      1.0024266242980957,
      1.0054806073506672
    ],
    "info_mae": [
      4.507359981536865,
      4.269071996212006,
      4.032202899456024,
      3.7958441376686096,
      3.5708227157592773,
      3.3681455850601196,
      3.1772574186325073,
      2.992616057395935,
      2.8111836910247803,
      2.6353776454925537,
      2.477541923522949,
      2.3323235511779785,
      2.19467830657959,
      2.061023235321045,
      1.9291508197784424,
      1.7982842922210693,
      1.7121589183807373,
      1.660383701324463,
      1.6154463291168213,
      1.5747852325439453,
      1.5366058349609375,
      1.4996733665466309,
      1.463200569152832,
      1.426753282546997,
      1.3901041746139526,
      1.3531361818313599,
      1.3157975673675537,
      1.2801748514175415,
      1.2536399364471436,
      1.25
    ]
  }
}