{
  "User": "212",
  "validation_results": {
    "Accuracy": [
      [
        0.9166666865348816,
        0.6666666865348816,
        0.0
      ]
    ],
    "Precision": [
      [
        0.75,
        0.4444444477558136,
        0.0
      ]
    ],
    "Recall": [
      [
        0.75,
        0.6666666865348816,
        0.0
      ]
    ],
    "F1Score": [
      [
        0.75,
        0.5333333611488342,
        0.0
      ]
    ],
    "info_prec": [
      0.0,
      0.0,
      0.0,
      0.0,
      0.3333333333333333,
      0.3333333333333333,
      0.3333333333333333,
      0.3333333333333333,
      0.3333333333333333,
      0.0,
      0.0,
      0.0,
      0.0,
      0.0,
      0.0,
      0.0,
      0.16666666666666666,
      0.16666666666666666,
      0.16666666666666666,
      0.16666666666666666,
      0.16666666666666666,
      0.16666666666666666,
      0.16666666666666666,
      0.16666666666666666,
      0.16666666666666666,
      0.16666666666666666,
      0.16666666666666666,
      0.16666666666666666,
      0.16666666666666666,
      0.0
    ],
    "info_rec": [
      0.0,
      0.0,
      0.0,
      0.0,
      0.5,
      0.5,
      0.5,
      0.5,
      0.5,
      0.0,
      0.0,
      0.0,
      0.0,
      0.0,
      0.0,
      0.0,
      0.5,
      0.5,
      0.5,
      0.5,
      0.5,
      0.5,
      0.5,
      0.5,
      0.5,
      0.5,
      0.5,
      0.5,
      0.5,
      0.0
    ],
    "info_f1": [
      0.0,
      0.0,
      0.0,
      0.0,
      0.4,
      0.4,
      0.4,
      0.4,
      0.4,
      0.0,
      0.0,
      0.0,
      0.0,
      0.0,
      0.0,
      0.0,
      0.25,
      0.25,
      0.25,
      0.25,
      0.25,
      0.25,
      0.25,
      0.25,
      0.25,
      0.25,
      0.25,
      0.25,
      0.25,
      0.0
    ],
    "info_cmae": [
      1.7573599815368652,
      1.5190719962120056,
      1.2822028994560242,
      1.0458441376686096,
      1.0,
      1.0,
      1.0,
      1.0,
      1.0,
      1.0,
      1.0,
      1.0,
      1.0,
      1.0,
      1.0,
      1.0,
      1.0756821632385254,
      1.1792325973510742,
      1.2691073417663574,
      1.3504295349121094,
      1.426788330078125,
      1.5006532669067383,
      1.573598861694336,
      1.6464934349060059,
      1.7197916507720947,
      1.7937276363372803,
      1.8684048652648926,
      1.939650297164917,
      1.992720127105713,
      2.016441822052002
    ],
    "info_mae": [
      1.424026648203532,
      1.1857386628786724,
      0.9488695661226908,
      0.7125108043352762,
      0.7263924280802408,
      0.7939514716466268,
      0.8575808604558309,
      0.9191279808680216,
      0.9796054363250732,
      1.0382074515024822,
      1.0908193588256836,
      1.1392254829406738,
      1.1851072311401367,
      1.2296589215596516,
      1.2736163934071858,
      1.3172385692596436,
      1.4090154965718586,
      1.5125659306844075,
      1.6024406750996907,
      1.6837628682454426,
      1.7601216634114583,
      1.8339866002400715,
      1.9069321950276692,
      1.9798267682393391,
      2.053124984105428,
      2.1270609696706138,
      2.201738198598226,
      2.2729836304982505,
      2.3260534604390464,
      2.3497751553853354
    ]
  }
}