{
  "User": "43",
  "validation_results": {
    "Accuracy": [
      [
        0.5142857432365417,
        0.5600000023841858,
        0.5600000023841858
      ]
    ],
    "Precision": [
      [
        0.11428571492433548,
        0.1599999964237213,
        0.0
      ]
    ],
    "Recall": [
      [
        0.2857142984867096,
        0.4000000059604645,
        0.0
      ]
    ],
    "F1Score": [
      [
        0.16326531767845154,
        0.22857144474983215,
        0.0
      ]
    ],
    "info_prec": [
      0.06666666666666667,
      0.06666666666666667,
      0.06666666666666667,
      0.06666666666666667,
      0.06666666666666667,
      0.06666666666666667,
      0.06666666666666667,
      0.06666666666666667,
      0.06666666666666667,
      0.0,
      0.0,
      0.0,
      0.0,
      0.0,
      0.0,
      0.0,
      0.19999999999999998,
      0.19999999999999998,
      0.19999999999999998,
      0.19999999999999998,
      0.19999999999999998,
      0.19999999999999998,
      0.19999999999999998,
      0.19999999999999998,
      0.19999999999999998,
      0.19999999999999998,
      0.19999999999999998,
      0.19999999999999998,
      0.19999999999999998,
      0.0
    ],
    "info_rec": [
      0.3333333333333333,
      0.3333333333333333,
      0.3333333333333333,
      0.3333333333333333,
      0.3333333333333333,
      0.3333333333333333,
      0.3333333333333333,
      0.3333333333333333,
      0.3333333333333333,
      0.0,
      0.0,
      0.0,
      0.0,
      0.0,
      0.0,
      0.0,
      0.3333333333333333,
      0.3333333333333333,
      0.3333333333333333,
      0.3333333333333333,
      0.3333333333333333,
      0.3333333333333333,
      0.3333333333333333,
      0.3333333333333333,
      0.3333333333333333,
      0.3333333333333333,
      0.3333333333333333,
      0.3333333333333333,
      0.3333333333333333,
      0.0
    ],
    "info_f1": [
      0.11111111111111112,
      0.11111111111111112,
      0.11111111111111112,
      0.11111111111111112,
      0.11111111111111112,
      0.11111111111111112,
      0.11111111111111112,
      0.11111111111111112,
      0.11111111111111112,
      0.0,
      0.0,
      0.0,
      0.0,
      0.0,
      0.0,
      0.0,
      0.24999999999999997,
      0.24999999999999997,
      0.24999999999999997,
      0.24999999999999997,
      0.24999999999999997,
      0.24999999999999997,
      0.24999999999999997,
      0.24999999999999997,
      0.24999999999999997,
      0.24999999999999997,
      0.24999999999999997,
      0.24999999999999997,
      0.24999999999999997,
      0.0
    ],
    "info_cmae": [
      1.252453327178955,
      1.1730239987373352,
      1.094067633152008,
      1.0152813792228699,
      1.0597257614135742,
      1.1272848049799602,
      1.1909141937891643,
      1.252461314201355,
      1.3129387696584065,
      1.3715407848358154,
      1.4241526921590169,
      1.472558816274007,
      1.51844056447347,
      1.562992254892985,
      1.6069497267405193,
      1.6505719025929768,
      1.7423488299051921,
      1.845899264017741,
      1.9357740084330242,
      2.017096201578776,
      2.0934549967447915,
      2.167319933573405,
      2.2402655283610025,
      2.3131601015726724,
      2.3864583174387612,
      2.460394303003947,
      2.535071531931559,
      2.6063169638315835,
      2.6593867937723794,
      2.6831084887186685
    ],
    "info_mae": [
      1.8544159889221192,
      1.7114431977272033,
      1.5693217396736145,
      1.4275064826011659,
      1.3641645431518554,
      1.323629117012024,
      1.2854514837265014,
      1.248523211479187,
      1.2122367382049561,
      1.1770755290985107,
      1.14550838470459,
      1.1164647102355958,
      1.088935661315918,
      1.062204647064209,
      1.0358301639556884,
      1.0096568584442138,
      1.0756821632385254,
      1.1792325973510742,
      1.2691073417663574,
      1.3504295349121094,
      1.426788330078125,
      1.5006532669067383,
      1.573598861694336,
      1.6464934349060059,
      1.7197916507720947,
      1.7937276363372803,
      1.8684048652648926,
      1.939650297164917,
      1.992720127105713,
      2.016441822052002
    ]
  }
}