{
  "User": "175",
  "validation_results": {
    "Accuracy": [
      [
        0.1666666716337204,
        0.375,
        0.375
      ]
    ],
    "Precision": [
      [
        0.1666666716337204,
        0.0,
        0.0
      ]
    ],
    "Recall": [
      [
        0.3333333432674408,
        0.0,
        0.0
      ]
    ],
    "F1Score": [
      [
        0.2222222238779068,
        0.0,
        0.0
      ]
    ],
    "info_prec": [
      0.0,
      0.0,
      0.0,
      0.0,
      0.375,
      0.375,
      0.375,
      0.375,
      0.375,
      0.0,
      0.0,
      0.0,
      0.0,
      0.0,
      0.0,
      0.0,
      0.0,
      0.0,
      0.0,
      0.0,
      0.0,
      0.0,
      0.0,
      0.0,
      0.0,
      0.0,
      0.0,
      0.0,
      0.0,
      0.125
    ],
    "info_rec": [
      0.0,
      0.0,
      0.0,
      0.0,
      0.5,
      0.5,
      0.5,
      0.5,
      0.5,
      0.0,
      0.0,
      0.0,
      0.0,
      0.0,
      0.0,
      0.0,
      0.0,
      0.0,
      0.0,
      0.0,
      0.0,
      0.0,
      0.0,
      0.0,
      0.0,
      0.0,
      0.0,
      0.0,
      0.0,
      0.5
    ],
    "info_f1": [
      0.0,
      0.0,
      0.0,
      0.0,
      0.42857142857142855,
      0.42857142857142855,
      0.42857142857142855,
      0.42857142857142855,
      0.42857142857142855,
      0.0,
      0.0,
      0.0,
      0.0,
      0.0,
      0.0,
      0.0,
      0.0,
      0.0,
      0.0,
      0.0,
      0.0,
      0.0,
      0.0,
      0.0,
      0.0,
      0.0,
      0.0,
      0.0,
      0.0,
      0.2
    ],
    "info_cmae": [
      2.2573599815368652,
      2.0190719962120056,
      1.7822028994560242,
      1.5458441376686096,
      1.5,
      1.5,
      1.5,
      1.5,
      1.5,
      1.5,
      1.5,
      1.5,
      1.5,
      1.5,
      1.5,
      1.5,
      1.5,
      1.5,
      1.5,
      1.5,
      1.5,
      1.5,
      1.5,
      1.5,
      1.5,
      1.5,
      1.5,
      1.5,
      1.5,
      1.516441822052002
    ],
    "info_mae": [
      1.5073599815368652,
      1.2690719962120056,
      1.0322028994560242,
      0.7958441376686096,
      0.8395886421203613,
      0.9409272074699402,
      1.0363712906837463,
      1.1286919713020325,
      1.2194081544876099,
      1.3073111772537231,
      1.3862290382385254,
      1.4588382244110107,
      1.527660846710205,
      1.5944883823394775,
      1.6604245901107788,
      1.7258578538894653,
      1.7878410816192627,
      1.839616298675537,
      1.8845536708831787,
      1.9252147674560547,
      1.9633941650390625,
      2.000326633453369,
      2.036799430847168,
      2.073246717453003,
      2.1098958253860474,
      2.14686381816864,
      2.1842024326324463,
      2.2198251485824585,
      2.2463600635528564,
      2.266441822052002
    ]
  }
}