{
  "User": "198",
  "validation_results": {
    "Accuracy": [
      [
        0.8749999403953552,
        0.75,
        0.375
      ]
    ],
    "Precision": [
      [
        0.612500011920929,
        0.5625,
        0.0
      ]
    ],
    "Recall": [
      [
        0.699999988079071,
        0.75,
        0.0
      ]
    ],
    "F1Score": [
      [
        0.653333306312561,
        0.6428571343421936,
        0.0
      ]
    ],
    "info_prec": [
      0.0,
      0.0,
      0.0,
      0.0,
      0.03125,
      0.03125,
      0.03125,
      0.03125,
      0.03125,
      0.0,
      0.0,
      0.0,
      0.0,
      0.0,
      0.0,
      0.0,
      0.0,
      0.0,
      0.0,
      0.0,
      0.0,
      0.0,
      0.0,
      0.0,
      0.0,
      0.0,
      0.0,
      0.0,
      0.0,
      0.09375
    ],
    "info_rec": [
      0.0,
      0.0,
      0.0,
      0.0,
      0.25,
      0.25,
      0.25,
      0.25,
      0.25,
      0.0,
      0.0,
      0.0,
      0.0,
      0.0,
      0.0,
      0.0,
      0.0,
      0.0,
      0.0,
      0.0,
      0.0,
      0.0,
      0.0,
      0.0,
      0.0,
      0.0,
      0.0,
      0.0,
      0.0,
      0.25
    ],
    "info_f1": [
      0.0,
      0.0,
      0.0,
      0.0,
      0.05555555555555555,
      0.05555555555555555,
      0.05555555555555555,
      0.05555555555555555,
      0.05555555555555555,
      0.0,
      0.0,
      0.0,
      0.0,
      0.0,
      0.0,
      0.0,
      0.0,
      0.0,
      0.0,
      0.0,
      0.0,
      0.0,
      0.0,
      0.0,
      0.0,
      0.0,
      0.0,
      0.0,
      0.0,
      0.13636363636363635
    ],
    "info_cmae": [
      3.7573599815368652,
      3.5190719962120056,
      3.282202899456024,
      3.0458441376686096,
      2.9104113578796387,
      2.80907279253006,
      2.7136287093162537,
      2.6213080286979675,
      2.53059184551239,
      2.442688822746277,
      2.3637709617614746,
      2.2911617755889893,
      2.222339153289795,
      2.1555116176605225,
      2.089575409889221,
      2.0241421461105347,
      1.9621589183807373,
      1.910383701324463,
      1.8654463291168213,
      1.8247852325439453,
      1.7866058349609375,
      1.7496733665466309,
      1.713200569152832,
      1.676753282546997,
      1.6401041746139526,
      1.6031361818313599,
      1.5657975673675537,
      1.5301748514175415,
      1.5036399364471436,
      1.5
    ],
    "info_mae": [
      4.132359981536865,
      3.8940719962120056,
      3.657202899456024,
      3.4208441376686096,
      3.240617036819458,
      3.0886091887950897,
      2.9454430639743805,
      2.8069620430469513,
      2.670887768268585,
      2.5390332341194153,
      2.420656442642212,
      2.311742663383484,
      2.2085087299346924,
      2.1082674264907837,
      2.009363114833832,
      1.911213219165802,
      1.818238377571106,
      1.7405755519866943,
      1.673169493675232,
      1.612177848815918,
      1.5549087524414062,
      1.4995100498199463,
      1.444800853729248,
      1.3901299238204956,
      1.335156261920929,
      1.2797042727470398,
      1.2236963510513306,
      1.1702622771263123,
      1.1304599046707153,
      1.125
    ]
  }
}