{
  "User": "197",
  "validation_results": {
    "Accuracy": [
      [
        0.3333333432674408,
        0.625,
        0.4761905074119568
      ]
    ],
    "Precision": [
      [
        0.1111111119389534,
        0.375,
        0.0
      ]
    ],
    "Recall": [
      [
        0.3333333432674408,
        0.375,
        0.0
      ]
    ],
    "F1Score": [
      [
        0.1666666716337204,
        0.375,
        0.0
      ]
    ],
    "info_prec": [
      0.1111111111111111,
      0.1111111111111111,
      0.1111111111111111,
      0.1111111111111111,
      0.0,
      0.0,
      0.0,
      0.0,
      0.0,
      0.1111111111111111,
      0.1111111111111111,
      0.1111111111111111,
      0.1111111111111111,
      0.1111111111111111,
      0.1111111111111111,
      0.1111111111111111,
      0.0,
      0.0,
      0.0,
      0.0,
      0.0,
      0.0,
      0.0,
      0.0,
      0.0,
      0.0,
      0.0,
      0.0,
      0.0,
      0.1111111111111111
    ],
    "info_rec": [
      0.3333333333333333,
      0.3333333333333333,
      0.3333333333333333,
      0.3333333333333333,
      0.0,
      0.0,
      0.0,
      0.0,
      0.0,
      0.3333333333333333,
      0.3333333333333333,
      0.3333333333333333,
      0.3333333333333333,
      0.3333333333333333,
      0.3333333333333333,
      0.3333333333333333,
      0.0,
      0.0,
      0.0,
      0.0,
      0.0,
      0.0,
      0.0,
      0.0,
      0.0,
      0.0,
      0.0,
      0.0,
      0.0,
      0.3333333333333333
    ],
    "info_f1": [
      0.16666666666666666,
      0.16666666666666666,
      0.16666666666666666,
      0.16666666666666666,
      0.0,
      0.0,
      0.0,
      0.0,
      0.0,
      0.16666666666666666,
      0.16666666666666666,
      0.16666666666666666,
      0.16666666666666666,
      0.16666666666666666,
      0.16666666666666666,
      0.16666666666666666,
      0.0,
      0.0,
      0.0,
      0.0,
      0.0,
      0.0,
      0.0,
      0.0,
      0.0,
      0.0,
      0.0,
      0.0,
      0.0,
      0.16666666666666666
    ],
    "info_cmae": [
      1.9191199938456218,
      1.839690665404002,
      1.7607342998186748,
      1.6819480458895366,
      1.6069409052530925,
      1.5393818616867065,
      1.4757524728775024,
      1.4142053524653118,
      1.35372789700826,
      1.3715407848358154,
      1.4241526921590169,
      1.472558816274007,
      1.51844056447347,
      1.562992254892985,
      1.6069497267405193,
      1.6505719025929768,
      1.6918940544128418,
      1.7264108657836914,
      1.7563691139221191,
      1.7834765116373699,
      1.808929443359375,
      1.8335510889689128,
      1.8578662872314453,
      1.882164478302002,
      1.9065972169240315,
      1.93124254544576,
      1.9561349550882976,
      1.9798834323883057,
      1.9975733757019043,
      2.016441822052002
    ],
    "info_mae": [
      1.9191199938456218,
      1.839690665404002,
      1.7607342998186748,
      1.6819480458895366,
      1.6069409052530925,
      1.5393818616867065,
      1.4757524728775024,
      1.4142053524653118,
      1.35372789700826,
      1.3715407848358154,
      1.4241526921590169,
      1.472558816274007,
      1.51844056447347,
      1.562992254892985,
      1.6069497267405193,
      1.6505719025929768,
      1.6918940544128418,
      1.7264108657836914,
      1.7563691139221191,
      1.7834765116373699,
      1.808929443359375,
      1.8335510889689128,
      1.8578662872314453,
      1.882164478302002,
      1.9065972169240315,
      1.93124254544576,
      1.9561349550882976,
      1.9798834323883057,
      1.9975733757019043,
      2.016441822052002
    ]
  }
}