{
  "User": "494",
  "validation_results": {
    "Accuracy": [
      [
        0.7321429252624512,
        0.7023809552192688,
        0.3214285969734192
      ]
    ],
    "Precision": [
      [
        0.4464285969734192,
        0.5833333134651184,
        0.0
      ]
    ],
    "Recall": [
      [
        0.625,
        0.5833333134651184,
        0.0
      ]
    ],
    "F1Score": [
      [
        0.5208333134651184,
        0.5833333134651184,
        0.0
      ]
    ],
    "info_prec": [
      0.0,
      0.0,
      0.0,
      0.0,
      0.0,
      0.0,
      0.0,
      0.0,
      0.0,
      0.0,
      0.0,
      0.0,
      0.0,
      0.0,
      0.0,
      0.0,
      0.047619047619047616,
      0.047619047619047616,
      0.047619047619047616,
      0.047619047619047616,
      0.047619047619047616,
      0.047619047619047616,
      0.047619047619047616,
      0.047619047619047616,
      0.047619047619047616,
      0.047619047619047616,
      0.047619047619047616,
      0.047619047619047616,
      0.047619047619047616,
      0.09523809523809523
    ],
    "info_rec": [
      0.0,
      0.0,
      0.0,
      0.0,
      0.0,
      0.0,
      0.0,
      0.0,
      0.0,
      0.0,
      0.0,
      0.0,
      0.0,
      0.0,
      0.0,
      0.0,
      0.3333333333333333,
      0.3333333333333333,
      0.3333333333333333,
      0.3333333333333333,
      0.3333333333333333,
      0.3333333333333333,
      0.3333333333333333,
      0.3333333333333333,
      0.3333333333333333,
      0.3333333333333333,
      0.3333333333333333,
      0.3333333333333333,
      0.3333333333333333,
      0.3333333333333333
    ],
    "info_f1": [
      0.0,
      0.0,
      0.0,
      0.0,
      0.0,
      0.0,
      0.0,
      0.0,
      0.0,
      0.0,
      0.0,
      0.0,
      0.0,
      0.0,
      0.0,
      0.0,
      0.08333333333333333,
      0.08333333333333333,
      0.08333333333333333,
      0.08333333333333333,
      0.08333333333333333,
      0.08333333333333333,
      0.08333333333333333,
      0.08333333333333333,
      0.08333333333333333,
      0.08333333333333333,
      0.08333333333333333,
      0.08333333333333333,
      0.08333333333333333,
      0.14814814814814817
    ],
    "info_cmae": [
      3.7573599815368652,
      3.5190719962120056,
      3.282202899456024,
      3.0458441376686096,
      2.8208227157592773,
      2.6181455850601196,
      2.4272574186325073,
      2.242616057395935,
      2.0611836910247803,
      1.8853776454925537,
      1.7275419235229492,
      1.5823235511779785,
      1.4446783065795898,
      1.311023235321045,
      1.1791508197784424,
      1.0482842922210693,
      0.9747726122538248,
      0.9402558008829752,
      0.9102975527445475,
      0.8831901550292969,
      0.8577372233072916,
      0.8331155776977539,
      0.8088003794352213,
      0.7845021883646647,
      0.7600694497426351,
      0.7354241212209066,
      0.7105317115783691,
      0.686783234278361,
      0.6690932909647623,
      0.672147274017334
    ],
    "info_mae": [
      4.185931410108294,
      3.947643424783434,
      3.7107743280274526,
      3.474415566240038,
      3.2493941443307057,
      3.046717013631548,
      2.8558288472039357,
      2.6711874859673634,
      2.4897551195962087,
      2.313949074063982,
      2.1561133520943776,
      2.010894979749407,
      1.8732497351510184,
      1.7395946638924735,
      1.607722248349871,
      1.476855720792498,
      1.3745127405439104,
      1.3005481447492326,
      1.2363518987383162,
      1.1782646179199219,
      1.1237226213727678,
      1.0709619522094727,
      1.0188579559326172,
      0.9667904036385673,
      0.9144345351627895,
      0.8616231169019427,
      0.8082822390965053,
      0.7573926448822021,
      0.7194856234959194,
      0.7119368825639997
    ]
  }
}