{
  "User": "31",
  "validation_results": {
    "Accuracy": [
      [
        0.4571428894996643,
        0.7999999523162842,
        0.3199999928474426
      ]
    ],
    "Precision": [
      [
        0.22857142984867096,
        0.6399999856948853,
        0.0
      ]
    ],
    "Recall": [
      [
        0.2857142984867096,
        0.800000011920929,
        0.0
      ]
    ],
    "F1Score": [
      [
        0.2539682686328888,
        0.7111111283302307,
        0.0
      ]
    ],
    "info_prec": [
      0.0,
      0.0,
      0.0,
      0.0,
      0.1,
      0.0,
      0.1,
      0.0,
      0.0,
      0.0,
      0.0,
      0.0,
      0.0,
      0.0,
      0.0,
      0.0,
      0.0,
      0.0,
      0.0,
      0.0,
      0.0,
      0.0,
      0.0,
      0.0,
      0.0,
      0.0,
      0.0,
      0.0,
      0.0,
      0.0
    ],
    "info_rec": [
      0.0,
      0.0,
      0.0,
      0.0,
      0.5,
      0.0,
      0.5,
      0.0,
      0.0,
      0.0,
      0.0,
      0.0,
      0.0,
      0.0,
      0.0,
      0.0,
      0.0,
      0.0,
      0.0,
      0.0,
      0.0,
      0.0,
      0.0,
      0.0,
      0.0,
      0.0,
      0.0,
      0.0,
      0.0,
      0.0
    ],
    "info_f1": [
      0.0,
      0.0,
      0.0,
      0.0,
      0.16666666666666669,
      0.0,
      0.16666666666666669,
      0.0,
      0.0,
      0.0,
      0.0,
      0.0,
      0.0,
      0.0,
      0.0,
      0.0,
      0.0,
      0.0,
      0.0,
      0.0,
      0.0,
      0.0,
      0.0,
      0.0,
      0.0,
      0.0,
      0.0,
      0.0,
      0.0,
      0.0
    ],
    "info_cmae": [
      3.4258609414100647,
      3.4027245063334703,
      2.8188575506210327,
      2.148991823196411,
      1.5,
      1.5,
      1.5,
      1.5,
      1.5,
      1.5,
      1.5,
      1.5,
      1.5,
      1.5,
      1.5,
      1.5,
      1.5,
      1.5,
      1.5,
      1.5,
      1.5,
      1.5,
      1.5,
      1.5,
      1.5,
      1.5,
      1.5,
      1.5,
      1.5,
      1.5
    ],
    "info_mae": [
      4.325860941410065,
      4.3027244180440904,
      3.7188575506210326,
      3.048991823196411,
      2.0940479278564452,
      1.7502360820770264,
      1.8092891693115234,
      1.7645058631896973,
      1.7253473281860352,
      1.740635919570923,
      1.6913995742797852,
      1.6264057159423828,
      1.6817424774169922,
      1.6442270278930664,
      1.5618945121765138,
      1.5209495544433593,
      1.518717384338379,
      1.511643934249878,
      1.4743593692779542,
      1.457485055923462,
      1.4459552764892578,
      1.4292789459228517,
      1.4086572647094726,
      1.3826388359069823,
      1.4023192405700684,
      1.3744900703430176,
      1.352548313140869,
      1.3499771118164063,
      1.351898717880249,
      1.3311760425567627
    ]
  }
}