{
  "User": "146",
  "validation_results": {
    "Accuracy": [
      [
        0.5,
        0.45000001788139343,
        0.3125
      ]
    ],
    "Precision": [
      [
        0.0625,
        0.22499999403953552,
        0.0
      ]
    ],
    "Recall": [
      [
        0.25,
        0.30000001192092896,
        0.0
      ]
    ],
    "F1Score": [
      [
        0.10000000149011612,
        0.2571428418159485,
        0.0
      ]
    ],
    "info_prec": [
      0.0,
      0.0,
      0.0,
      0.0625,
      0.0,
      0.0625,
      0.0,
      0.0625,
      0.0625,
      0.0625,
      0.0625,
      0.0625,
      0.0625,
      0.0625,
      0.0625,
      0.0625,
      0.0625,
      0.0625,
      0.0625,
      0.0625,
      0.0625,
      0.0625,
      0.0625,
      0.0625,
      0.0625,
      0.0625,
      0.0625,
      0.0625,
      0.0625,
      0.0625
    ],
    "info_rec": [
      0.0,
      0.0,
      0.0,
      0.25,
      0.0,
      0.25,
      0.0,
      0.25,
      0.25,
      0.25,
      0.25,
      0.25,
      0.25,
      0.25,
      0.25,
      0.25,
      0.25,
      0.25,
      0.25,
      0.25,
      0.25,
      0.25,
      0.25,
      0.25,
      0.25,
      0.25,
      0.25,
      0.25,
      0.25,
      0.25
    ],
    "info_f1": [
      0.0,
      0.0,
      0.0,
      0.1,
      0.0,
      0.1,
      0.0,
      0.1,
      0.1,
      0.1,
      0.1,
      0.1,
      0.1,
      0.1,
      0.1,
      0.1,
      0.1,
      0.1,
      0.1,
      0.1,
      0.1,
      0.1,
      0.1,
      0.1,
      0.1,
      0.1,
      0.1,
      0.1,
      0.1,
      0.1
    ],
    "info_cmae": [
      3.1758609414100647,
      3.152724325656891,
      2.5688575506210327,
      2.0744959115982056,
      1.495039939880371,
      1.25,
      1.2577409744262695,
      1.25,
      1.25,
      1.25,
      1.25,
      1.25,
      1.25,
      1.25,
      1.25,
      1.25,
      1.25,
      1.25,
      1.25,
      1.25,
      1.25,
      1.25,
      1.25,
      1.25,
      1.25,
      1.25,
      1.25,
      1.25,
      1.25,
      1.25
    ],
    "info_mae": [
      3.1758609414100647,
      3.152724325656891,
      2.5688575506210327,
      2.0744959115982056,
      1.495039939880371,
      1.25,
      1.2577409744262695,
      1.25,
      1.25,
      1.25,
      1.25,
      1.25,
      1.25,
      1.25,
      1.25,
      1.25,
      1.25,
      1.25,
      1.25,
      1.25,
      1.25,
      1.25,
      1.25,
      1.25,
      1.25,
      1.25,
      1.25,
      1.25,
      1.25,
      1.25
    ]
  }
}