{
  "User": "491",
  "validation_results": {
    "Accuracy": [
      [
        0.6000000238418579,
        0.48000001907348633,
        0.48000001907348633
      ]
    ],
    "Precision": [
      [
        0.20000000298023224,
        0.0,
        0.0
      ]
    ],
    "Recall": [
      [
        0.3333333432674408,
        0.0,
        0.0
      ]
    ],
    "F1Score": [
      [
        0.25,
        0.0,
        0.0
      ]
    ],
    "info_prec": [
      0.0,
      0.0,
      0.0,
      0.06666666666666667,
      0.06666666666666667,
      0.0,
      0.06666666666666667,
      0.0,
      0.0,
      0.0,
      0.0,
      0.0,
      0.0,
      0.0,
      0.0,
      0.0,
      0.0,
      0.0,
      0.0,
      0.0,
      0.0,
      0.0,
      0.0,
      0.0,
      0.0,
      0.0,
      0.0,
      0.0,
      0.0,
      0.0
    ],
    "info_rec": [
      0.0,
      0.0,
      0.0,
      0.3333333333333333,
      0.3333333333333333,
      0.0,
      0.3333333333333333,
      0.0,
      0.0,
      0.0,
      0.0,
      0.0,
      0.0,
      0.0,
      0.0,
      0.0,
      0.0,
      0.0,
      0.0,
      0.0,
      0.0,
      0.0,
      0.0,
      0.0,
      0.0,
      0.0,
      0.0,
      0.0,
      0.0,
      0.0
    ],
    "info_f1": [
      0.0,
      0.0,
      0.0,
      0.11111111111111112,
      0.11111111111111112,
      0.0,
      0.11111111111111112,
      0.0,
      0.0,
      0.0,
      0.0,
      0.0,
      0.0,
      0.0,
      0.0,
      0.0,
      0.0,
      0.0,
      0.0,
      0.0,
      0.0,
      0.0,
      0.0,
      0.0,
      0.0,
      0.0,
      0.0,
      0.0,
      0.0,
      0.0
    ],
    "info_cmae": [
      2.9258609414100647,
      2.9027245243390403,
      2.3188575506210327,
      1.8829972743988037,
      1.8366400400797527,
      2.027646621068319,
      1.994839350382487,
      2.019718964894613,
      2.041473706563314,
      2.032980044682821,
      2.060333569844564,
      2.0964412689208984,
      2.0656986236572266,
      2.0865405400594077,
      2.1322808265686035,
      2.1550280253092446,
      2.1562681198120117,
      2.1601978143056235,
      2.1809114615122476,
      2.190286080042521,
      2.1966915130615234,
      2.205956141153971,
      2.2174126307169595,
      2.2318673133850098,
      2.220933755238851,
      2.2363944053649902,
      2.248584270477295,
      2.2500127156575522,
      2.248945156733195,
      2.260457754135132
    ],
    "info_mae": [
      4.125860941410065,
      4.102724421024322,
      3.518857550621033,
      2.989395093917847,
      2.4980159759521485,
      2.3834120273590087,
      2.403096389770508,
      2.3881686210632322,
      2.3751157760620116,
      2.3802119731903075,
      2.3637998580932615,
      2.3421352386474608,
      2.360580825805664,
      2.3480756759643553,
      2.320631504058838,
      2.3069831848144533,
      2.306239128112793,
      2.303881311416626,
      2.2914531230926514,
      2.2858283519744873,
      2.2819850921630858,
      2.276426315307617,
      2.2695524215698244,
      2.2608796119689942,
      2.2674397468566894,
      2.2581633567810058,
      2.2508494377136232,
      2.2499923706054688,
      2.250632905960083,
      2.2437253475189207
    ]
  }
}