{
  "User": "299",
  "validation_results": {
    "Accuracy": [
      [
        0.2380952537059784,
        0.3333333432674408,
        0.4444444477558136
      ]
    ],
    "Precision": [
      [
        0.0476190485060215,
        0.1111111119389534,
        0.0
      ]
    ],
    "Recall": [
      [
        0.1428571492433548,
        0.3333333432674408,
        0.0
      ]
    ],
    "F1Score": [
      [
        0.0714285746216774,
        0.1666666716337204,
        0.0
      ]
    ],
    "info_prec": [
      0.0,
      0.0,
      0.0,
      0.0,
      0.0,
      0.1111111111111111,
      0.0,
      0.1111111111111111,
      0.1111111111111111,
      0.1111111111111111,
      0.1111111111111111,
      0.1111111111111111,
      0.1111111111111111,
      0.1111111111111111,
      0.1111111111111111,
      0.1111111111111111,
      0.1111111111111111,
      0.1111111111111111,
      0.1111111111111111,
      0.1111111111111111,
      0.1111111111111111,
      0.1111111111111111,
      0.1111111111111111,
      0.1111111111111111,
      0.1111111111111111,
      0.1111111111111111,
      0.1111111111111111,
      0.1111111111111111,
      0.1111111111111111,
      0.1111111111111111
    ],
    "info_rec": [
      0.0,
      0.0,
      0.0,
      0.0,
      0.0,
      0.3333333333333333,
      0.0,
      0.3333333333333333,
      0.3333333333333333,
      0.3333333333333333,
      0.3333333333333333,
      0.3333333333333333,
      0.3333333333333333,
      0.3333333333333333,
      0.3333333333333333,
      0.3333333333333333,
      0.3333333333333333,
      0.3333333333333333,
      0.3333333333333333,
      0.3333333333333333,
      0.3333333333333333,
      0.3333333333333333,
      0.3333333333333333,
      0.3333333333333333,
      0.3333333333333333,
      0.3333333333333333,
      0.3333333333333333,
      0.3333333333333333,
      0.3333333333333333,
      0.3333333333333333
    ],
    "info_f1": [
      0.0,
      0.0,
      0.0,
      0.0,
      0.0,
      0.16666666666666666,
      0.0,
      0.16666666666666666,
      0.16666666666666666,
      0.16666666666666666,
      0.16666666666666666,
      0.16666666666666666,
      0.16666666666666666,
      0.16666666666666666,
      0.16666666666666666,
      0.16666666666666666,
      0.16666666666666666,
      0.16666666666666666,
      0.16666666666666666,
      0.16666666666666666,
      0.16666666666666666,
      0.16666666666666666,
      0.16666666666666666,
      0.16666666666666666,
      0.16666666666666666,
      0.16666666666666666,
      0.16666666666666666,
      0.16666666666666666,
      0.16666666666666666,
      0.16666666666666666
    ],
    "info_cmae": [
      4.592527608076732,
      4.569390828410785,
      3.9855242172876992,
      3.3156584898630777,
      2.1567465464274087,
      1.639020045598348,
      1.6821486155192058,
      1.646947701772054,
      1.6251929601033528,
      1.633686621983846,
      1.6063330968221028,
      1.5702253977457683,
      1.6009680430094402,
      1.580126126607259,
      1.5343858400980632,
      1.5116386413574219,
      1.510398546854655,
      1.5064688523610432,
      1.485755205154419,
      1.4763805866241455,
      1.4699751536051433,
      1.4607105255126953,
      1.449254035949707,
      1.434799353281657,
      1.4457329114278157,
      1.4302722613016765,
      1.4180823961893718,
      1.4166539510091145,
      1.4177215099334717,
      1.406208912531535
    ],
    "info_mae": [
      4.592527608076732,
      4.569390828410785,
      3.9855242172876992,
      3.3156584898630777,
      2.1567465464274087,
      1.639020045598348,
      1.6821486155192058,
      1.646947701772054,
      1.6251929601033528,
      1.633686621983846,
      1.6063330968221028,
      1.5702253977457683,
      1.6009680430094402,
      1.580126126607259,
      1.5343858400980632,
      1.5116386413574219,
      1.510398546854655,
      1.5064688523610432,
      1.485755205154419,
      1.4763805866241455,
      1.4699751536051433,
      1.4607105255126953,
      1.449254035949707,
      1.434799353281657,
      1.4457329114278157,
      1.4302722613016765,
      1.4180823961893718,
      1.4166539510091145,
      1.4177215099334717,
      1.406208912531535
    ]
  }
}