{
  "User": "217",
  "validation_results": {
    "Accuracy": [
      [
        0.37142857909202576,
        0.5142857432365417,
        0.4888889193534851
      ]
    ],
    "Precision": [
      [
        0.2571428716182709,
        0.22857142984867096,
        0.0
      ]
    ],
    "Recall": [
      [
        0.4285714328289032,
        0.2857142984867096,
        0.0
      ]
    ],
    "F1Score": [
      [
        0.3214285671710968,
        0.2539682686328888,
        0.0
      ]
    ],
    "info_prec": [
      0.13333333333333333,
      0.13333333333333333,
      0.13333333333333333,
      0.0,
      0.0,
      0.0,
      0.0,
      0.0,
      0.0,
      0.0,
      0.0,
      0.0,
      0.0,
      0.0,
      0.0,
      0.0,
      0.0,
      0.0,
      0.0,
      0.0,
      0.0,
      0.0,
      0.0,
      0.0,
      0.0,
      0.0,
      0.0,
      0.0,
      0.0,
      0.0
    ],
    "info_rec": [
      0.3333333333333333,
      0.3333333333333333,
      0.3333333333333333,
      0.0,
      0.0,
      0.0,
      0.0,
      0.0,
      0.0,
      0.0,
      0.0,
      0.0,
      0.0,
      0.0,
      0.0,
      0.0,
      0.0,
      0.0,
      0.0,
      0.0,
      0.0,
      0.0,
      0.0,
      0.0,
      0.0,
      0.0,
      0.0,
      0.0,
      0.0,
      0.0
    ],
    "info_f1": [
      0.1904761904761905,
      0.1904761904761905,
      0.1904761904761905,
      0.0,
      0.0,
      0.0,
      0.0,
      0.0,
      0.0,
      0.0,
      0.0,
      0.0,
      0.0,
      0.0,
      0.0,
      0.0,
      0.0,
      0.0,
      0.0,
      0.0,
      0.0,
      0.0,
      0.0,
      0.0,
      0.0,
      0.0,
      0.0,
      0.0,
      0.0,
      0.0
    ],
    "info_cmae": [
      3.3086203138033548,
      3.3009083792567253,
      3.1062858502070108,
      2.8829972743988037,
      2.4966932932535806,
      2.3056867122650146,
      2.338493982950846,
      2.3136143684387207,
      2.2918596267700195,
      2.3003532886505127,
      2.2729997634887695,
      2.236892064412435,
      2.267634709676107,
      2.246792793273926,
      2.20105250676473,
      2.1783053080240884,
      2.1770652135213218,
      2.17313551902771,
      2.1524218718210855,
      2.143047253290812,
      2.13664182027181,
      2.127377192179362,
      2.1159207026163735,
      2.1014660199483237,
      2.1123995780944824,
      2.0969389279683432,
      2.0847490628560386,
      2.0833206176757812,
      2.084388176600138,
      2.0728755791982016
    ],
    "info_mae": [
      2.785172188282013,
      2.780545124411583,
      2.6637715101242065,
      2.5297983646392823,
      2.2980159759521483,
      2.183412027359009,
      2.203096389770508,
      2.1881686210632325,
      2.175115776062012,
      2.180211973190308,
      2.163799858093262,
      2.142135238647461,
      2.1605808258056642,
      2.1480756759643556,
      2.1206315040588377,
      2.106983184814453,
      2.106239128112793,
      2.103881311416626,
      2.091453123092651,
      2.085828351974487,
      2.081985092163086,
      2.076426315307617,
      2.069552421569824,
      2.060879611968994,
      2.0674397468566896,
      2.058163356781006,
      2.050849437713623,
      2.0499923706054686,
      2.050632905960083,
      2.043725347518921
    ]
  }
}