{
  "User": "52",
  "validation_results": {
    "Accuracy": [
      [
        0.5,
        0.8333333730697632,
        0.25
      ]
    ],
    "Precision": [
      [
        0.0,
        0.6666666865348816,
        0.0
      ]
    ],
    "Recall": [
      [
        0.0,
        0.6666666865348816,
        0.0
      ]
    ],
    "F1Score": [
      [
        0.0,
        0.6666666865348816,
        0.0
      ]
    ],
    "info_prec": [
      0.0,
      0.0,
      0.0,
      0.25,
      0.0,
      0.0,
      0.0,
      0.0,
      0.0,
      0.0,
      0.0,
      0.0,
      0.0,
      0.0,
      0.0,
      0.0,
      0.0,
      0.0,
      0.0,
      0.0,
      0.0,
      0.0,
      0.0,
      0.0,
      0.0,
      0.0,
      0.0,
      0.0,
      0.0,
      0.0
    ],
    "info_rec": [
      0.0,
      0.0,
      0.0,
      0.5,
      0.0,
      0.0,
      0.0,
      0.0,
      0.0,
      0.0,
      0.0,
      0.0,
      0.0,
      0.0,
      0.0,
      0.0,
      0.0,
      0.0,
      0.0,
      0.0,
      0.0,
      0.0,
      0.0,
      0.0,
      0.0,
      0.0,
      0.0,
      0.0,
      0.0,
      0.0
    ],
    "info_f1": [
      0.0,
      0.0,
      0.0,
      0.3333333333333333,
      0.0,
      0.0,
      0.0,
      0.0,
      0.0,
      0.0,
      0.0,
      0.0,
      0.0,
      0.0,
      0.0,
      0.0,
      0.0,
      0.0,
      0.0,
      0.0,
      0.0,
      0.0,
      0.0,
      0.0,
      0.0,
      0.0,
      0.0,
      0.0,
      0.0,
      0.0
    ],
    "info_cmae": [
      2.4258609414100647,
      2.4027236327528954,
      1.8188575506210327,
      1.5,
      1.5,
      1.5,
      1.5,
      1.5,
      1.5,
      1.5,
      1.5,
      1.5,
      1.5,
      1.5,
      1.5,
      1.5,
      1.5,
      1.5,
      1.5,
      1.5,
      1.5,
      1.5,
      1.5,
      1.5,
      1.5,
      1.5,
      1.5,
      1.5,
      1.5,
      1.5
    ],
    "info_mae": [
      2.4258609414100647,
      2.4027236327528954,
      1.8188575506210327,
      1.5,
      1.5,
      1.5,
      1.5,
      1.5,
      1.5,
      1.5,
      1.5,
      1.5,
      1.5,
      1.5,
      1.5,
      1.5,
      1.5,
      1.5,
      1.5,
      1.5,
      1.5,
      1.5,
      1.5,
      1.5,
      1.5,
      1.5,
      1.5,
      1.5,
      1.5,
      1.5
    ]
  }
}