{
  "User": "574",
  "validation_results": {
    "Accuracy": [
      [
        0.5,
        0.19999998807907104,
        0.0
      ]
    ],
    "Precision": [
      [
        0.019999999552965164,
        0.03999999910593033,
        0.0
      ]
    ],
    "Recall": [
      [
        0.10000000149011612,
        0.20000000298023224,
        0.0
      ]
    ],
    "F1Score": [
      [
        0.03333333507180214,
        0.06666667014360428,
        0.0
      ]
    ],
    "info_prec": [
      0.0,
      0.0,
      0.0,
      0.0,
      0.06666666666666667,
      0.0,
      0.06666666666666667,
      0.0,
      0.0,
      0.0,
      0.0,
      0.0,
      0.0,
      0.0,
      0.0,
      0.0,
      0.0,
      0.0,
      0.0,
      0.0,
      0.0,
      0.0,
      0.0,
      0.0,
      0.0,
      0.0,
      0.0,
      0.0,
      0.0,
      0.0
    ],
    "info_rec": [
      0.0,
      0.0,
      0.0,
      0.0,
      0.3333333333333333,
      0.0,
      0.3333333333333333,
      0.0,
      0.0,
      0.0,
      0.0,
      0.0,
      0.0,
      0.0,
      0.0,
      0.0,
      0.0,
      0.0,
      0.0,
      0.0,
      0.0,
      0.0,
      0.0,
      0.0,
      0.0,
      0.0,
      0.0,
      0.0,
      0.0,
      0.0
    ],
    "info_f1": [
      0.0,
      0.0,
      0.0,
      0.0,
      0.11111111111111112,
      0.0,
      0.11111111111111112,
      0.0,
      0.0,
      0.0,
      0.0,
      0.0,
      0.0,
      0.0,
      0.0,
      0.0,
      0.0,
      0.0,
      0.0,
      0.0,
      0.0,
      0.0,
      0.0,
      0.0,
      0.0,
      0.0,
      0.0,
      0.0,
      0.0,
      0.0
    ],
    "info_cmae": [
      3.592527608076731,
      3.569391126434008,
      2.9855242172876992,
      2.3156584898630777,
      1.4966932932535808,
      1.3056867122650146,
      1.3384939829508464,
      1.3136143684387207,
      1.2918596267700195,
      1.3003532886505127,
      1.2729997634887695,
      1.2368920644124348,
      1.2676347096761067,
      1.2467927932739258,
      1.2010525067647297,
      1.1783053080240886,
      1.1770652135213215,
      1.17313551902771,
      1.1524218718210857,
      1.1430472532908122,
      1.1366418202718098,
      1.127377192179362,
      1.1159207026163738,
      1.1014660199483235,
      1.1123995780944824,
      1.096938927968343,
      1.0847490628560383,
      1.0833206176757812,
      1.0843881766001384,
      1.0728755791982014
    ],
    "info_mae": [
      3.9258609414100647,
      3.9027244210243226,
      3.3188575506210327,
      2.648991823196411,
      1.6940479278564453,
      1.3502360820770263,
      1.4092891693115235,
      1.3645058631896974,
      1.325347328186035,
      1.3406359195709228,
      1.2913995742797852,
      1.226405715942383,
      1.281742477416992,
      1.2442270278930665,
      1.1618945121765136,
      1.1209495544433594,
      1.1187173843383789,
      1.1116439342498778,
      1.074359369277954,
      1.0574850559234619,
      1.045955276489258,
      1.0292789459228515,
      1.0086572647094727,
      0.9826388359069824,
      1.0023192405700683,
      0.9744900703430176,
      0.9525483131408692,
      0.9499771118164062,
      0.951898717880249,
      0.9311760425567627
    ]
  }
}