{
  "User": "123",
  "validation_results": {
    "Accuracy": [
      [
        0.7857142686843872,
        0.25999999046325684,
        0.6090909242630005
      ]
    ],
    "Precision": [
      [
        0.4571428596973419,
        0.009999999776482582,
        0.0
      ]
    ],
    "Recall": [
      [
        0.5714285969734192,
        0.10000000149011612,
        0.0
      ]
    ],
    "F1Score": [
      [
        0.5079365372657776,
        0.01818181946873665,
        0.0
      ]
    ],
    "info_prec": [
      0.1,
      0.1,
      0.1,
      0.1,
      0.0,
      0.025,
      0.0,
      0.025,
      0.025,
      0.025,
      0.025,
      0.025,
      0.025,
      0.025,
      0.025,
      0.025,
      0.025,
      0.025,
      0.025,
      0.025,
      0.025,
      0.025,
      0.025,
      0.025,
      0.025,
      0.025,
      0.025,
      0.025,
      0.025,
      0.025
    ],
    "info_rec": [
      0.25,
      0.25,
      0.25,
      0.25,
      0.0,
      0.25,
      0.0,
      0.25,
      0.25,
      0.25,
      0.25,
      0.25,
      0.25,
      0.25,
      0.25,
      0.25,
      0.25,
      0.25,
      0.25,
      0.25,
      0.25,
      0.25,
      0.25,
      0.25,
      0.25,
      0.25,
      0.25,
      0.25,
      0.25,
      0.25
    ],
    "info_f1": [
      0.14285714285714288,
      0.14285714285714288,
      0.14285714285714288,
      0.14285714285714288,
      0.0,
      0.045454545454545456,
      0.0,
      0.045454545454545456,
      0.045454545454545456,
      0.045454545454545456,
      0.045454545454545456,
      0.045454545454545456,
      0.045454545454545456,
      0.045454545454545456,
      0.045454545454545456,
      0.045454545454545456,
      0.045454545454545456,
      0.045454545454545456,
      0.045454545454545456,
      0.045454545454545456,
      0.045454545454545456,
      0.045454545454545456,
      0.045454545454545456,
      0.045454545454545456,
      0.045454545454545456,
      0.045454545454545456,
      0.045454545454545456,
      0.045454545454545456,
      0.045454545454545456,
      0.045454545454545456
    ],
    "info_cmae": [
      1.9629304707050323,
      1.9513622773811221,
      1.6594287753105164,
      1.5,
      1.5,
      1.541469931602478,
      1.5,
      1.529578447341919,
      1.5622105598449707,
      1.549470067024231,
      1.5905003547668457,
      1.6446619033813477,
      1.5985479354858398,
      1.6298106908798218,
      1.6984211206436157,
      1.7325420379638672,
      1.7344021797180176,
      1.740296721458435,
      1.7713671922683716,
      1.7854291200637817,
      1.795037031173706,
      1.8089343309402466,
      1.8261189460754395,
      1.8478009700775146,
      1.8314006328582764,
      1.8545918464660645,
      1.8728764057159424,
      1.8750190734863281,
      1.8734177350997925,
      1.8906865119934082
    ],
    "info_mae": [
      1.085172188282013,
      1.0805448561906814,
      0.9637715101242066,
      1.1106049060821532,
      1.8059520721435547,
      2.166351890563965,
      2.0907108306884767,
      2.1473255157470703,
      2.199536895751953,
      2.1791521072387696,
      2.244800567626953,
      2.3314590454101562,
      2.257676696777344,
      2.3076971054077147,
      2.417473793029785,
      2.4720672607421874,
      2.4750434875488283,
      2.484474754333496,
      2.5341875076293947,
      2.556686592102051,
      2.5720592498779298,
      2.5942949295043944,
      2.621790313720703,
      2.6564815521240233,
      2.6302410125732423,
      2.667346954345703,
      2.6966022491455077,
      2.700030517578125,
      2.697468376159668,
      2.725098419189453
    ]
  }
}