{
  "User": "75",
  "validation_results": {
    "Accuracy": [
      [
        0.48000001907348633,
        0.3199999928474426,
        0.3199999928474426
      ]
    ],
    "Precision": [
      [
        0.0,
        0.0,
        0.0
      ]
    ],
    "Recall": [
      [
        0.0,
        0.0,
        0.0
      ]
    ],
    "F1Score": [
      [
        0.0,
        0.0,
        0.0
      ]
    ],
    "info_prec": [
      0.0,
      0.0,
      0.0,
      0.0,
      0.0,
      0.06666666666666667,
      0.0,
      0.06666666666666667,
      0.06666666666666667,
      0.06666666666666667,
      0.06666666666666667,
      0.06666666666666667,
      0.06666666666666667,
      0.06666666666666667,
      0.06666666666666667,
      0.06666666666666667,
      0.06666666666666667,
      0.06666666666666667,
      0.06666666666666667,
      0.06666666666666667,
      0.06666666666666667,
      0.06666666666666667,
      0.06666666666666667,
      0.06666666666666667,
      0.06666666666666667,
      0.06666666666666667,
      0.06666666666666667,
      0.06666666666666667,
      0.06666666666666667,
      0.06666666666666667
    ],
    "info_rec": [
      0.0,
      0.0,
      0.0,
      0.0,
      0.0,
      0.3333333333333333,
      0.0,
      0.3333333333333333,
      0.3333333333333333,
      0.3333333333333333,
      0.3333333333333333,
      0.3333333333333333,
      0.3333333333333333,
      0.3333333333333333,
      0.3333333333333333,
      0.3333333333333333,
      0.3333333333333333,
      0.3333333333333333,
      0.3333333333333333,
      0.3333333333333333,
      0.3333333333333333,
      0.3333333333333333,
      0.3333333333333333,
      0.3333333333333333,
      0.3333333333333333,
      0.3333333333333333,
      0.3333333333333333,
      0.3333333333333333,
      0.3333333333333333,
      0.3333333333333333
    ],
    "info_f1": [
      0.0,
      0.0,
      0.0,
      0.0,
      0.0,
      0.11111111111111112,
      0.0,
      0.11111111111111112,
      0.11111111111111112,
      0.11111111111111112,
      0.11111111111111112,
      0.11111111111111112,
      0.11111111111111112,
      0.11111111111111112,
      0.11111111111111112,
      0.11111111111111112,
      0.11111111111111112,
      0.11111111111111112,
      0.11111111111111112,
      0.11111111111111112,
      0.11111111111111112,
      0.11111111111111112,
      0.11111111111111112,
      0.11111111111111112,
      0.11111111111111112,
      0.11111111111111112,
      0.11111111111111112,
      0.11111111111111112,
      0.11111111111111112,
      0.11111111111111112
    ],
    "info_cmae": [
      3.9258609414100647,
      3.9027244647343955,
      3.3188575506210327,
      2.648991823196411,
      1.4900798797607422,
      0.9723533789316813,
      1.015481948852539,
      0.9802810351053873,
      0.9585262934366862,
      0.9670199553171793,
      0.9396664301554362,
      0.9035587310791016,
      0.9343013763427734,
      0.9134594599405924,
      0.8677191734313965,
      0.8449719746907552,
      0.8437318801879883,
      0.8398021856943766,
      0.8190885384877523,
      0.8097139199574789,
      0.8033084869384766,
      0.7940438588460287,
      0.7825873692830404,
      0.7681326866149902,
      0.779066244761149,
      0.7636055946350098,
      0.7514157295227051,
      0.7499872843424479,
      0.751054843266805,
      0.7395422458648682
    ],
    "info_mae": [
      4.125860941410065,
      4.102724426984787,
      3.518857550621033,
      2.8489918231964113,
      1.6900798797607421,
      1.1502360820770263,
      1.215481948852539,
      1.1645058631896972,
      1.1253473281860351,
      1.1406359195709228,
      1.091399574279785,
      1.0264057159423827,
      1.0817424774169921,
      1.0442270278930663,
      0.9618945121765137,
      0.9209495544433594,
      0.9187173843383789,
      0.9116439342498779,
      0.8743593692779541,
      0.8574850559234619,
      0.8459552764892578,
      0.8292789459228516,
      0.8086572647094726,
      0.7826388359069825,
      0.8023192405700683,
      0.7744900703430175,
      0.7525483131408691,
      0.7499771118164062,
      0.751898717880249,
      0.7311760425567627
    ]
  }
}