{
  "User": "167",
  "validation_results": {
    "Accuracy": [
      [
        0.03333333507180214,
        0.42500001192092896,
        0.4571428596973419
      ]
    ],
    "Precision": [
      [
        0.03333333507180214,
        0.02500000037252903,
        0.0
      ]
    ],
    "Recall": [
      [
        0.1666666716337204,
        0.125,
        0.0
      ]
    ],
    "F1Score": [
      [
        0.0555555559694767,
        0.0416666679084301,
        0.0
      ]
    ],
    "info_prec": [
      0.0,
      0.0,
      0.0,
      0.0,
      0.13333333333333333,
      0.0,
      0.13333333333333333,
      0.0,
      0.0,
      0.0,
      0.0,
      0.0,
      0.0,
      0.0,
      0.0,
      0.0,
      0.0,
      0.0,
      0.0,
      0.0,
      0.0,
      0.0,
      0.0,
      0.0,
      0.0,
      0.0,
      0.0,
      0.0,
      0.0,
      0.0
    ],
    "info_rec": [
      0.0,
      0.0,
      0.0,
      0.0,
      0.3333333333333333,
      0.0,
      0.3333333333333333,
      0.0,
      0.0,
      0.0,
      0.0,
      0.0,
      0.0,
      0.0,
      0.0,
      0.0,
      0.0,
      0.0,
      0.0,
      0.0,
      0.0,
      0.0,
      0.0,
      0.0,
      0.0,
      0.0,
      0.0,
      0.0,
      0.0,
      0.0
    ],
    "info_f1": [
      0.0,
      0.0,
      0.0,
      0.0,
      0.1904761904761905,
      0.0,
      0.1904761904761905,
      0.0,
      0.0,
      0.0,
      0.0,
      0.0,
      0.0,
      0.0,
      0.0,
      0.0,
      0.0,
      0.0,
      0.0,
      0.0,
      0.0,
      0.0,
      0.0,
      0.0,
      0.0,
      0.0,
      0.0,
      0.0,
      0.0,
      0.0
    ],
    "info_cmae": [
      3.592527608076731,
      3.569390947620074,
      2.9855242172876992,
      2.3156584898630777,
      1.4966932932535808,
      1.3056867122650146,
      1.3384939829508464,
      1.3136143684387207,
      1.2918596267700195,
      1.3003532886505127,
      1.2729997634887695,
      1.2368920644124348,
      1.2676347096761067,
      1.2467927932739258,
      1.2010525067647297,
      1.1783053080240886,
      1.1770652135213215,
      1.17313551902771,
      1.1524218718210857,
      1.1430472532908122,
      1.1366418202718098,
      1.127377192179362,
      1.1159207026163738,
      1.1014660199483235,
      1.1123995780944824,
      1.096938927968343,
      1.0847490628560383,
      1.0833206176757812,
      1.0843881766001384,
      1.0728755791982014
    ],
    "info_mae": [
      3.525860941410065,
      3.5027244210243227,
      2.918857550621033,
      2.248991823196411,
      1.4980159759521485,
      1.3834120273590087,
      1.4030963897705078,
      1.3881686210632325,
      1.3751157760620116,
      1.3802119731903075,
      1.3637998580932618,
      1.342135238647461,
      1.360580825805664,
      1.3480756759643555,
      1.320631504058838,
      1.306983184814453,
      1.306239128112793,
      1.3038813114166259,
      1.2914531230926514,
      1.2858283519744873,
      1.281985092163086,
      1.2764263153076172,
      1.2695524215698242,
      1.2608796119689942,
      1.2674397468566894,
      1.2581633567810058,
      1.250849437713623,
      1.2499923706054688,
      1.250632905960083,
      1.243725347518921
    ]
  }
}