{
  "User": "135",
  "validation_results": {
    "Accuracy": [
      [
        0.6666666865348816,
        0.8666666746139526,
        0.5333333611488342
      ]
    ],
    "Precision": [
      [
        0.4444444477558136,
        0.6000000238418579,
        0.0
      ]
    ],
    "Recall": [
      [
        0.6666666865348816,
        0.6000000238418579,
        0.0
      ]
    ],
    "F1Score": [
      [
        0.5333333611488342,
        0.6000000238418579,
        0.0
      ]
    ],
    "info_prec": [
      0.0,
      0.0,
      0.0,
      0.0,
      0.16666666666666666,
      0.0,
      0.16666666666666666,
      0.0,
      0.0,
      0.0,
      0.0,
      0.0,
      0.0,
      0.0,
      0.0,
      0.0,
      0.0,
      0.0,
      0.0,
      0.0,
      0.0,
      0.0,
      0.0,
      0.0,
      0.0,
      0.0,
      0.0,
      0.0,
      0.0,
      0.0
    ],
    "info_rec": [
      0.0,
      0.0,
      0.0,
      0.0,
      0.5,
      0.0,
      0.5,
      0.0,
      0.0,
      0.0,
      0.0,
      0.0,
      0.0,
      0.0,
      0.0,
      0.0,
      0.0,
      0.0,
      0.0,
      0.0,
      0.0,
      0.0,
      0.0,
      0.0,
      0.0,
      0.0,
      0.0,
      0.0,
      0.0,
      0.0
    ],
    "info_f1": [
      0.0,
      0.0,
      0.0,
      0.0,
      0.25,
      0.0,
      0.25,
      0.0,
      0.0,
      0.0,
      0.0,
      0.0,
      0.0,
      0.0,
      0.0,
      0.0,
      0.0,
      0.0,
      0.0,
      0.0,
      0.0,
      0.0,
      0.0,
      0.0,
      0.0,
      0.0,
      0.0,
      0.0,
      0.0,
      0.0
    ],
    "info_cmae": [
      2.9258609414100647,
      2.9027238860726357,
      2.3188575506210327,
      1.6489918231964111,
      1.0,
      1.0,
      1.0,
      1.0,
      1.0,
      1.0,
      1.0,
      1.0,
      1.0,
      1.0,
      1.0,
      1.0,
      1.0,
      1.0,
      1.0,
      1.0,
      1.0,
      1.0,
      1.0,
      1.0,
      1.0,
      1.0,
      1.0,
      1.0,
      1.0,
      1.0
    ],
    "info_mae": [
      3.259194274743398,
      3.2360574503739676,
      2.652190883954366,
      1.9823251565297444,
      1.1633599599202473,
      0.9723533789316813,
      1.005160649617513,
      0.9802810351053873,
      0.9585262934366862,
      0.9670199553171793,
      0.9396664301554362,
      0.9035587310791016,
      0.9343013763427734,
      0.9134594599405924,
      0.8677191734313965,
      0.8449719746907552,
      0.8437318801879883,
      0.8398021856943766,
      0.8190885384877523,
      0.8097139199574789,
      0.8033084869384766,
      0.7940438588460287,
      0.7825873692830404,
      0.7681326866149902,
      0.779066244761149,
      0.7636055946350098,
      0.7514157295227051,
      0.7499872843424479,
      0.751054843266805,
      0.7395422458648682
    ]
  }
}