{
  "User": "532",
  "validation_results": {
    "Accuracy": [
      [
        0.5416666865348816,
        0.0,
        0.0
      ]
    ],
    "Precision": [
      [
        0.375,
        0.0,
        0.0
      ]
    ],
    "Recall": [
      [
        0.375,
        0.0,
        0.0
      ]
    ],
    "F1Score": [
      [
        0.375,
        0.0,
        0.0
      ]
    ],
    "info_prec": [
      0.0,
      0.0,
      0.0,
      0.0,
      0.0,
      0.0,
      0.0,
      0.0,
      0.0,
      0.0,
      0.0,
      0.0,
      0.0,
      0.0,
      0.0,
      0.0,
      0.0,
      0.0,
      0.0,
      0.0,
      0.0,
      0.0,
      0.0,
      0.0,
      0.0,
      0.0,
      0.0,
      0.0,
      0.0,
      0.0
    ],
    "info_rec": [
      0.0,
      0.0,
      0.0,
      0.0,
      0.0,
      0.0,
      0.0,
      0.0,
      0.0,
      0.0,
      0.0,
      0.0,
      0.0,
      0.0,
      0.0,
      0.0,
      0.0,
      0.0,
      0.0,
      0.0,
      0.0,
      0.0,
      0.0,
      0.0,
      0.0,
      0.0,
      0.0,
      0.0,
      0.0,
      0.0
    ],
    "info_f1": [
      0.0,
      0.0,
      0.0,
      0.0,
      0.0,
      0.0,
      0.0,
      0.0,
      0.0,
      0.0,
      0.0,
      0.0,
      0.0,
      0.0,
      0.0,
      0.0,
      0.0,
      0.0,
      0.0,
      0.0,
      0.0,
      0.0,
      0.0,
      0.0,
      0.0,
      0.0,
      0.0,
      0.0,
      0.0,
      0.0
    ],
    "info_cmae": [
      5.425860941410065,
      5.402723975479603,
      4.818857550621033,
      4.148991823196411,
      2.990079879760742,
      2.417060136795044,
      2.515481948852539,
      2.440843105316162,
      2.3755788803100586,
      2.401059865951538,
      2.3189992904663086,
      2.2106761932373047,
      2.3029041290283203,
      2.2403783798217773,
      2.1031575202941895,
      2.0349159240722656,
      2.031195640563965,
      2.01940655708313,
      1.9572656154632568,
      1.9291417598724365,
      1.9099254608154297,
      1.882131576538086,
      1.847762107849121,
      1.8043980598449707,
      1.8371987342834473,
      1.7908167839050293,
      1.7542471885681152,
      1.7499618530273438,
      1.753164529800415,
      1.7186267375946045
    ],
    "info_mae": [
      5.592527608076732,
      5.569390843311946,
      4.9855242172877,
      4.315658489863078,
      3.1567465464274087,
      2.5837268034617105,
      2.6821486155192056,
      2.6075097719828286,
      2.542245546976725,
      2.5677265326182046,
      2.485665957132975,
      2.377342859903971,
      2.469570795694987,
      2.407045046488444,
      2.269824186960856,
      2.201582590738932,
      2.1978623072306314,
      2.1860732237497964,
      2.1239322821299234,
      2.095808426539103,
      2.076592127482096,
      2.0487982432047525,
      2.0144287745157876,
      1.9710647265116374,
      2.003865400950114,
      1.957483450571696,
      1.920913855234782,
      1.9166285196940105,
      1.9198311964670818,
      1.8852934042612712
    ]
  }
}