{
  "User": "53",
  "validation_results": {
    "Accuracy": [
      [
        0.4166666865348816,
        0.6666667461395264,
        0.0
      ]
    ],
    "Precision": [
      [
        0.0833333358168602,
        0.2666666805744171,
        0.0
      ]
    ],
    "Recall": [
      [
        0.25,
        0.4000000059604645,
        0.0
      ]
    ],
    "F1Score": [
      [
        0.125,
        0.3199999928474426,
        0.0
      ]
    ],
    "info_prec": [
      0.0,
      0.0,
      0.0,
      0.0,
      0.0,
      0.3333333333333333,
      0.0,
      0.3333333333333333,
      0.3333333333333333,
      0.3333333333333333,
      0.3333333333333333,
      0.3333333333333333,
      0.3333333333333333,
      0.3333333333333333,
      0.3333333333333333,
      0.3333333333333333,
      0.3333333333333333,
      0.3333333333333333,
      0.3333333333333333,
      0.3333333333333333,
      0.3333333333333333,
      0.3333333333333333,
      0.3333333333333333,
      0.3333333333333333,
      0.3333333333333333,
      0.3333333333333333,
      0.3333333333333333,
      0.3333333333333333,
      0.3333333333333333,
      0.3333333333333333
    ],
    "info_rec": [
      0.0,
      0.0,
      0.0,
      0.0,
      0.0,
      0.5,
      0.0,
      0.5,
      0.5,
      0.5,
      0.5,
      0.5,
      0.5,
      0.5,
      0.5,
      0.5,
      0.5,
      0.5,
      0.5,
      0.5,
      0.5,
      0.5,
      0.5,
      0.5,
      0.5,
      0.5,
      0.5,
      0.5,
      0.5,
      0.5
    ],
    "info_f1": [
      0.0,
      0.0,
      0.0,
      0.0,
      0.0,
      0.4,
      0.0,
      0.4,
      0.4,
      0.4,
      0.4,
      0.4,
      0.4,
      0.4,
      0.4,
      0.4,
      0.4,
      0.4,
      0.4,
      0.4,
      0.4,
      0.4,
      0.4,
      0.4,
      0.4,
      0.4,
      0.4,
      0.4,
      0.4,
      0.4
    ],
    "info_cmae": [
      3.4258609414100647,
      3.402724217623472,
      2.8188575506210327,
      2.148991823196411,
      0.9900798797607422,
      0.5,
      0.5154819488525391,
      0.5,
      0.5,
      0.5,
      0.5,
      0.5,
      0.5,
      0.5,
      0.5,
      0.5,
      0.5,
      0.5,
      0.5,
      0.5,
      0.5,
      0.5,
      0.5,
      0.5,
      0.5,
      0.5,
      0.5,
      0.5,
      0.5,
      0.5
    ],
    "info_mae": [
      3.259194274743398,
      3.236057455341021,
      2.652190883954366,
      1.9823251565297444,
      0.8234132130940756,
      0.36097995440165204,
      0.3488152821858724,
      0.353052298227946,
      0.37480703989664715,
      0.366313378016154,
      0.39366690317789715,
      0.42977460225423175,
      0.3990319569905599,
      0.4198738733927409,
      0.46561415990193683,
      0.4883613586425781,
      0.48960145314534503,
      0.4935311476389567,
      0.514244794845581,
      0.5236194133758545,
      0.5300248463948568,
      0.5392894744873047,
      0.550745964050293,
      0.5652006467183431,
      0.5542670885721842,
      0.5697277386983236,
      0.5819176038106283,
      0.5833460489908854,
      0.5822784900665283,
      0.5937910874684652
    ]
  }
}