{
  "User": "225",
  "validation_results": {
    "Accuracy": [
      [
        0.4166666865348816,
        0.6296296119689941,
        0.29629629850387573
      ]
    ],
    "Precision": [
      [
        0.0833333358168602,
        0.3333333432674408,
        0.0
      ]
    ],
    "Recall": [
      [
        0.25,
        0.3333333432674408,
        0.0
      ]
    ],
    "F1Score": [
      [
        0.125,
        0.3333333432674408,
        0.0
      ]
    ],
    "info_prec": [
      0.1111111111111111,
      0.1111111111111111,
      0.1111111111111111,
      0.1111111111111111,
      0.0,
      0.0,
      0.0,
      0.0,
      0.0,
      0.0,
      0.0,
      0.0,
      0.0,
      0.0,
      0.0,
      0.0,
      0.0,
      0.0,
      0.0,
      0.0,
      0.0,
      0.0,
      0.0,
      0.0,
      0.0,
      0.0,
      0.0,
      0.0,
      0.0,
      0.0
    ],
    "info_rec": [
      0.3333333333333333,
      0.3333333333333333,
      0.3333333333333333,
      0.3333333333333333,
      0.0,
      0.0,
      0.0,
      0.0,
      0.0,
      0.0,
      0.0,
      0.0,
      0.0,
      0.0,
      0.0,
      0.0,
      0.0,
      0.0,
      0.0,
      0.0,
      0.0,
      0.0,
      0.0,
      0.0,
      0.0,
      0.0,
      0.0,
      0.0,
      0.0,
      0.0
    ],
    "info_f1": [
      0.16666666666666666,
      0.16666666666666666,
      0.16666666666666666,
      0.16666666666666666,
      0.0,
      0.0,
      0.0,
      0.0,
      0.0,
      0.0,
      0.0,
      0.0,
      0.0,
      0.0,
      0.0,
      0.0,
      0.0,
      0.0,
      0.0,
      0.0,
      0.0,
      0.0,
      0.0,
      0.0,
      0.0,
      0.0,
      0.0,
      0.0,
      0.0,
      0.0
    ],
    "info_cmae": [
      1.6419536471366882,
      1.634241983294487,
      1.4396191835403442,
      1.4503360589345295,
      1.8366400400797527,
      2.027646621068319,
      1.994839350382487,
      2.019718964894613,
      2.041473706563314,
      2.032980044682821,
      2.060333569844564,
      2.0964412689208984,
      2.0656986236572266,
      2.0865405400594077,
      2.1322808265686035,
      2.1550280253092446,
      2.1562681198120117,
      2.1601978143056235,
      2.1809114615122476,
      2.190286080042521,
      2.1966915130615234,
      2.205956141153971,
      2.2174126307169595,
      2.2318673133850098,
      2.220933755238851,
      2.2363944053649902,
      2.248584270477295,
      2.2500127156575522,
      2.248945156733195,
      2.260457754135132
    ],
    "info_mae": [
      1.6419536471366882,
      1.634241983294487,
      1.4396191835403442,
      1.4503360589345295,
      1.8366400400797527,
      2.027646621068319,
      1.994839350382487,
      2.019718964894613,
      2.041473706563314,
      2.032980044682821,
      2.060333569844564,
      2.0964412689208984,
      2.0656986236572266,
      2.0865405400594077,
      2.1322808265686035,
      2.1550280253092446,
      2.1562681198120117,
      2.1601978143056235,
      2.1809114615122476,
      2.190286080042521,
      2.1966915130615234,
      2.205956141153971,
      2.2174126307169595,
      2.2318673133850098,
      2.220933755238851,
      2.2363944053649902,
      2.248584270477295,
      2.2500127156575522,
      2.248945156733195,
      2.260457754135132
    ]
  }
}