{
  "User": "507",
  "validation_results": {
    "Accuracy": [
      [
        1.0,
        0.4019607901573181,
        0.0
      ]
    ],
    "Precision": [
      [
        1.0,
        0.3529411852359772,
        0.0
      ]
    ],
    "Recall": [
      [
        1.0,
        0.3529411852359772,
        0.0
      ]
    ],
    "F1Score": [
      [
        1.0,
        0.3529411852359772,
        0.0
      ]
    ],
    "info_prec": [
      0.0,
      0.0,
      0.0,
      0.0,
      0.0,
      0.0,
      0.0,
      0.0,
      0.0,
      0.0,
      0.0,
      0.0,
      0.0,
      0.0,
      0.0,
      0.0,
      0.0,
      0.0,
      0.0,
      0.0,
      0.0,
      0.0,
      0.0,
      0.0,
      0.0,
      0.0,
      0.0,
      0.0,
      0.0,
      0.0
    ],
    "info_rec": [
      0.0,
      0.0,
      0.0,
      0.0,
      0.0,
      0.0,
      0.0,
      0.0,
      0.0,
      0.0,
      0.0,
      0.0,
      0.0,
      0.0,
      0.0,
      0.0,
      0.0,
      0.0,
      0.0,
      0.0,
      0.0,
      0.0,
      0.0,
      0.0,
      0.0,
      0.0,
      0.0,
      0.0,
      0.0,
      0.0
    ],
    "info_f1": [
      0.0,
      0.0,
      0.0,
      0.0,
      0.0,
      0.0,
      0.0,
      0.0,
      0.0,
      0.0,
      0.0,
      0.0,
      0.0,
      0.0,
      0.0,
      0.0,
      0.0,
      0.0,
      0.0,
      0.0,
      0.0,
      0.0,
      0.0,
      0.0,
      0.0,
      0.0,
      0.0,
      0.0,
      0.0,
      0.0
    ],
    "info_cmae": [
      4.425860941410065,
      4.40272447715203,
      3.8188575506210327,
      3.148991823196411,
      1.9900798797607422,
      1.417060136795044,
      1.515481948852539,
      1.440843105316162,
      1.3755788803100586,
      1.401059865951538,
      1.3189992904663086,
      1.2106761932373047,
      1.3029041290283203,
      1.2403786182403564,
      1.1031577587127686,
      1.0349159240722656,
      1.0311956405639648,
      1.0194065570831299,
      0.9572656154632568,
      0.9291417598724365,
      0.9099259376525879,
      0.8821313381195068,
      0.8477621078491211,
      0.8043980598449707,
      0.8371987342834473,
      0.7908163070678711,
      0.7542471885681152,
      0.7499618530273438,
      0.753164529800415,
      0.7186269760131836
    ],
    "info_mae": [
      4.425860941410065,
      4.40272447715203,
      3.8188575506210327,
      3.148991823196411,
      1.9900798797607422,
      1.417060136795044,
      1.515481948852539,
      1.440843105316162,
      1.3755788803100586,
      1.401059865951538,
      1.3189992904663086,
      1.2106761932373047,
      1.3029041290283203,
      1.2403786182403564,
      1.1031577587127686,
      1.0349159240722656,
      1.0311956405639648,
      1.0194065570831299,
      0.9572656154632568,
      0.9291417598724365,
      0.9099259376525879,
      0.8821313381195068,
      0.8477621078491211,
      0.8043980598449707,
      0.8371987342834473,
      0.7908163070678711,
      0.7542471885681152,
      0.7499618530273438,
      0.753164529800415,
      0.7186269760131836
    ]
  }
}