{
  "User": "64",
  "validation_results": {
    "Accuracy": [
      [
        0.6530612707138062,
        0.0,
        0.0
      ]
    ],
    "Precision": [
      [
        0.3265306353569031,
        0.0,
        0.0
      ]
    ],
    "Recall": [
      [
        0.5714285969734192,
        0.0,
        0.0
      ]
    ],
    "F1Score": [
      [
        0.41558441519737244,
        0.0,
        0.0
      ]
    ],
    "info_prec": [
      0.10714285714285714,
      0.10714285714285714,
      0.10714285714285714,
      0.07142857142857142,
      0.03571428571428571,
      0.03571428571428571,
      0.03571428571428571,
      0.03571428571428571,
      0.03571428571428571,
      0.03571428571428571,
      0.03571428571428571,
      0.03571428571428571,
      0.03571428571428571,
      0.03571428571428571,
      0.03571428571428571,
      0.03571428571428571,
      0.03571428571428571,
      0.03571428571428571,
      0.03571428571428571,
      0.03571428571428571,
      0.03571428571428571,
      0.03571428571428571,
      0.03571428571428571,
      0.03571428571428571,
      0.03571428571428571,
      0.03571428571428571,
      0.03571428571428571,
      0.03571428571428571,
      0.03571428571428571,
      0.03571428571428571
    ],
    "info_rec": [
      0.25,
      0.25,
      0.25,
      0.25,
      0.25,
      0.25,
      0.25,
      0.25,
      0.25,
      0.25,
      0.25,
      0.25,
      0.25,
      0.25,
      0.25,
      0.25,
      0.25,
      0.25,
      0.25,
      0.25,
      0.25,
      0.25,
      0.25,
      0.25,
      0.25,
      0.25,
      0.25,
      0.25,
      0.25,
      0.25
    ],
    "info_f1": [
      0.15,
      0.15,
      0.15,
      0.11111111111111112,
      0.0625,
      0.0625,
      0.0625,
      0.0625,
      0.0625,
      0.0625,
      0.0625,
      0.0625,
      0.0625,
      0.0625,
      0.0625,
      0.0625,
      0.0625,
      0.0625,
      0.0625,
      0.0625,
      0.0625,
      0.0625,
      0.0625,
      0.0625,
      0.0625,
      0.0625,
      0.0625,
      0.0625,
      0.0625,
      0.0625
    ],
    "info_cmae": [
      1.4629304707050323,
      1.4513620715588331,
      1.1594287753105164,
      1.0,
      1.254960060119629,
      1.582939863204956,
      1.4922590255737305,
      1.559156894683838,
      1.6244211196899414,
      1.598940134048462,
      1.6810007095336914,
      1.7893238067626953,
      1.6970958709716797,
      1.7596213817596436,
      1.8968422412872314,
      1.9650840759277344,
      1.9688043594360352,
      1.9805934429168701,
      2.042734384536743,
      2.0708582401275635,
      2.090074062347412,
      2.117868661880493,
      2.152237892150879,
      2.1956019401550293,
      2.1628012657165527,
      2.209183692932129,
      2.2457528114318848,
      2.2500381469726562,
      2.246835470199585,
      2.2813730239868164
    ],
    "info_mae": [
      0.9894087059157235,
      0.9861033686569759,
      0.9026939358030047,
      1.007574932915824,
      1.6499429430280412,
      2.082939863204956,
      1.9889414651053292,
      2.059156894683838,
      2.1244211196899414,
      2.098940134048462,
      2.1810007095336914,
      2.2893238067626953,
      2.1970958709716797,
      2.2596213817596436,
      2.3968422412872314,
      2.4650840759277344,
      2.468804359436035,
      2.48059344291687,
      2.542734384536743,
      2.5708582401275635,
      2.590074062347412,
      2.617868661880493,
      2.652237892150879,
      2.6956019401550293,
      2.6628012657165527,
      2.709183692932129,
      2.7457528114318848,
      2.7500381469726562,
      2.746835470199585,
      2.7813730239868164
    ]
  }
}