{
  "User": "30",
  "validation_results": {
    "Accuracy": [
      [
        0.4166666567325592,
        0.375,
        0.375
      ]
    ],
    "Precision": [
      [
        0.09375,
        0.140625,
        0.0
      ]
    ],
    "Recall": [
      [
        0.25,
        0.375,
        0.0
      ]
    ],
    "F1Score": [
      [
        0.13636364042758942,
        0.20454546809196472,
        0.0
      ]
    ],
    "info_prec": [
      0.0,
      0.0,
      0.0,
      0.0,
      0.0,
      0.0,
      0.0,
      0.0,
      0.0,
      0.0,
      0.0,
      0.0,
      0.0,
      0.0,
      0.0,
      0.0,
      0.0,
      0.0,
      0.0,
      0.0,
      0.0,
      0.0,
      0.0,
      0.0,
      0.0,
      0.0,
      0.0,
      0.0,
      0.0,
      0.0
    ],
    "info_rec": [
      0.0,
      0.0,
      0.0,
      0.0,
      0.0,
      0.0,
      0.0,
      0.0,
      0.0,
      0.0,
      0.0,
      0.0,
      0.0,
      0.0,
      0.0,
      0.0,
      0.0,
      0.0,
      0.0,
      0.0,
      0.0,
      0.0,
      0.0,
      0.0,
      0.0,
      0.0,
      0.0,
      0.0,
      0.0,
      0.0
    ],
    "info_f1": [
      0.0,
      0.0,
      0.0,
      0.0,
      0.0,
      0.0,
      0.0,
      0.0,
      0.0,
      0.0,
      0.0,
      0.0,
      0.0,
      0.0,
      0.0,
      0.0,
      0.0,
      0.0,
      0.0,
      0.0,
      0.0,
      0.0,
      0.0,
      0.0,
      0.0,
      0.0,
      0.0,
      0.0,
      0.0,
      0.0
    ],
    "info_cmae": [
      4.925860941410065,
      4.902724429965019,
      4.318857550621033,
      3.648991823196411,
      2.490079879760742,
      1.917060136795044,
      2.015481948852539,
      1.940843105316162,
      1.8755788803100586,
      1.901059865951538,
      1.8189992904663086,
      1.7106761932373047,
      1.8029041290283203,
      1.7403786182403564,
      1.6031577587127686,
      1.5349159240722656,
      1.5311956405639648,
      1.5194065570831299,
      1.4572656154632568,
      1.4291417598724365,
      1.409925937652588,
      1.3821313381195068,
      1.347762107849121,
      1.3043980598449707,
      1.3371987342834473,
      1.290816307067871,
      1.2542471885681152,
      1.2499618530273438,
      1.253164529800415,
      1.2186269760131836
    ],
    "info_mae": [
      4.550860941410065,
      4.527724577113986,
      3.9438575506210327,
      3.273991823196411,
      2.115079879760742,
      1.542060136795044,
      1.640481948852539,
      1.565843105316162,
      1.5005788803100586,
      1.526059865951538,
      1.4439992904663086,
      1.3356761932373047,
      1.4279041290283203,
      1.3653786182403564,
      1.2281577587127686,
      1.1599159240722656,
      1.1561956405639648,
      1.1444065570831299,
      1.0822656154632568,
      1.0541417598724365,
      1.034925937652588,
      1.0071313381195068,
      0.9727621078491211,
      0.9293980598449707,
      0.9621987342834473,
      0.9158163070678711,
      0.8792471885681152,
      0.8749618530273438,
      0.878164529800415,
      0.8436269760131836
    ]
  }
}