{
  "User": "85",
  "validation_results": {
    "Accuracy": [
      [
        0.5,
        0.46666669845581055,
        0.0
      ]
    ],
    "Precision": [
      [
        0.4000000059604645,
        0.13333334028720856,
        0.0
      ]
    ],
    "Recall": [
      [
        0.5,
        0.3333333432674408,
        0.0
      ]
    ],
    "F1Score": [
      [
        0.4444444477558136,
        0.190476194024086,
        0.0
      ]
    ],
    "info_prec": [
      0.0,
      0.0,
      0.0,
      0.3,
      0.2,
      0.0,
      0.2,
      0.0,
      0.0,
      0.0,
      0.0,
      0.0,
      0.0,
      0.0,
      0.0,
      0.0,
      0.0,
      0.0,
      0.0,
      0.0,
      0.0,
      0.0,
      0.0,
      0.0,
      0.0,
      0.0,
      0.0,
      0.0,
      0.0,
      0.0
    ],
    "info_rec": [
      0.0,
      0.0,
      0.0,
      0.5,
      0.5,
      0.0,
      0.5,
      0.0,
      0.0,
      0.0,
      0.0,
      0.0,
      0.0,
      0.0,
      0.0,
      0.0,
      0.0,
      0.0,
      0.0,
      0.0,
      0.0,
      0.0,
      0.0,
      0.0,
      0.0,
      0.0,
      0.0,
      0.0,
      0.0,
      0.0
    ],
    "info_f1": [
      0.0,
      0.0,
      0.0,
      0.37499999999999994,
      0.28571428571428575,
      0.0,
      0.28571428571428575,
      0.0,
      0.0,
      0.0,
      0.0,
      0.0,
      0.0,
      0.0,
      0.0,
      0.0,
      0.0,
      0.0,
      0.0,
      0.0,
      0.0,
      0.0,
      0.0,
      0.0,
      0.0,
      0.0,
      0.0,
      0.0,
      0.0,
      0.0
    ],
    "info_cmae": [
      1.4258609414100647,
      1.4027244485914707,
      0.8188575506210327,
      0.5,
      1.0099201202392578,
      1.582939863204956,
      1.484518051147461,
      1.559156894683838,
      1.6244211196899414,
      1.598940134048462,
      1.6810007095336914,
      1.7893238067626953,
      1.6970958709716797,
      1.7596216201782227,
      1.8968424797058105,
      1.9650840759277344,
      1.9688043594360352,
      1.9805934429168701,
      2.042734384536743,
      2.0708582401275635,
      2.0900745391845703,
      2.117868423461914,
      2.152237892150879,
      2.1956019401550293,
      2.1628012657165527,
      2.2091832160949707,
      2.2457528114318848,
      2.2500381469726562,
      2.246835470199585,
      2.2813732624053955
    ],
    "info_mae": [
      1.3258609414100646,
      1.3027244180440902,
      0.7188575506210327,
      0.4702016353607178,
      1.109920120239258,
      1.6829398632049561,
      1.584518051147461,
      1.659156894683838,
      1.7244211196899415,
      1.698940134048462,
      1.7810007095336915,
      1.8893238067626954,
      1.7970958709716798,
      1.8596216201782227,
      1.9968424797058106,
      2.0650840759277345,
      2.0688043594360352,
      2.08059344291687,
      2.1427343845367433,
      2.1708582401275636,
      2.1900745391845704,
      2.217868423461914,
      2.252237892150879,
      2.2956019401550294,
      2.262801265716553,
      2.309183216094971,
      2.345752811431885,
      2.3500381469726563,
      2.346835470199585,
      2.3813732624053956
    ]
  }
}