{
  "User": "51",
  "validation_results": {
    "Accuracy": [
      [
        0.33088234066963196,
        0.5,
        0.65625
      ]
    ],
    "Precision": [
      [
        0.11764705926179886,
        0.25,
        0.0
      ]
    ],
    "Recall": [
      [
        0.23529411852359772,
        0.5,
        0.0
      ]
    ],
    "F1Score": [
      [
        0.1568627506494522,
        0.3333333432674408,
        0.0
      ]
    ],
    "info_prec": [
      0.0,
      0.0,
      0.0,
      0.0,
      0.0,
      0.041666666666666664,
      0.0,
      0.041666666666666664,
      0.041666666666666664,
      0.041666666666666664,
      0.041666666666666664,
      0.041666666666666664,
      0.041666666666666664,
      0.041666666666666664,
      0.041666666666666664,
      0.041666666666666664,
      0.041666666666666664,
      0.041666666666666664,
      0.041666666666666664,
      0.041666666666666664,
      0.041666666666666664,
      0.041666666666666664,
      0.041666666666666664,
      0.041666666666666664,
      0.041666666666666664,
      0.041666666666666664,
      0.041666666666666664,
      0.041666666666666664,
      0.041666666666666664,
      0.041666666666666664
    ],
    "info_rec": [
      0.0,
      0.0,
      0.0,
      0.0,
      0.0,
      0.3333333333333333,
      0.0,
      0.3333333333333333,
      0.3333333333333333,
      0.3333333333333333,
      0.3333333333333333,
      0.3333333333333333,
      0.3333333333333333,
      0.3333333333333333,
      0.3333333333333333,
      0.3333333333333333,
      0.3333333333333333,
      0.3333333333333333,
      0.3333333333333333,
      0.3333333333333333,
      0.3333333333333333,
      0.3333333333333333,
      0.3333333333333333,
      0.3333333333333333,
      0.3333333333333333,
      0.3333333333333333,
      0.3333333333333333,
      0.3333333333333333,
      0.3333333333333333,
      0.3333333333333333
    ],
    "info_f1": [
      0.0,
      0.0,
      0.0,
      0.0,
      0.0,
      0.07407407407407407,
      0.0,
      0.07407407407407407,
      0.07407407407407407,
      0.07407407407407407,
      0.07407407407407407,
      0.07407407407407407,
      0.07407407407407407,
      0.07407407407407407,
      0.07407407407407407,
      0.07407407407407407,
      0.07407407407407407,
      0.07407407407407407,
      0.07407407407407407,
      0.07407407407407407,
      0.07407407407407407,
      0.07407407407407407,
      0.07407407407407407,
      0.07407407407407407,
      0.07407407407407407,
      0.07407407407407407,
      0.07407407407407407,
      0.07407407407407407,
      0.07407407407407407,
      0.07407407407407407
    ],
    "info_cmae": [
      3.9258609414100647,
      3.902724602156215,
      3.3188575506210327,
      2.648991823196411,
      1.4900798797607422,
      0.9723533789316813,
      1.015481948852539,
      0.9802810351053873,
      0.9585262934366862,
      0.9670199553171793,
      0.9396664301554362,
      0.9035587310791016,
      0.9343013763427734,
      0.9134595394134521,
      0.8677192529042562,
      0.8449719746907552,
      0.8437318801879883,
      0.8398021856943766,
      0.8190885384877523,
      0.8097139199574789,
      0.8033086458841959,
      0.794043779373169,
      0.7825873692830404,
      0.7681326866149902,
      0.779066244761149,
      0.7636054356892904,
      0.7514157295227051,
      0.7499872843424479,
      0.751054843266805,
      0.7395423253377279
    ],
    "info_mae": [
      4.300860941410065,
      4.277724551036954,
      3.6938575506210327,
      3.023991823196411,
      1.8650798797607422,
      1.312795102596283,
      1.390481948852539,
      1.3306323289871216,
      1.281684160232544,
      1.3007948994636536,
      1.2392494678497314,
      1.1580071449279785,
      1.2271780967712402,
      1.1802839636802673,
      1.0773683190345764,
      1.0261869430541992,
      1.0233967304229736,
      1.0145549178123474,
      0.9679492115974426,
      0.9468563199043274,
      0.9324444532394409,
      0.9115985035896301,
      0.8858215808868408,
      0.853298544883728,
      0.8778990507125854,
      0.8431122303009033,
      0.8156853914260864,
      0.8124713897705078,
      0.8148733973503113,
      0.7889702320098877
    ]
  }
}