{
  "User": "158",
  "validation_results": {
    "Accuracy": [
      [
        0.46666669845581055,
        0.6000000238418579,
        0.5600000023841858
      ]
    ],
    "Precision": [
      [
        0.13333334028720856,
        0.36000001430511475,
        0.0
      ]
    ],
    "Recall": [
      [
        0.3333333432674408,
        0.6000000238418579,
        0.0
      ]
    ],
    "F1Score": [
      [
        0.190476194024086,
        0.44999998807907104,
        0.0
      ]
    ],
    "info_prec": [
      0.0,
      0.0,
      0.0,
      0.06666666666666667,
      0.13333333333333333,
      0.0,
      0.13333333333333333,
      0.0,
      0.0,
      0.0,
      0.0,
      0.0,
      0.0,
      0.0,
      0.0,
      0.0,
      0.0,
      0.0,
      0.0,
      0.0,
      0.0,
      0.0,
      0.0,
      0.0,
      0.0,
      0.0,
      0.0,
      0.0,
      0.0,
      0.0
    ],
    "info_rec": [
      0.0,
      0.0,
      0.0,
      0.3333333333333333,
      0.3333333333333333,
      0.0,
      0.3333333333333333,
      0.0,
      0.0,
      0.0,
      0.0,
      0.0,
      0.0,
      0.0,
      0.0,
      0.0,
      0.0,
      0.0,
      0.0,
      0.0,
      0.0,
      0.0,
      0.0,
      0.0,
      0.0,
      0.0,
      0.0,
      0.0,
      0.0,
      0.0
    ],
    "info_f1": [
      0.0,
      0.0,
      0.0,
      0.11111111111111112,
      0.1904761904761905,
      0.0,
      0.1904761904761905,
      0.0,
      0.0,
      0.0,
      0.0,
      0.0,
      0.0,
      0.0,
      0.0,
      0.0,
      0.0,
      0.0,
      0.0,
      0.0,
      0.0,
      0.0,
      0.0,
      0.0,
      0.0,
      0.0,
      0.0,
      0.0,
      0.0,
      0.0
    ],
    "info_cmae": [
      2.592527608076731,
      2.5693911239504814,
      1.9855242172876995,
      1.5496639410654705,
      1.5033067067464192,
      1.6943132877349854,
      1.6615060170491536,
      1.6863856315612793,
      1.7081403732299805,
      1.6996467113494873,
      1.7270002365112305,
      1.7631079355875652,
      1.7323652903238933,
      1.7532072067260742,
      1.7989474932352703,
      1.8216946919759114,
      1.8229347864786785,
      1.82686448097229,
      1.8475781281789143,
      1.8569527467091878,
      1.8633581797281902,
      1.872622807820638,
      1.8840792973836262,
      1.8985339800516765,
      1.8876004219055176,
      1.903061072031657,
      1.9152509371439617,
      1.9166793823242188,
      1.9156118233998616,
      1.9271244208017986
    ],
    "info_mae": [
      2.9258609414100647,
      2.90272441804409,
      2.3188575506210327,
      1.7893950939178467,
      1.5019840240478515,
      1.6165879726409913,
      1.5969036102294922,
      1.6118313789367675,
      1.6248842239379884,
      1.6197880268096925,
      1.6362001419067382,
      1.657864761352539,
      1.639419174194336,
      1.6519243240356445,
      1.679368495941162,
      1.693016815185547,
      1.693760871887207,
      1.6961186885833741,
      1.7085468769073486,
      1.7141716480255127,
      1.718014907836914,
      1.7235736846923828,
      1.7304475784301758,
      1.7391203880310058,
      1.7325602531433106,
      1.7418366432189942,
      1.749150562286377,
      1.7500076293945312,
      1.749367094039917,
      1.756274652481079
    ]
  }
}