{
  "User": "265",
  "validation_results": {
    "Accuracy": [
      [
        0.3571428656578064,
        0.20000000298023224,
        0.02521008625626564
      ]
    ],
    "Precision": [
      [
        0.0714285671710968,
        0.20000000298023224,
        0.0
      ]
    ],
    "Recall": [
      [
        0.1666666716337204,
        0.20000000298023224,
        0.0
      ]
    ],
    "F1Score": [
      [
        0.10000000149011612,
        0.20000000298023224,
        0.0
      ]
    ],
    "info_prec": [
      0.0,
      0.0,
      0.0,
      0.0,
      0.09523809523809523,
      0.0,
      0.09523809523809523,
      0.0,
      0.0,
      0.0,
      0.0,
      0.0,
      0.0,
      0.0,
      0.0,
      0.0,
      0.0,
      0.0,
      0.0,
      0.0,
      0.0,
      0.0,
      0.0,
      0.0,
      0.0,
      0.0,
      0.0,
      0.0,
      0.0,
      0.0
    ],
    "info_rec": [
      0.0,
      0.0,
      0.0,
      0.0,
      0.3333333333333333,
      0.0,
      0.3333333333333333,
      0.0,
      0.0,
      0.0,
      0.0,
      0.0,
      0.0,
      0.0,
      0.0,
      0.0,
      0.0,
      0.0,
      0.0,
      0.0,
      0.0,
      0.0,
      0.0,
      0.0,
      0.0,
      0.0,
      0.0,
      0.0,
      0.0,
      0.0
    ],
    "info_f1": [
      0.0,
      0.0,
      0.0,
      0.0,
      0.14814814814814817,
      0.0,
      0.14814814814814817,
      0.0,
      0.0,
      0.0,
      0.0,
      0.0,
      0.0,
      0.0,
      0.0,
      0.0,
      0.0,
      0.0,
      0.0,
      0.0,
      0.0,
      0.0,
      0.0,
      0.0,
      0.0,
      0.0,
      0.0,
      0.0,
      0.0,
      0.0
    ],
    "info_cmae": [
      3.592527608076731,
      3.5693912456432977,
      2.9855242172876992,
      2.3156584898630777,
      1.4966932932535808,
      1.3056867122650146,
      1.3384939829508464,
      1.3136143684387207,
      1.2918596267700195,
      1.3003532886505127,
      1.2729997634887695,
      1.2368920644124348,
      1.2676347096761067,
      1.2467928727467854,
      1.2010525862375896,
      1.1783053080240886,
      1.1770652135213215,
      1.17313551902771,
      1.1524218718210857,
      1.1430472532908122,
      1.1366419792175293,
      1.1273771127065022,
      1.1159207026163738,
      1.1014660199483235,
      1.1123995780944824,
      1.0969387690226238,
      1.0847490628560383,
      1.0833206176757812,
      1.0843881766001384,
      1.0728756586710613
    ],
    "info_mae": [
      3.4972895128386363,
      3.4741530950580324,
      2.8902861220496043,
      2.2204203946249828,
      1.3528913770403181,
      1.107311487197876,
      1.1494922637939453,
      1.1175041879926408,
      1.089533805847168,
      1.100454228264945,
      1.0652854101998466,
      1.0188612256731306,
      1.0583874838692802,
      1.0315908363887243,
      0.9727818965911865,
      0.943535396030971,
      0.9419409888131278,
      0.9368885244641986,
      0.9102566923413958,
      0.8982036113739014,
      0.8899682589939663,
      0.8780562877655029,
      0.8633266176496234,
      0.8447420256478446,
      0.8587994575500488,
      0.8389212744576591,
      0.8232487951006208,
      0.8214122227260044,
      0.8227847984858921,
      0.8079829897199359
    ]
  }
}