{
  "User": "170",
  "validation_results": {
    "Accuracy": [
      [
        0.4728260934352875,
        0.5,
        0.59375
      ]
    ],
    "Precision": [
      [
        0.19565217196941376,
        0.140625,
        0.0
      ]
    ],
    "Recall": [
      [
        0.260869562625885,
        0.375,
        0.0
      ]
    ],
    "F1Score": [
      [
        0.22360248863697052,
        0.20454546809196472,
        0.0
      ]
    ],
    "info_prec": [
      0.0,
      0.0,
      0.0,
      0.025,
      0.025,
      0.0,
      0.025,
      0.0,
      0.0,
      0.0,
      0.0,
      0.0,
      0.0,
      0.0,
      0.0,
      0.0,
      0.0,
      0.0,
      0.0,
      0.0,
      0.0,
      0.0,
      0.0,
      0.0,
      0.0,
      0.0,
      0.0,
      0.0,
      0.0,
      0.0
    ],
    "info_rec": [
      0.0,
      0.0,
      0.0,
      0.2,
      0.2,
      0.0,
      0.2,
      0.0,
      0.0,
      0.0,
      0.0,
      0.0,
      0.0,
      0.0,
      0.0,
      0.0,
      0.0,
      0.0,
      0.0,
      0.0,
      0.0,
      0.0,
      0.0,
      0.0,
      0.0,
      0.0,
      0.0,
      0.0,
      0.0,
      0.0
    ],
    "info_f1": [
      0.0,
      0.0,
      0.0,
      0.04444444444444444,
      0.04444444444444444,
      0.0,
      0.04444444444444444,
      0.0,
      0.0,
      0.0,
      0.0,
      0.0,
      0.0,
      0.0,
      0.0,
      0.0,
      0.0,
      0.0,
      0.0,
      0.0,
      0.0,
      0.0,
      0.0,
      0.0,
      0.0,
      0.0,
      0.0,
      0.0,
      0.0,
      0.0
    ],
    "info_cmae": [
      3.525860941410065,
      3.502724571029345,
      2.918857550621033,
      2.3893950939178468,
      1.8980159759521484,
      1.7834120273590088,
      1.803096389770508,
      1.7881686210632324,
      1.7751157760620118,
      1.7802119731903077,
      1.7637998580932617,
      1.742135238647461,
      1.760580825805664,
      1.7480757236480713,
      1.7206315517425537,
      1.7069831848144532,
      1.7062391281127929,
      1.703881311416626,
      1.6914531230926513,
      1.6858283519744872,
      1.6819851875305176,
      1.6764262676239015,
      1.6695524215698243,
      1.6608796119689941,
      1.6674397468566895,
      1.6581632614135742,
      1.6508494377136231,
      1.6499923706054687,
      1.650632905960083,
      1.6437253952026367
    ],
    "info_mae": [
      4.175860941410065,
      4.152724552899599,
      3.5688575506210327,
      2.9867438673973083,
      2.245039939880371,
      1.958530068397522,
      2.0077409744262695,
      1.970421552658081,
      1.9377894401550293,
      1.950529932975769,
      1.9094996452331543,
      1.8553380966186523,
      1.9014520645141602,
      1.8701893091201782,
      1.8015788793563843,
      1.7674579620361328,
      1.7655978202819824,
      1.759703278541565,
      1.7286328077316284,
      1.7145708799362183,
      1.704962968826294,
      1.6910656690597534,
      1.6738810539245605,
      1.6521990299224854,
      1.6685993671417236,
      1.6454081535339355,
      1.6271235942840576,
      1.6249809265136719,
      1.6265822649002075,
      1.6093134880065918
    ]
  }
}