{
  "User": "101",
  "validation_results": {
    "Accuracy": [
      [
        0.733031690120697,
        0.5804196000099182,
        0.6503496766090393
      ]
    ],
    "Precision": [
      [
        0.4524886906147003,
        0.055944059044122696,
        0.0
      ]
    ],
    "Recall": [
      [
        0.5882353186607361,
        0.1818181872367859,
        0.0
      ]
    ],
    "F1Score": [
      [
        0.5115089416503906,
        0.08556149899959564,
        0.0
      ]
    ],
    "info_prec": [
      0.0,
      0.0,
      0.0,
      0.0,
      0.0,
      0.038461538461538464,
      0.0,
      0.038461538461538464,
      0.038461538461538464,
      0.038461538461538464,
      0.038461538461538464,
      0.038461538461538464,
      0.038461538461538464,
      0.038461538461538464,
      0.038461538461538464,
      0.038461538461538464,
      0.038461538461538464,
      0.038461538461538464,
      0.038461538461538464,
      0.038461538461538464,
      0.038461538461538464,
      0.038461538461538464,
      0.038461538461538464,
      0.038461538461538464,
      0.038461538461538464,
      0.038461538461538464,
      0.038461538461538464,
      0.038461538461538464,
      0.038461538461538464,
      0.038461538461538464
    ],
    "info_rec": [
      0.0,
      0.0,
      0.0,
      0.0,
      0.0,
      0.25,
      0.0,
      0.25,
      0.25,
      0.25,
      0.25,
      0.25,
      0.25,
      0.25,
      0.25,
      0.25,
      0.25,
      0.25,
      0.25,
      0.25,
      0.25,
      0.25,
      0.25,
      0.25,
      0.25,
      0.25,
      0.25,
      0.25,
      0.25,
      0.25
    ],
    "info_f1": [
      0.0,
      0.0,
      0.0,
      0.0,
      0.0,
      0.06666666666666668,
      0.0,
      0.06666666666666668,
      0.06666666666666668,
      0.06666666666666668,
      0.06666666666666668,
      0.06666666666666668,
      0.06666666666666668,
      0.06666666666666668,
      0.06666666666666668,
      0.06666666666666668,
      0.06666666666666668,
      0.06666666666666668,
      0.06666666666666668,
      0.06666666666666668,
      0.06666666666666668,
      0.06666666666666668,
      0.06666666666666668,
      0.06666666666666668,
      0.06666666666666668,
      0.06666666666666668,
      0.06666666666666668,
      0.06666666666666668,
      0.06666666666666668,
      0.06666666666666668
    ],
    "info_cmae": [
      4.432046959797541,
      4.402724510857038,
      3.8188575506210327,
      3.148991823196411,
      1.9900798797607422,
      1.458530068397522,
      1.515481948852539,
      1.470421552658081,
      1.4377894401550293,
      1.450529932975769,
      1.4094996452331543,
      1.3553380966186523,
      1.4014520645141602,
      1.3701893091201782,
      1.3015788793563843,
      1.2674579620361328,
      1.2655978202819824,
      1.259703278541565,
      1.2286328077316284,
      1.2145708799362183,
      1.204962968826294,
      1.1910656690597534,
      1.1738810539245605,
      1.1521990299224854,
      1.1685993671417236,
      1.1454081535339355,
      1.1271235942840576,
      1.1249809265136719,
      1.1265822649002075,
      1.1093134880065918
    ],
    "info_mae": [
      4.933849158768471,
      4.902724518225743,
      4.318857550621033,
      3.648991823196411,
      2.490079879760742,
      1.9425800947042613,
      2.015481948852539,
      1.959045226757343,
      1.9138623017531176,
      1.9315029841202955,
      1.8746918164766753,
      1.7996989030104418,
      1.8635490124042218,
      1.8202621203202467,
      1.7252630637242243,
      1.6780187166654146,
      1.6754431357750525,
      1.667281462596013,
      1.6242608107053316,
      1.604790449142456,
      1.5914871876056378,
      1.5722447725442739,
      1.5484506900493915,
      1.518429426046518,
      1.5411375852731557,
      1.5090266741239107,
      1.4837095920856183,
      1.4807428213266225,
      1.482960059092595,
      1.459049444932204
    ]
  }
}