{
  "User": "117",
  "validation_results": {
    "Accuracy": [
      [
        0.33088237047195435,
        0.2083333432674408,
        0.0
      ]
    ],
    "Precision": [
      [
        0.11764705926179886,
        0.013888888992369175,
        0.0
      ]
    ],
    "Recall": [
      [
        0.23529411852359772,
        0.1111111119389534,
        0.0
      ]
    ],
    "F1Score": [
      [
        0.1568627506494522,
        0.02469135820865631,
        0.0
      ]
    ],
    "info_prec": [
      0.0,
      0.0,
      0.0,
      0.025,
      0.05,
      0.0,
      0.05,
      0.0,
      0.0,
      0.0,
      0.0,
      0.0,
      0.0,
      0.0,
      0.0,
      0.0,
      0.0,
      0.0,
      0.0,
      0.0,
      0.0,
      0.0,
      0.0,
      0.0,
      0.0,
      0.0,
      0.0,
      0.0,
      0.0,
      0.0
    ],
    "info_rec": [
      0.0,
      0.0,
      0.0,
      0.2,
      0.2,
      0.0,
      0.2,
      0.0,
      0.0,
      0.0,
      0.0,
      0.0,
      0.0,
      0.0,
      0.0,
      0.0,
      0.0,
      0.0,
      0.0,
      0.0,
      0.0,
      0.0,
      0.0,
      0.0,
      0.0,
      0.0,
      0.0,
      0.0,
      0.0,
      0.0
    ],
    "info_f1": [
      0.0,
      0.0,
      0.0,
      0.04444444444444444,
      0.08,
      0.0,
      0.08,
      0.0,
      0.0,
      0.0,
      0.0,
      0.0,
      0.0,
      0.0,
      0.0,
      0.0,
      0.0,
      0.0,
      0.0,
      0.0,
      0.0,
      0.0,
      0.0,
      0.0,
      0.0,
      0.0,
      0.0,
      0.0,
      0.0,
      0.0
    ],
    "info_cmae": [
      3.525860941410065,
      3.502724489569664,
      2.918857550621033,
      2.3893950939178468,
      1.8980159759521484,
      1.7834120273590088,
      1.803096389770508,
      1.7881686210632324,
      1.7751157760620118,
      1.7802119731903077,
      1.7637998580932617,
      1.742135238647461,
      1.760580825805664,
      1.7480757236480713,
      1.7206315517425537,
      1.7069831848144532,
      1.7062391281127929,
      1.703881311416626,
      1.6914531230926513,
      1.6858283519744872,
      1.6819851875305176,
      1.6764262676239015,
      1.6695524215698243,
      1.6608796119689941,
      1.6674397468566895,
      1.6581632614135742,
      1.6508494377136231,
      1.6499923706054687,
      1.650632905960083,
      1.6437253952026367
    ],
    "info_mae": [
      3.6758609414100647,
      3.652724552899599,
      3.0688575506210327,
      2.4867438673973083,
      1.8725199699401855,
      1.729265034198761,
      1.7538704872131348,
      1.7352107763290405,
      1.7188947200775146,
      1.7252649664878845,
      1.7047498226165771,
      1.6776690483093262,
      1.70072603225708,
      1.6850946545600891,
      1.6507894396781921,
      1.6337289810180664,
      1.6327989101409912,
      1.6298516392707825,
      1.6143164038658142,
      1.6072854399681091,
      1.602481484413147,
      1.5955328345298767,
      1.5869405269622803,
      1.5760995149612427,
      1.5842996835708618,
      1.5727040767669678,
      1.5635617971420288,
      1.562490463256836,
      1.5632911324501038,
      1.554656744003296
    ]
  }
}