{
  "User": "32",
  "validation_results": {
    "Accuracy": [
      [
        0.512499988079071,
        0.5333333611488342,
        0.0
      ]
    ],
    "Precision": [
      [
        0.10000000149011612,
        0.35555556416511536,
        0.0
      ]
    ],
    "Recall": [
      [
        0.25,
        0.4444444477558136,
        0.0
      ]
    ],
    "F1Score": [
      [
        0.1428571492433548,
        0.395061731338501,
        0.0
      ]
    ],
    "info_prec": [
      0.016666666666666666,
      0.016666666666666666,
      0.016666666666666666,
      0.016666666666666666,
      0.03333333333333333,
      0.03333333333333333,
      0.03333333333333333,
      0.03333333333333333,
      0.03333333333333333,
      0.03333333333333333,
      0.03333333333333333,
      0.03333333333333333,
      0.03333333333333333,
      0.03333333333333333,
      0.03333333333333333,
      0.03333333333333333,
      0.03333333333333333,
      0.03333333333333333,
      0.03333333333333333,
      0.03333333333333333,
      0.03333333333333333,
      0.03333333333333333,
      0.03333333333333333,
      0.03333333333333333,
      0.03333333333333333,
      0.03333333333333333,
      0.03333333333333333,
      0.03333333333333333,
      0.03333333333333333,
      0.03333333333333333
    ],
    "info_rec": [
      0.16666666666666666,
      0.16666666666666666,
      0.16666666666666666,
      0.16666666666666666,
      0.16666666666666666,
      0.16666666666666666,
      0.16666666666666666,
      0.16666666666666666,
      0.16666666666666666,
      0.16666666666666666,
      0.16666666666666666,
      0.16666666666666666,
      0.16666666666666666,
      0.16666666666666666,
      0.16666666666666666,
      0.16666666666666666,
      0.16666666666666666,
      0.16666666666666666,
      0.16666666666666666,
      0.16666666666666666,
      0.16666666666666666,
      0.16666666666666666,
      0.16666666666666666,
      0.16666666666666666,
      0.16666666666666666,
      0.16666666666666666,
      0.16666666666666666,
      0.16666666666666666,
      0.16666666666666666,
      0.16666666666666666
    ],
    "info_f1": [
      0.030303030303030304,
      0.030303030303030304,
      0.030303030303030304,
      0.030303030303030304,
      0.05555555555555556,
      0.05555555555555556,
      0.05555555555555556,
      0.05555555555555556,
      0.05555555555555556,
      0.05555555555555556,
      0.05555555555555556,
      0.05555555555555556,
      0.05555555555555556,
      0.05555555555555556,
      0.05555555555555556,
      0.05555555555555556,
      0.05555555555555556,
      0.05555555555555556,
      0.05555555555555556,
      0.05555555555555556,
      0.05555555555555556,
      0.05555555555555556,
      0.05555555555555556,
      0.05555555555555556,
      0.05555555555555556,
      0.05555555555555556,
      0.05555555555555556,
      0.05555555555555556,
      0.05555555555555556,
      0.05555555555555556
    ],
    "info_cmae": [
      2.7839072942733765,
      2.7684830311271877,
      2.3792383670806885,
      2.0496639410654702,
      1.8333333333333333,
      1.860979954401652,
      1.8333333333333333,
      1.853052298227946,
      1.8748070398966472,
      1.866313378016154,
      1.8936669031778972,
      1.9297746022542317,
      1.8990319569905598,
      1.919873793919881,
      1.9656140804290771,
      1.9883613586425781,
      1.989601453145345,
      1.9935311476389568,
      2.014244794845581,
      2.0236194133758545,
      2.030024687449137,
      2.0392895539601645,
      2.050745964050293,
      2.0652006467183432,
      2.054267088572184,
      2.069727897644043,
      2.0819176038106284,
      2.0833460489908853,
      2.0822784900665283,
      2.0937910079956055
    ],
    "info_mae": [
      3.3406887531280516,
      3.322179639339447,
      2.8550860404968263,
      2.3893950939178468,
      1.8980159759521484,
      1.8165879726409913,
      1.803096389770508,
      1.8118313789367675,
      1.8248842239379883,
      1.8197880268096924,
      1.8362001419067382,
      1.857864761352539,
      1.839419174194336,
      1.8519242763519288,
      1.8793684482574462,
      1.8930168151855469,
      1.893760871887207,
      1.896118688583374,
      1.9085468769073486,
      1.9141716480255127,
      1.9180148124694825,
      1.9235737323760986,
      1.9304475784301758,
      1.939120388031006,
      1.9325602531433106,
      1.9418367385864257,
      1.949150562286377,
      1.9500076293945312,
      1.949367094039917,
      1.9562746047973634
    ]
  }
}