{
  "User": "370",
  "validation_results": {
    "Accuracy": [
      [
        0.4166666865348816,
        0.0,
        0.0
      ]
    ],
    "Precision": [
      [
        0.1666666716337204,
        0.0,
        0.0
      ]
    ],
    "Recall": [
      [
        0.3333333432674408,
        0.0,
        0.0
      ]
    ],
    "F1Score": [
      [
        0.2222222238779068,
        0.0,
        0.0
      ]
    ],
    "info_prec": [
      0.0,
      0.0,
      0.0,
      0.0,
      0.08333333333333333,
      0.08333333333333333,
      0.08333333333333333,
      0.08333333333333333,
      0.08333333333333333,
      0.08333333333333333,
      0.08333333333333333,
      0.08333333333333333,
      0.08333333333333333,
      0.08333333333333333,
      0.08333333333333333,
      0.08333333333333333,
      0.08333333333333333,
      0.08333333333333333,
      0.08333333333333333,
      0.08333333333333333,
      0.08333333333333333,
      0.08333333333333333,
      0.08333333333333333,
      0.08333333333333333,
      0.08333333333333333,
      0.08333333333333333,
      0.08333333333333333,
      0.08333333333333333,
      0.08333333333333333,
      0.08333333333333333
    ],
    "info_rec": [
      0.0,
      0.0,
      0.0,
      0.0,
      0.3333333333333333,
      0.3333333333333333,
      0.3333333333333333,
      0.3333333333333333,
      0.3333333333333333,
      0.3333333333333333,
      0.3333333333333333,
      0.3333333333333333,
      0.3333333333333333,
      0.3333333333333333,
      0.3333333333333333,
      0.3333333333333333,
      0.3333333333333333,
      0.3333333333333333,
      0.3333333333333333,
      0.3333333333333333,
      0.3333333333333333,
      0.3333333333333333,
      0.3333333333333333,
      0.3333333333333333,
      0.3333333333333333,
      0.3333333333333333,
      0.3333333333333333,
      0.3333333333333333,
      0.3333333333333333,
      0.3333333333333333
    ],
    "info_f1": [
      0.0,
      0.0,
      0.0,
      0.0,
      0.13333333333333333,
      0.13333333333333333,
      0.13333333333333333,
      0.13333333333333333,
      0.13333333333333333,
      0.13333333333333333,
      0.13333333333333333,
      0.13333333333333333,
      0.13333333333333333,
      0.13333333333333333,
      0.13333333333333333,
      0.13333333333333333,
      0.13333333333333333,
      0.13333333333333333,
      0.13333333333333333,
      0.13333333333333333,
      0.13333333333333333,
      0.13333333333333333,
      0.13333333333333333,
      0.13333333333333333,
      0.13333333333333333,
      0.13333333333333333,
      0.13333333333333333,
      0.13333333333333333,
      0.13333333333333333,
      0.13333333333333333
    ],
    "info_cmae": [
      3.259194274743398,
      3.2360575621326766,
      2.652190883954366,
      1.9823251565297444,
      1.1633599599202473,
      1.0276466210683186,
      1.005160649617513,
      1.0197189648946126,
      1.0414737065633137,
      1.0329800446828206,
      1.0603335698445637,
      1.0964412689208984,
      1.0656986236572266,
      1.0865405400594075,
      1.1322808265686035,
      1.1550280253092449,
      1.1562681198120117,
      1.1601978143056233,
      1.1809114615122478,
      1.1902860800425212,
      1.1966915130615234,
      1.2059561411539714,
      1.2174126307169597,
      1.2318673133850098,
      1.2209337552388508,
      1.2363944053649902,
      1.248584270477295,
      1.250012715657552,
      1.248945156733195,
      1.2604577541351318
    ],
    "info_mae": [
      3.6758609414100647,
      3.6527243219316006,
      3.0688575506210327,
      2.398991823196411,
      1.495039939880371,
      1.25,
      1.2577409744262695,
      1.25,
      1.25,
      1.25,
      1.25,
      1.25,
      1.25,
      1.25,
      1.25,
      1.25,
      1.25,
      1.25,
      1.25,
      1.25,
      1.25,
      1.25,
      1.25,
      1.25,
      1.25,
      1.25,
      1.25,
      1.25,
      1.25,
      1.25
    ]
  }
}