{
  "User": "473",
  "validation_results": {
    "Accuracy": [
      [
        0.6000000238418579,
        0.5076923370361328,
        0.550000011920929
      ]
    ],
    "Precision": [
      [
        0.36000001430511475,
        0.13846154510974884,
        0.0
      ]
    ],
    "Recall": [
      [
        0.6000000238418579,
        0.23076923191547394,
        0.0
      ]
    ],
    "F1Score": [
      [
        0.44999998807907104,
        0.17307692766189575,
        0.0
      ]
    ],
    "info_prec": [
      0.0,
      0.0,
      0.0,
      0.0,
      0.0,
      0.0,
      0.0,
      0.0,
      0.0,
      0.0,
      0.0,
      0.0,
      0.0,
      0.0,
      0.0,
      0.0,
      0.0,
      0.0,
      0.0,
      0.0,
      0.0,
      0.0,
      0.0,
      0.0,
      0.0,
      0.0,
      0.0,
      0.0,
      0.0,
      0.0
    ],
    "info_rec": [
      0.0,
      0.0,
      0.0,
      0.0,
      0.0,
      0.0,
      0.0,
      0.0,
      0.0,
      0.0,
      0.0,
      0.0,
      0.0,
      0.0,
      0.0,
      0.0,
      0.0,
      0.0,
      0.0,
      0.0,
      0.0,
      0.0,
      0.0,
      0.0,
      0.0,
      0.0,
      0.0,
      0.0,
      0.0,
      0.0
    ],
    "info_f1": [
      0.0,
      0.0,
      0.0,
      0.0,
      0.0,
      0.0,
      0.0,
      0.0,
      0.0,
      0.0,
      0.0,
      0.0,
      0.0,
      0.0,
      0.0,
      0.0,
      0.0,
      0.0,
      0.0,
      0.0,
      0.0,
      0.0,
      0.0,
      0.0,
      0.0,
      0.0,
      0.0,
      0.0,
      0.0,
      0.0
    ],
    "info_cmae": [
      4.425860941410065,
      4.4027245081961155,
      3.8188575506210327,
      3.148991823196411,
      1.9900798797607422,
      1.417060136795044,
      1.515481948852539,
      1.440843105316162,
      1.3755788803100586,
      1.401059865951538,
      1.3189992904663086,
      1.2106761932373047,
      1.3029041290283203,
      1.2403783798217773,
      1.1031575202941895,
      1.0349159240722656,
      1.0311956405639648,
      1.0194065570831299,
      0.9572656154632568,
      0.9291417598724365,
      0.9099254608154297,
      0.8821315765380859,
      0.8477621078491211,
      0.8043980598449707,
      0.8371987342834473,
      0.7908167839050293,
      0.7542471885681152,
      0.7499618530273438,
      0.753164529800415,
      0.7186267375946045
    ],
    "info_mae": [
      4.7258609414100645,
      4.702724421024323,
      4.1188575506210325,
      3.448991823196411,
      2.290079879760742,
      1.717060136795044,
      1.815481948852539,
      1.7408431053161622,
      1.6755788803100586,
      1.7010598659515381,
      1.6189992904663086,
      1.5106761932373047,
      1.6029041290283204,
      1.5403783798217774,
      1.4031575202941895,
      1.3349159240722657,
      1.3311956405639649,
      1.31940655708313,
      1.2572656154632569,
      1.2291417598724366,
      1.2099254608154297,
      1.182131576538086,
      1.1477621078491211,
      1.1043980598449707,
      1.1371987342834473,
      1.0908167839050293,
      1.0542471885681153,
      1.0499618530273438,
      1.053164529800415,
      1.0186267375946045
    ]
  }
}