{
  "User": "6",
  "validation_results": {
    "Accuracy": [
      [
        0.9500000476837158,
        0.5227272510528564,
        0.15909090638160706
      ]
    ],
    "Precision": [
      [
        0.800000011920929,
        0.3636363744735718,
        0.0
      ]
    ],
    "Recall": [
      [
        0.800000011920929,
        0.3636363744735718,
        0.0
      ]
    ],
    "F1Score": [
      [
        0.800000011920929,
        0.3636363744735718,
        0.0
      ]
    ],
    "info_prec": [
      0.0,
      0.0,
      0.0,
      0.0,
      0.125,
      0.375,
      0.125,
      0.375,
      0.375,
      0.375,
      0.375,
      0.375,
      0.375,
      0.375,
      0.375,
      0.375,
      0.375,
      0.375,
      0.375,
      0.375,
      0.375,
      0.375,
      0.375,
      0.375,
      0.375,
      0.375,
      0.375,
      0.375,
      0.375,
      0.375
    ],
    "info_rec": [
      0.0,
      0.0,
      0.0,
      0.0,
      0.5,
      0.5,
      0.5,
      0.5,
      0.5,
      0.5,
      0.5,
      0.5,
      0.5,
      0.5,
      0.5,
      0.5,
      0.5,
      0.5,
      0.5,
      0.5,
      0.5,
      0.5,
      0.5,
      0.5,
      0.5,
      0.5,
      0.5,
      0.5,
      0.5,
      0.5
    ],
    "info_f1": [
      0.0,
      0.0,
      0.0,
      0.0,
      0.2,
      0.42857142857142855,
      0.2,
      0.42857142857142855,
      0.42857142857142855,
      0.42857142857142855,
      0.42857142857142855,
      0.42857142857142855,
      0.42857142857142855,
      0.42857142857142855,
      0.42857142857142855,
      0.42857142857142855,
      0.42857142857142855,
      0.42857142857142855,
      0.42857142857142855,
      0.42857142857142855,
      0.42857142857142855,
      0.42857142857142855,
      0.42857142857142855,
      0.42857142857142855,
      0.42857142857142855,
      0.42857142857142855,
      0.42857142857142855,
      0.42857142857142855,
      0.42857142857142855,
      0.42857142857142855
    ],
    "info_cmae": [
      2.4258609414100647,
      2.402724400162697,
      1.8188575506210327,
      1.1489918231964111,
      0.5,
      0.582939863204956,
      0.5,
      0.5591568946838379,
      0.6244211196899414,
      0.5989401340484619,
      0.6810007095336914,
      0.7893238067626953,
      0.6970958709716797,
      0.7596216201782227,
      0.8968424797058105,
      0.9650840759277344,
      0.9688043594360352,
      0.9805934429168701,
      1.0427343845367432,
      1.0708582401275635,
      1.0900745391845703,
      1.117868423461914,
      1.152237892150879,
      1.1956019401550293,
      1.1628012657165527,
      1.2091832160949707,
      1.2457528114318848,
      1.2500381469726562,
      1.246835470199585,
      1.2813732624053955
    ],
    "info_mae": [
      2.6758609414100647,
      2.652724325656891,
      2.0688575506210327,
      1.3989918231964111,
      0.4950399398803711,
      0.33293986320495605,
      0.25774097442626953,
      0.3091568946838379,
      0.3744211196899414,
      0.3489401340484619,
      0.4310007095336914,
      0.5393238067626953,
      0.4470958709716797,
      0.5096216201782227,
      0.6468424797058105,
      0.7150840759277344,
      0.7188043594360352,
      0.7305934429168701,
      0.7927343845367432,
      0.8208582401275635,
      0.8400745391845703,
      0.8678684234619141,
      0.9022378921508789,
      0.9456019401550293,
      0.9128012657165527,
      0.9591832160949707,
      0.9957528114318848,
      1.0000381469726562,
      0.996835470199585,
      1.0313732624053955
    ]
  }
}