{
  "User": "1",
  "validation_results": {
    "Accuracy": [
      [
        0.5833333730697632,
        1.0,
        0.5
      ]
    ],
    "Precision": [
      [
        0.1666666716337204,
        1.0,
        0.0
      ]
    ],
    "Recall": [
      [
        0.3333333432674408,
        1.0,
        0.0
      ]
    ],
    "F1Score": [
      [
        0.2222222238779068,
        1.0,
        0.0
      ]
    ],
    "info_prec": [
      0.0,
      0.0,
      0.0,
      0.0,
      0.0,
      0.0,
      0.0,
      0.0,
      0.0,
      0.0,
      0.0,
      0.0,
      0.0,
      0.0,
      0.0,
      0.0,
      0.0,
      0.0,
      0.0,
      0.0,
      0.0,
      0.0,
      0.0,
      0.0,
      0.0,
      0.0,
      0.0,
      0.0,
      0.0,
      0.0
    ],
    "info_rec": [
      0.0,
      0.0,
      0.0,
      0.0,
      0.0,
      0.0,
      0.0,
      0.0,
      0.0,
      0.0,
      0.0,
      0.0,
      0.0,
      0.0,
      0.0,
      0.0,
      0.0,
      0.0,
      0.0,
      0.0,
      0.0,
      0.0,
      0.0,
      0.0,
      0.0,
      0.0,
      0.0,
      0.0,
      0.0,
      0.0
    ],
    "info_f1": [
      0.0,
      0.0,
      0.0,
      0.0,
      0.0,
      0.0,
      0.0,
      0.0,
      0.0,
      0.0,
      0.0,
      0.0,
      0.0,
      0.0,
      0.0,
      0.0,
      0.0,
      0.0,
      0.0,
      0.0,
      0.0,
      0.0,
      0.0,
      0.0,
      0.0,
      0.0,
      0.0,
      0.0,
      0.0,
      0.0
    ],
    "info_cmae": [
      5.257331773638725,
      5.019010007381439,
      4.782111585140228,
      4.545733034610748,
      4.320677876472473,
      4.117955684661865,
      3.927030086517334,
      3.7423595190048218,
      3.5609073638916016,
      3.3850812911987305,
      3.2272188663482666,
      3.081967353820801,
      2.9442975521087646,
      2.8106207847595215,
      2.6787335872650146,
      2.5478627681732178,
      2.4240148067474365,
      2.320573329925537,
      2.230743646621704,
      2.149435043334961,
      2.073071002960205,
      1.9991912841796875,
      1.9262268543243408,
      1.8533191680908203,
      1.779996633529663,
      1.706045150756836,
      1.6313416957855225,
      1.560072422027588,
      1.5069692134857178,
      1.4832630157470703
    ],
    "info_mae": [
      5.007331773638725,
      4.769010007381439,
      4.532111585140228,
      4.295733034610748,
      4.070677876472473,
      3.8679556846618652,
      3.677030086517334,
      3.4923595190048218,
      3.3109073638916016,
      3.1350812911987305,
      2.9772188663482666,
      2.831967353820801,
      2.6942975521087646,
      2.5606207847595215,
      2.4287335872650146,
      2.2978627681732178,
      2.1740148067474365,
      2.070573329925537,
      1.980743646621704,
      1.899435043334961,
      1.823071002960205,
      1.7491912841796875,
      1.6762268543243408,
      1.6033191680908203,
      1.529996633529663,
      1.456045150756836,
      1.3813416957855225,
      1.310072422027588,
      1.2569692134857178,
      1.2332630157470703
    ]
  }
}