{
  "User": "117",
  "validation_results": {
    "Accuracy": [
      [
        0.33088237047195435,
        0.2083333432674408,
        0.0
      ]
    ],
    "Precision": [
      [
        0.11764705926179886,
        0.013888888992369175,
        0.0
      ]
    ],
    "Recall": [
      [
        0.23529411852359772,
        0.1111111119389534,
        0.0
      ]
    ],
    "F1Score": [
      [
        0.1568627506494522,
        0.02469135820865631,
        0.0
      ]
    ],
    "info_prec": [
      0.0,
      0.0,
      0.0,
      0.0,
      0.025,
      0.025,
      0.025,
      0.025,
      0.025,
      0.05,
      0.05,
      0.05,
      0.05,
      0.05,
      0.05,
      0.05,
      0.0,
      0.0,
      0.0,
      0.0,
      0.0,
      0.0,
      0.0,
      0.0,
      0.0,
      0.0,
      0.0,
      0.0,
      0.0,
      0.025
    ],
    "info_rec": [
      0.0,
      0.0,
      0.0,
      0.0,
      0.2,
      0.2,
      0.2,
      0.2,
      0.2,
      0.2,
      0.2,
      0.2,
      0.2,
      0.2,
      0.2,
      0.2,
      0.0,
      0.0,
      0.0,
      0.0,
      0.0,
      0.0,
      0.0,
      0.0,
      0.0,
      0.0,
      0.0,
      0.0,
      0.0,
      0.2
    ],
    "info_f1": [
      0.0,
      0.0,
      0.0,
      0.0,
      0.04444444444444444,
      0.04444444444444444,
      0.04444444444444444,
      0.04444444444444444,
      0.04444444444444444,
      0.08,
      0.08,
      0.08,
      0.08,
      0.08,
      0.08,
      0.08,
      0.0,
      0.0,
      0.0,
      0.0,
      0.0,
      0.0,
      0.0,
      0.0,
      0.0,
      0.0,
      0.0,
      0.0,
      0.0,
      0.04444444444444444
    ],
    "info_cmae": [
      3.3573317736387254,
      3.1190100073814393,
      2.8821115851402284,
      2.6457330346107484,
      2.492406725883484,
      2.3707734107971192,
      2.2562180519104005,
      2.145415711402893,
      2.036544418334961,
      1.9770162582397461,
      1.9454437732696532,
      1.9163934707641601,
      1.888859510421753,
      1.8621241569519043,
      1.8357467174530029,
      1.8095725536346436,
      1.7848029613494873,
      1.7641146659851075,
      1.7461487293243407,
      1.7298870086669922,
      1.714614200592041,
      1.6998382568359376,
      1.6852453708648683,
      1.670663833618164,
      1.6559993267059325,
      1.641209030151367,
      1.6262683391571044,
      1.6120144844055175,
      1.6013938426971435,
      1.603347396850586
    ],
    "info_mae": [
      3.5073317736387253,
      3.269010007381439,
      3.0321115851402283,
      2.7957330346107483,
      2.615508407354355,
      2.463466763496399,
      2.3202725648880005,
      2.1817696392536163,
      2.045680522918701,
      1.9712703227996826,
      1.9318047165870667,
      1.8954918384552002,
      1.8610743880271912,
      1.8276551961898804,
      1.7946833968162537,
      1.7619656920433044,
      1.7310037016868591,
      1.7051433324813843,
      1.682685911655426,
      1.6623587608337402,
      1.6432677507400513,
      1.6247978210449219,
      1.6065567135810852,
      1.588329792022705,
      1.5699991583824158,
      1.551511287689209,
      1.5328354239463806,
      1.515018105506897,
      1.5017423033714294,
      1.5
    ]
  }
}