{
  "User": "234",
  "validation_results": {
    "Accuracy": [
      [
        0.6666666865348816,
        0.5,
        0.10000000149011612
      ]
    ],
    "Precision": [
      [
        0.375,
        0.4000000059604645,
        0.0
      ]
    ],
    "Recall": [
      [
        0.5,
        0.4000000059604645,
        0.0
      ]
    ],
    "F1Score": [
      [
        0.4285714328289032,
        0.4000000059604645,
        0.0
      ]
    ],
    "info_prec": [
      0.0,
      0.0,
      0.0,
      0.0,
      0.0,
      0.0,
      0.0,
      0.0,
      0.0,
      0.125,
      0.125,
      0.125,
      0.125,
      0.125,
      0.125,
      0.125,
      0.0,
      0.0,
      0.0,
      0.0,
      0.0,
      0.0,
      0.0,
      0.0,
      0.0,
      0.0,
      0.0,
      0.0,
      0.0,
      0.375
    ],
    "info_rec": [
      0.0,
      0.0,
      0.0,
      0.0,
      0.0,
      0.0,
      0.0,
      0.0,
      0.0,
      0.5,
      0.5,
      0.5,
      0.5,
      0.5,
      0.5,
      0.5,
      0.0,
      0.0,
      0.0,
      0.0,
      0.0,
      0.0,
      0.0,
      0.0,
      0.0,
      0.0,
      0.0,
      0.0,
      0.0,
      0.5
    ],
    "info_f1": [
      0.0,
      0.0,
      0.0,
      0.0,
      0.0,
      0.0,
      0.0,
      0.0,
      0.0,
      0.2,
      0.2,
      0.2,
      0.2,
      0.2,
      0.2,
      0.2,
      0.0,
      0.0,
      0.0,
      0.0,
      0.0,
      0.0,
      0.0,
      0.0,
      0.0,
      0.0,
      0.0,
      0.0,
      0.0,
      0.42857142857142855
    ],
    "info_cmae": [
      2.7573317736387253,
      2.519010007381439,
      2.2821115851402283,
      2.0457330346107483,
      1.8206778764724731,
      1.6179556846618652,
      1.427030086517334,
      1.2423595190048218,
      1.0609073638916016,
      1.0,
      1.0,
      1.0,
      1.0,
      1.0,
      1.0,
      1.0,
      1.0,
      1.0,
      1.0,
      1.0,
      1.0,
      1.0,
      1.0,
      1.0,
      1.0,
      1.0,
      1.0,
      1.0,
      1.0,
      1.0167369842529297
    ],
    "info_mae": [
      3.2573317736387253,
      3.019010007381439,
      2.7821115851402283,
      2.5457330346107483,
      2.320677876472473,
      2.1179556846618652,
      1.927030086517334,
      1.7423595190048218,
      1.5609073638916016,
      1.4425406455993652,
      1.3636094331741333,
      1.2909836769104004,
      1.2221487760543823,
      1.1553103923797607,
      1.0893667936325073,
      1.0239313840866089,
      0.9620074033737183,
      0.9102866649627686,
      0.865371823310852,
      0.8247175216674805,
      0.7865355014801025,
      0.7495956420898438,
      0.7131134271621704,
      0.6766595840454102,
      0.6399983167648315,
      0.603022575378418,
      0.5656708478927612,
      0.530036211013794,
      0.5034846067428589,
      0.5167369842529297
    ]
  }
}