{
  "User": "21",
  "validation_results": {
    "Accuracy": [
      [
        0.550000011920929,
        0.550000011920929,
        0.5833333730697632
      ]
    ],
    "Precision": [
      [
        0.05000000074505806,
        0.05000000074505806,
        0.0
      ]
    ],
    "Recall": [
      [
        0.20000000298023224,
        0.20000000298023224,
        0.0
      ]
    ],
    "F1Score": [
      [
        0.07999999821186066,
        0.07999999821186066,
        0.0
      ]
    ],
    "info_prec": [
      0.08333333333333333,
      0.08333333333333333,
      0.08333333333333333,
      0.08333333333333333,
      0.08333333333333333,
      0.08333333333333333,
      0.08333333333333333,
      0.08333333333333333,
      0.08333333333333333,
      0.0,
      0.0,
      0.0,
      0.0,
      0.0,
      0.0,
      0.0,
      0.0,
      0.0,
      0.0,
      0.0,
      0.0,
      0.0,
      0.0,
      0.0,
      0.0,
      0.0,
      0.0,
      0.0,
      0.0,
      0.16666666666666666
    ],
    "info_rec": [
      0.3333333333333333,
      0.3333333333333333,
      0.3333333333333333,
      0.3333333333333333,
      0.3333333333333333,
      0.3333333333333333,
      0.3333333333333333,
      0.3333333333333333,
      0.3333333333333333,
      0.0,
      0.0,
      0.0,
      0.0,
      0.0,
      0.0,
      0.0,
      0.0,
      0.0,
      0.0,
      0.0,
      0.0,
      0.0,
      0.0,
      0.0,
      0.0,
      0.0,
      0.0,
      0.0,
      0.0,
      0.3333333333333333
    ],
    "info_f1": [
      0.13333333333333333,
      0.13333333333333333,
      0.13333333333333333,
      0.13333333333333333,
      0.13333333333333333,
      0.13333333333333333,
      0.13333333333333333,
      0.13333333333333333,
      0.13333333333333333,
      0.0,
      0.0,
      0.0,
      0.0,
      0.0,
      0.0,
      0.0,
      0.0,
      0.0,
      0.0,
      0.0,
      0.0,
      0.0,
      0.0,
      0.0,
      0.0,
      0.0,
      0.0,
      0.0,
      0.0,
      0.2222222222222222
    ],
    "info_cmae": [
      1.585777257879575,
      1.5063366691271465,
      1.4273705283800762,
      1.3485776782035828,
      1.3931073745091755,
      1.460681438446045,
      1.524323304494222,
      1.585880160331726,
      1.6463642120361328,
      1.7049729029337566,
      1.7575937112172444,
      1.8060108820597331,
      1.8519008159637451,
      1.896459738413493,
      1.9404221375783284,
      1.9840457439422607,
      2.0253283977508545,
      2.059808890024821,
      2.089752117792765,
      2.116854985555013,
      2.1423096656799316,
      2.166936238606771,
      2.1912577152252197,
      2.21556027730306,
      2.240001122156779,
      2.264651616414388,
      2.2895527680714927,
      2.3133091926574707,
      2.3310102621714273,
      2.350070317586263
    ],
    "info_mae": [
      2.1286658868193626,
      2.0095050036907196,
      1.8910557925701141,
      1.7728665173053741,
      1.75,
      1.75,
      1.75,
      1.75,
      1.75,
      1.75,
      1.75,
      1.75,
      1.75,
      1.75,
      1.75,
      1.75,
      1.75,
      1.75,
      1.75,
      1.75,
      1.75,
      1.75,
      1.75,
      1.75,
      1.75,
      1.75,
      1.75,
      1.75,
      1.75,
      1.7667369842529297
    ]
  }
}