{
  "User": "171",
  "validation_results": {
    "Accuracy": [
      [
        0.4375,
        0.25,
        0.0
      ]
    ],
    "Precision": [
      [
        0.0703125,
        0.0625,
        0.0
      ]
    ],
    "Recall": [
      [
        0.1875,
        0.25,
        0.0
      ]
    ],
    "F1Score": [
      [
        0.10227273404598236,
        0.10000000149011612,
        0.0
      ]
    ],
    "info_prec": [
      0.0,
      0.0,
      0.0,
      0.0,
      0.0,
      0.0,
      0.0,
      0.0,
      0.0,
      0.0,
      0.0,
      0.0,
      0.0,
      0.0,
      0.0,
      0.0,
      0.041666666666666664,
      0.041666666666666664,
      0.041666666666666664,
      0.041666666666666664,
      0.041666666666666664,
      0.041666666666666664,
      0.041666666666666664,
      0.041666666666666664,
      0.041666666666666664,
      0.041666666666666664,
      0.041666666666666664,
      0.041666666666666664,
      0.041666666666666664,
      0.125
    ],
    "info_rec": [
      0.0,
      0.0,
      0.0,
      0.0,
      0.0,
      0.0,
      0.0,
      0.0,
      0.0,
      0.0,
      0.0,
      0.0,
      0.0,
      0.0,
      0.0,
      0.0,
      0.3333333333333333,
      0.3333333333333333,
      0.3333333333333333,
      0.3333333333333333,
      0.3333333333333333,
      0.3333333333333333,
      0.3333333333333333,
      0.3333333333333333,
      0.3333333333333333,
      0.3333333333333333,
      0.3333333333333333,
      0.3333333333333333,
      0.3333333333333333,
      0.3333333333333333
    ],
    "info_f1": [
      0.0,
      0.0,
      0.0,
      0.0,
      0.0,
      0.0,
      0.0,
      0.0,
      0.0,
      0.0,
      0.0,
      0.0,
      0.0,
      0.0,
      0.0,
      0.0,
      0.07407407407407407,
      0.07407407407407407,
      0.07407407407407407,
      0.07407407407407407,
      0.07407407407407407,
      0.07407407407407407,
      0.07407407407407407,
      0.07407407407407407,
      0.07407407407407407,
      0.07407407407407407,
      0.07407407407407407,
      0.07407407407407407,
      0.07407407407407407,
      0.1818181818181818
    ],
    "info_cmae": [
      4.090665106972058,
      3.8523433407147727,
      3.6154449184735618,
      3.3790663679440818,
      3.1540112098058066,
      2.9512890179951987,
      2.7603634198506675,
      2.5756928523381553,
      2.394240697224935,
      2.218414624532064,
      2.0605521996816,
      1.915300687154134,
      1.777630885442098,
      1.6439541180928547,
      1.512066920598348,
      1.381196101506551,
      1.3080049355824788,
      1.2735244433085124,
      1.243581215540568,
      1.2164783477783203,
      1.1910236676534016,
      1.1663970947265625,
      1.1420756181081135,
      1.1177730560302734,
      1.0933322111765544,
      1.0686817169189453,
      1.0437805652618408,
      1.0200241406758626,
      1.002323071161906,
      1.0055789947509766
    ],
    "info_mae": [
      4.632331773638725,
      4.394010007381439,
      4.157111585140228,
      3.9207330346107483,
      3.695677876472473,
      3.4929556846618652,
      3.302030086517334,
      3.1173595190048218,
      2.9359073638916016,
      2.7600812911987305,
      2.6022188663482666,
      2.456967353820801,
      2.3192975521087646,
      2.1856207847595215,
      2.0537335872650146,
      1.9228627681732178,
      1.8180111050605774,
      1.7404299974441528,
      1.673057734966278,
      1.6120762825012207,
      1.5548032522201538,
      1.4993934631347656,
      1.4446701407432556,
      1.3899893760681152,
      1.3349974751472473,
      1.279533863067627,
      1.2235062718391418,
      1.170054316520691,
      1.1302269101142883,
      1.125
    ]
  }
}