{
  "User": "413",
  "validation_results": {
    "Accuracy": [
      [
        0.3333333432674408,
        0.5555555820465088,
        0.4444444477558136
      ]
    ],
    "Precision": [
      [
        0.1111111119389534,
        0.1111111119389534,
        0.0
      ]
    ],
    "Recall": [
      [
        0.3333333432674408,
        0.3333333432674408,
        0.0
      ]
    ],
    "F1Score": [
      [
        0.1666666716337204,
        0.1666666716337204,
        0.0
      ]
    ],
    "info_prec": [
      0.0,
      0.0,
      0.0,
      0.0,
      0.1111111111111111,
      0.1111111111111111,
      0.1111111111111111,
      0.1111111111111111,
      0.1111111111111111,
      0.1111111111111111,
      0.1111111111111111,
      0.1111111111111111,
      0.1111111111111111,
      0.1111111111111111,
      0.1111111111111111,
      0.1111111111111111,
      0.0,
      0.0,
      0.0,
      0.0,
      0.0,
      0.0,
      0.0,
      0.0,
      0.0,
      0.0,
      0.0,
      0.0,
      0.0,
      0.0
    ],
    "info_rec": [
      0.0,
      0.0,
      0.0,
      0.0,
      0.3333333333333333,
      0.3333333333333333,
      0.3333333333333333,
      0.3333333333333333,
      0.3333333333333333,
      0.3333333333333333,
      0.3333333333333333,
      0.3333333333333333,
      0.3333333333333333,
      0.3333333333333333,
      0.3333333333333333,
      0.3333333333333333,
      0.0,
      0.0,
      0.0,
      0.0,
      0.0,
      0.0,
      0.0,
      0.0,
      0.0,
      0.0,
      0.0,
      0.0,
      0.0,
      0.0
    ],
    "info_f1": [
      0.0,
      0.0,
      0.0,
      0.0,
      0.16666666666666666,
      0.16666666666666666,
      0.16666666666666666,
      0.16666666666666666,
      0.16666666666666666,
      0.16666666666666666,
      0.16666666666666666,
      0.16666666666666666,
      0.16666666666666666,
      0.16666666666666666,
      0.16666666666666666,
      0.16666666666666666,
      0.0,
      0.0,
      0.0,
      0.0,
      0.0,
      0.0,
      0.0,
      0.0,
      0.0,
      0.0,
      0.0,
      0.0,
      0.0,
      0.0
    ],
    "info_cmae": [
      2.423998440305392,
      2.1856766740481057,
      1.948778251806895,
      1.712399701277415,
      1.6068926254908245,
      1.539318561553955,
      1.475676695505778,
      1.414119839668274,
      1.3536357879638672,
      1.371639569600423,
      1.4242603778839111,
      1.4726775487263997,
      1.5185674826304119,
      1.5631264050801594,
      1.6070888042449951,
      1.6507124106089275,
      1.6919950644175212,
      1.7264755566914876,
      1.756418784459432,
      1.7835216522216797,
      1.8089763323465984,
      1.8336029052734375,
      1.8579243818918865,
      1.8822269439697266,
      1.9066677888234456,
      1.9313182830810547,
      1.9562194347381592,
      1.9799758593241374,
      1.997676928838094,
      2.0055789947509766
    ],
    "info_mae": [
      2.423998440305392,
      2.1856766740481057,
      1.948778251806895,
      1.712399701277415,
      1.6068926254908245,
      1.539318561553955,
      1.475676695505778,
      1.414119839668274,
      1.3536357879638672,
      1.371639569600423,
      1.4242603778839111,
      1.4726775487263997,
      1.5185674826304119,
      1.5631264050801594,
      1.6070888042449951,
      1.6507124106089275,
      1.6919950644175212,
      1.7264755566914876,
      1.756418784459432,
      1.7835216522216797,
      1.8089763323465984,
      1.8336029052734375,
      1.8579243818918865,
      1.8822269439697266,
      1.9066677888234456,
      1.9313182830810547,
      1.9562194347381592,
      1.9799758593241374,
      1.997676928838094,
      2.0055789947509766
    ]
  }
}