{
  "User": "279",
  "validation_results": {
    "Accuracy": [
      [
        0.5428571701049805,
        0.625,
        0.550000011920929
      ]
    ],
    "Precision": [
      [
        0.2571428716182709,
        0.22500000894069672,
        0.0
      ]
    ],
    "Recall": [
      [
        0.4285714328289032,
        0.375,
        0.0
      ]
    ],
    "F1Score": [
      [
        0.3214285671710968,
        0.28125,
        0.0
      ]
    ],
    "info_prec": [
      0.0,
      0.0,
      0.0,
      0.0,
      0.0,
      0.0,
      0.0,
      0.0,
      0.0,
      0.0,
      0.0,
      0.0,
      0.0,
      0.0,
      0.0,
      0.0,
      0.0,
      0.0,
      0.0,
      0.0,
      0.0,
      0.0,
      0.0,
      0.0,
      0.0,
      0.0,
      0.0,
      0.0,
      0.0,
      0.19999999999999998
    ],
    "info_rec": [
      0.0,
      0.0,
      0.0,
      0.0,
      0.0,
      0.0,
      0.0,
      0.0,
      0.0,
      0.0,
      0.0,
      0.0,
      0.0,
      0.0,
      0.0,
      0.0,
      0.0,
      0.0,
      0.0,
      0.0,
      0.0,
      0.0,
      0.0,
      0.0,
      0.0,
      0.0,
      0.0,
      0.0,
      0.0,
      0.3333333333333333
    ],
    "info_f1": [
      0.0,
      0.0,
      0.0,
      0.0,
      0.0,
      0.0,
      0.0,
      0.0,
      0.0,
      0.0,
      0.0,
      0.0,
      0.0,
      0.0,
      0.0,
      0.0,
      0.0,
      0.0,
      0.0,
      0.0,
      0.0,
      0.0,
      0.0,
      0.0,
      0.0,
      0.0,
      0.0,
      0.0,
      0.0,
      0.24999999999999997
    ],
    "info_cmae": [
      4.757331773638725,
      4.519010007381439,
      4.282111585140228,
      4.045733034610748,
      3.820677876472473,
      3.6179556846618652,
      3.427030086517334,
      3.2423595190048218,
      3.0609073638916016,
      2.8850812911987305,
      2.7272188663482666,
      2.581967353820801,
      2.4442975521087646,
      2.3106207847595215,
      2.1787335872650146,
      2.0478627681732178,
      1.9240148067474365,
      1.820573329925537,
      1.730743646621704,
      1.649435043334961,
      1.573071002960205,
      1.4991912841796875,
      1.4262268543243408,
      1.3533191680908203,
      1.279996633529663,
      1.206045150756836,
      1.1313416957855225,
      1.060072422027588,
      1.0069692134857178,
      0.9944210052490234
    ],
    "info_mae": [
      4.357331773638725,
      4.119010007381439,
      3.8821115851402284,
      3.6457330346107484,
      3.4206778764724732,
      3.2179556846618653,
      3.027030086517334,
      2.842359519004822,
      2.6609073638916017,
      2.4850812911987306,
      2.3272188663482667,
      2.181967353820801,
      2.0442975521087647,
      1.9106207847595216,
      1.7787335872650147,
      1.6478627681732179,
      1.5240148067474366,
      1.4205733299255372,
      1.3307436466217042,
      1.249435043334961,
      1.1730710029602052,
      1.0991912841796876,
      1.026226854324341,
      0.9533191680908203,
      0.8799966335296631,
      0.8060451507568359,
      0.7313416957855224,
      0.6600724220275879,
      0.6069692134857178,
      0.6033473968505859
    ]
  }
}