{
  "User": "503",
  "validation_results": {
    "Accuracy": [
      [
        0.25,
        0.625,
        0.625
      ]
    ],
    "Precision": [
      [
        0.0625,
        0.25,
        0.0
      ]
    ],
    "Recall": [
      [
        0.25,
        0.5,
        0.0
      ]
    ],
    "F1Score": [
      [
        0.10000000149011612,
        0.3333333432674408,
        0.0
      ]
    ],
    "info_prec": [
      0.0,
      0.0,
      0.0,
      0.0,
      0.125,
      0.125,
      0.125,
      0.125,
      0.125,
      0.0,
      0.0,
      0.0,
      0.0,
      0.0,
      0.0,
      0.0,
      0.0,
      0.0,
      0.0,
      0.0,
      0.0,
      0.0,
      0.0,
      0.0,
      0.0,
      0.0,
      0.0,
      0.0,
      0.0,
      0.0
    ],
    "info_rec": [
      0.0,
      0.0,
      0.0,
      0.0,
      0.5,
      0.5,
      0.5,
      0.5,
      0.5,
      0.0,
      0.0,
      0.0,
      0.0,
      0.0,
      0.0,
      0.0,
      0.0,
      0.0,
      0.0,
      0.0,
      0.0,
      0.0,
      0.0,
      0.0,
      0.0,
      0.0,
      0.0,
      0.0,
      0.0,
      0.0
    ],
    "info_f1": [
      0.0,
      0.0,
      0.0,
      0.0,
      0.2,
      0.2,
      0.2,
      0.2,
      0.2,
      0.0,
      0.0,
      0.0,
      0.0,
      0.0,
      0.0,
      0.0,
      0.0,
      0.0,
      0.0,
      0.0,
      0.0,
      0.0,
      0.0,
      0.0,
      0.0,
      0.0,
      0.0,
      0.0,
      0.0,
      0.0
    ],
    "info_cmae": [
      2.7573317736387253,
      2.519010007381439,
      2.2821115851402283,
      2.0457330346107483,
      2.0,
      2.0,
      2.0,
      2.0,
      2.0,
      2.0,
      2.0,
      2.0,
      2.0,
      2.0,
      2.0,
      2.0,
      2.0,
      2.0,
      2.0,
      2.0,
      2.0,
      2.0,
      2.0,
      2.0,
      2.0,
      2.0,
      2.0,
      2.0,
      2.0,
      2.0
    ],
    "info_mae": [
      3.7573317736387253,
      3.519010007381439,
      3.2821115851402283,
      3.0457330346107483,
      2.9103389382362366,
      2.8089778423309326,
      2.713515043258667,
      2.621179759502411,
      2.530453681945801,
      2.4425406455993652,
      2.3636094331741333,
      2.2909836769104004,
      2.2221487760543823,
      2.1553103923797607,
      2.0893667936325073,
      2.023931384086609,
      1.9620074033737183,
      1.9102866649627686,
      1.865371823310852,
      1.8247175216674805,
      1.7865355014801025,
      1.7495956420898438,
      1.7131134271621704,
      1.6766595840454102,
      1.6399983167648315,
      1.603022575378418,
      1.5656708478927612,
      1.530036211013794,
      1.5034846067428589,
      1.4916315078735352
    ]
  }
}