{
  "User": "32",
  "validation_results": {
    "Accuracy": [
      [
        0.512499988079071,
        0.5333333611488342,
        0.0
      ]
    ],
    "Precision": [
      [
        0.10000000149011612,
        0.35555556416511536,
        0.0
      ]
    ],
    "Recall": [
      [
        0.25,
        0.4444444477558136,
        0.0
      ]
    ],
    "F1Score": [
      [
        0.1428571492433548,
        0.395061731338501,
        0.0
      ]
    ],
    "info_prec": [
      0.016666666666666666,
      0.016666666666666666,
      0.016666666666666666,
      0.016666666666666666,
      0.016666666666666666,
      0.016666666666666666,
      0.016666666666666666,
      0.016666666666666666,
      0.016666666666666666,
      0.03333333333333333,
      0.03333333333333333,
      0.03333333333333333,
      0.03333333333333333,
      0.03333333333333333,
      0.03333333333333333,
      0.03333333333333333,
      0.03333333333333333,
      0.03333333333333333,
      0.03333333333333333,
      0.03333333333333333,
      0.03333333333333333,
      0.03333333333333333,
      0.03333333333333333,
      0.03333333333333333,
      0.03333333333333333,
      0.03333333333333333,
      0.03333333333333333,
      0.03333333333333333,
      0.03333333333333333,
      0.0
    ],
    "info_rec": [
      0.16666666666666666,
      0.16666666666666666,
      0.16666666666666666,
      0.16666666666666666,
      0.16666666666666666,
      0.16666666666666666,
      0.16666666666666666,
      0.16666666666666666,
      0.16666666666666666,
      0.16666666666666666,
      0.16666666666666666,
      0.16666666666666666,
      0.16666666666666666,
      0.16666666666666666,
      0.16666666666666666,
      0.16666666666666666,
      0.16666666666666666,
      0.16666666666666666,
      0.16666666666666666,
      0.16666666666666666,
      0.16666666666666666,
      0.16666666666666666,
      0.16666666666666666,
      0.16666666666666666,
      0.16666666666666666,
      0.16666666666666666,
      0.16666666666666666,
      0.16666666666666666,
      0.16666666666666666,
      0.0
    ],
    "info_f1": [
      0.030303030303030304,
      0.030303030303030304,
      0.030303030303030304,
      0.030303030303030304,
      0.030303030303030304,
      0.030303030303030304,
      0.030303030303030304,
      0.030303030303030304,
      0.030303030303030304,
      0.05555555555555556,
      0.05555555555555556,
      0.05555555555555556,
      0.05555555555555556,
      0.05555555555555556,
      0.05555555555555556,
      0.05555555555555556,
      0.05555555555555556,
      0.05555555555555556,
      0.05555555555555556,
      0.05555555555555556,
      0.05555555555555556,
      0.05555555555555556,
      0.05555555555555556,
      0.05555555555555556,
      0.05555555555555556,
      0.05555555555555556,
      0.05555555555555556,
      0.05555555555555556,
      0.05555555555555556,
      0.0
    ],
    "info_cmae": [
      2.67155451575915,
      2.512673338254293,
      2.3547410567601523,
      2.1971553564071655,
      2.1068926254908242,
      2.039318561553955,
      1.975676695505778,
      1.914119839668274,
      1.8536357879638672,
      1.8333333333333333,
      1.8333333333333333,
      1.8333333333333333,
      1.8333333333333333,
      1.8333333333333333,
      1.8333333333333333,
      1.8333333333333333,
      1.8586617310841878,
      1.8931422233581543,
      1.9230854511260986,
      1.9501883188883464,
      1.975642999013265,
      2.000269571940104,
      2.024591048558553,
      2.048893610636393,
      2.0733344554901123,
      2.097984949747721,
      2.1228861014048257,
      2.146642525990804,
      2.1643435955047607,
      2.172245661417643
    ],
    "info_mae": [
      3.2058654189109803,
      3.0152080059051514,
      2.825689268112183,
      2.6365864276885986,
      2.492406725883484,
      2.3707734107971192,
      2.2562180519104005,
      2.145415711402893,
      2.036544418334961,
      1.9770162582397461,
      1.9454437732696532,
      1.9163934707641601,
      1.888859510421753,
      1.8621241569519043,
      1.8357467174530029,
      1.8095725536346436,
      1.8151970386505127,
      1.8358853340148926,
      1.8538512706756591,
      1.870112991333008,
      1.885385799407959,
      1.9001617431640625,
      1.9147546291351318,
      1.929336166381836,
      1.9440006732940673,
      1.9587909698486328,
      1.9737316608428954,
      1.9879855155944823,
      1.9986061573028564,
      2.003347396850586
    ]
  }
}