{
  "User": "155",
  "validation_results": {
    "Accuracy": [
      [
        0.75,
        0.46666669845581055,
        0.5333333611488342
      ]
    ],
    "Precision": [
      [
        0.4166666567325592,
        0.13333334028720856,
        0.0
      ]
    ],
    "Recall": [
      [
        0.4166666567325592,
        0.3333333432674408,
        0.0
      ]
    ],
    "F1Score": [
      [
        0.4166666567325592,
        0.190476194024086,
        0.0
      ]
    ],
    "info_prec": [
      0.0,
      0.0,
      0.0,
      0.0,
      0.0,
      0.0,
      0.0,
      0.0,
      0.0,
      0.0,
      0.0,
      0.0,
      0.0,
      0.0,
      0.0,
      0.0,
      0.06666666666666667,
      0.06666666666666667,
      0.06666666666666667,
      0.06666666666666667,
      0.06666666666666667,
      0.06666666666666667,
      0.06666666666666667,
      0.06666666666666667,
      0.06666666666666667,
      0.06666666666666667,
      0.06666666666666667,
      0.06666666666666667,
      0.06666666666666667,
      0.13333333333333333
    ],
    "info_rec": [
      0.0,
      0.0,
      0.0,
      0.0,
      0.0,
      0.0,
      0.0,
      0.0,
      0.0,
      0.0,
      0.0,
      0.0,
      0.0,
      0.0,
      0.0,
      0.0,
      0.3333333333333333,
      0.3333333333333333,
      0.3333333333333333,
      0.3333333333333333,
      0.3333333333333333,
      0.3333333333333333,
      0.3333333333333333,
      0.3333333333333333,
      0.3333333333333333,
      0.3333333333333333,
      0.3333333333333333,
      0.3333333333333333,
      0.3333333333333333,
      0.3333333333333333
    ],
    "info_f1": [
      0.0,
      0.0,
      0.0,
      0.0,
      0.0,
      0.0,
      0.0,
      0.0,
      0.0,
      0.0,
      0.0,
      0.0,
      0.0,
      0.0,
      0.0,
      0.0,
      0.11111111111111112,
      0.11111111111111112,
      0.11111111111111112,
      0.11111111111111112,
      0.11111111111111112,
      0.11111111111111112,
      0.11111111111111112,
      0.11111111111111112,
      0.11111111111111112,
      0.11111111111111112,
      0.11111111111111112,
      0.11111111111111112,
      0.11111111111111112,
      0.1904761904761905
    ],
    "info_cmae": [
      4.090665106972058,
      3.8523433407147727,
      3.6154449184735618,
      3.3790663679440818,
      3.1540112098058066,
      2.9512890179951987,
      2.7603634198506675,
      2.5756928523381553,
      2.394240697224935,
      2.218414624532064,
      2.0605521996816,
      1.915300687154134,
      1.777630885442098,
      1.6439541180928547,
      1.512066920598348,
      1.381196101506551,
      1.3080049355824788,
      1.2735244433085124,
      1.243581215540568,
      1.2164783477783203,
      1.1910236676534016,
      1.1663970947265625,
      1.1420756181081135,
      1.1177730560302734,
      1.0933322111765544,
      1.0686817169189453,
      1.0437805652618408,
      1.0200241406758626,
      1.002323071161906,
      1.0055789947509766
    ],
    "info_mae": [
      4.357331773638725,
      4.119010007381439,
      3.8821115851402284,
      3.6457330346107484,
      3.4206778764724732,
      3.2179556846618653,
      3.027030086517334,
      2.842359519004822,
      2.6609073638916017,
      2.4850812911987306,
      2.3272188663482667,
      2.181967353820801,
      2.0442975521087647,
      1.9106207847595216,
      1.7787335872650147,
      1.6478627681732179,
      1.554408884048462,
      1.4923439979553224,
      1.4384461879730224,
      1.3896610260009765,
      1.3438426017761231,
      1.2995147705078125,
      1.2557361125946045,
      1.2119915008544921,
      1.1679979801177978,
      1.1236270904541015,
      1.0788050174713135,
      1.0360434532165528,
      1.0041815280914306,
      1.003347396850586
    ]
  }
}