{
  "User": "36",
  "validation_results": {
    "Accuracy": [
      [
        0.75,
        0.5,
        0.5
      ]
    ],
    "Precision": [
      [
        0.5625,
        0.25,
        0.0
      ]
    ],
    "Recall": [
      [
        0.75,
        0.5,
        0.0
      ]
    ],
    "F1Score": [
      [
        0.6428571343421936,
        0.3333333432674408,
        0.0
      ]
    ],
    "info_prec": [
      0.0,
      0.0,
      0.0,
      0.0,
      0.0,
      0.0,
      0.0,
      0.0,
      0.0,
      0.08333333333333333,
      0.08333333333333333,
      0.08333333333333333,
      0.08333333333333333,
      0.08333333333333333,
      0.08333333333333333,
      0.08333333333333333,
      0.0,
      0.0,
      0.0,
      0.0,
      0.0,
      0.0,
      0.0,
      0.0,
      0.0,
      0.0,
      0.0,
      0.0,
      0.0,
      0.08333333333333333
    ],
    "info_rec": [
      0.0,
      0.0,
      0.0,
      0.0,
      0.0,
      0.0,
      0.0,
      0.0,
      0.0,
      0.3333333333333333,
      0.3333333333333333,
      0.3333333333333333,
      0.3333333333333333,
      0.3333333333333333,
      0.3333333333333333,
      0.3333333333333333,
      0.0,
      0.0,
      0.0,
      0.0,
      0.0,
      0.0,
      0.0,
      0.0,
      0.0,
      0.0,
      0.0,
      0.0,
      0.0,
      0.3333333333333333
    ],
    "info_f1": [
      0.0,
      0.0,
      0.0,
      0.0,
      0.0,
      0.0,
      0.0,
      0.0,
      0.0,
      0.13333333333333333,
      0.13333333333333333,
      0.13333333333333333,
      0.13333333333333333,
      0.13333333333333333,
      0.13333333333333333,
      0.13333333333333333,
      0.0,
      0.0,
      0.0,
      0.0,
      0.0,
      0.0,
      0.0,
      0.0,
      0.0,
      0.0,
      0.0,
      0.0,
      0.0,
      0.13333333333333333
    ],
    "info_cmae": [
      3.7573317736387253,
      3.519010007381439,
      3.2821115851402283,
      3.0457330346107483,
      2.820677876472473,
      2.6179556846618652,
      2.427030086517334,
      2.2423595190048218,
      2.0609073638916016,
      1.9616937637329102,
      1.9090729554494221,
      1.8606557846069336,
      1.8147658507029216,
      1.7702069282531738,
      1.7262445290883381,
      1.682620922724406,
      1.6413382689158122,
      1.6068577766418457,
      1.5769145488739014,
      1.5498116811116536,
      1.524357000986735,
      1.4997304280598958,
      1.475408951441447,
      1.4511063893636067,
      1.4266655445098877,
      1.4020150502522786,
      1.377113898595174,
      1.353357474009196,
      1.3356564044952393,
      1.3389123280843098
    ],
    "info_mae": [
      4.257331773638725,
      4.019010007381439,
      3.7821115851402283,
      3.5457330346107483,
      3.320677876472473,
      3.1179556846618652,
      2.927030086517334,
      2.7423595190048218,
      2.5609073638916016,
      2.4425406455993652,
      2.3636094331741333,
      2.2909836769104004,
      2.2221487760543823,
      2.1553103923797607,
      2.0893667936325073,
      2.023931384086609,
      1.9620074033737183,
      1.9102866649627686,
      1.865371823310852,
      1.8247175216674805,
      1.7865355014801025,
      1.7495956420898438,
      1.7131134271621704,
      1.6766595840454102,
      1.6399983167648315,
      1.603022575378418,
      1.5656708478927612,
      1.530036211013794,
      1.5034846067428589,
      1.5
    ]
  }
}