{
  "User": "19",
  "validation_results": {
    "Accuracy": [
      [
        0.4333333373069763,
        0.5,
        0.0
      ]
    ],
    "Precision": [
      [
        0.03333333507180214,
        0.2666666805744171,
        0.0
      ]
    ],
    "Recall": [
      [
        0.1666666716337204,
        0.3333333432674408,
        0.0
      ]
    ],
    "F1Score": [
      [
        0.0555555559694767,
        0.29629629850387573,
        0.0
      ]
    ],
    "info_prec": [
      0.0,
      0.0,
      0.0,
      0.0,
      0.0,
      0.0,
      0.0,
      0.0,
      0.0,
      0.19999999999999998,
      0.19999999999999998,
      0.19999999999999998,
      0.19999999999999998,
      0.19999999999999998,
      0.19999999999999998,
      0.19999999999999998,
      0.06666666666666667,
      0.06666666666666667,
      0.06666666666666667,
      0.06666666666666667,
      0.06666666666666667,
      0.06666666666666667,
      0.06666666666666667,
      0.06666666666666667,
      0.06666666666666667,
      0.06666666666666667,
      0.06666666666666667,
      0.06666666666666667,
      0.06666666666666667,
      0.06666666666666667
    ],
    "info_rec": [
      0.0,
      0.0,
      0.0,
      0.0,
      0.0,
      0.0,
      0.0,
      0.0,
      0.0,
      0.3333333333333333,
      0.3333333333333333,
      0.3333333333333333,
      0.3333333333333333,
      0.3333333333333333,
      0.3333333333333333,
      0.3333333333333333,
      0.3333333333333333,
      0.3333333333333333,
      0.3333333333333333,
      0.3333333333333333,
      0.3333333333333333,
      0.3333333333333333,
      0.3333333333333333,
      0.3333333333333333,
      0.3333333333333333,
      0.3333333333333333,
      0.3333333333333333,
      0.3333333333333333,
      0.3333333333333333,
      0.3333333333333333
    ],
    "info_f1": [
      0.0,
      0.0,
      0.0,
      0.0,
      0.0,
      0.0,
      0.0,
      0.0,
      0.0,
      0.24999999999999997,
      0.24999999999999997,
      0.24999999999999997,
      0.24999999999999997,
      0.24999999999999997,
      0.24999999999999997,
      0.24999999999999997,
      0.11111111111111112,
      0.11111111111111112,
      0.11111111111111112,
      0.11111111111111112,
      0.11111111111111112,
      0.11111111111111112,
      0.11111111111111112,
      0.11111111111111112,
      0.11111111111111112,
      0.11111111111111112,
      0.11111111111111112,
      0.11111111111111112,
      0.11111111111111112,
      0.11111111111111112
    ],
    "info_cmae": [
      2.7573317736387253,
      2.519010007381439,
      2.2821115851402283,
      2.0457330346107483,
      1.8206778764724731,
      1.6179556846618652,
      1.427030086517334,
      1.2423595190048218,
      1.0609073638916016,
      0.9616937637329102,
      0.9090729554494222,
      0.8606557846069336,
      0.8147658507029215,
      0.7702069282531738,
      0.7262445290883383,
      0.6826209227244059,
      0.6919950644175211,
      0.7264755566914877,
      0.756418784459432,
      0.7835216522216797,
      0.8089763323465983,
      0.8336029052734375,
      0.8579243818918864,
      0.8822269439697266,
      0.9066677888234457,
      0.9313182830810547,
      0.9562194347381592,
      0.9799758593241373,
      0.9976769288380941,
      1.0167369842529297
    ],
    "info_mae": [
      2.3573317736387254,
      2.1190100073814393,
      1.8821115851402284,
      1.6457330346107484,
      1.4206778764724732,
      1.2179556846618653,
      1.027030086517334,
      0.8423595190048218,
      0.6609073638916015,
      0.622983741760254,
      0.6545562267303466,
      0.6836065292358399,
      0.711140489578247,
      0.7378758430480957,
      0.7642532825469971,
      0.7904274463653564,
      0.8455911159515381,
      0.9076560020446778,
      0.9615538120269775,
      1.0103389739990234,
      1.056157398223877,
      1.1004852294921874,
      1.1442638874053954,
      1.1880084991455078,
      1.2320020198822021,
      1.2763729095458984,
      1.3211949825286866,
      1.3639565467834474,
      1.3958184719085693,
      1.4167369842529296
    ]
  }
}