{
  "User": "175",
  "validation_results": {
    "Accuracy": [
      [
        0.1666666716337204,
        0.375,
        0.375
      ]
    ],
    "Precision": [
      [
        0.1666666716337204,
        0.0,
        0.0
      ]
    ],
    "Recall": [
      [
        0.3333333432674408,
        0.0,
        0.0
      ]
    ],
    "F1Score": [
      [
        0.2222222238779068,
        0.0,
        0.0
      ]
    ],
    "info_prec": [
      0.0,
      0.0,
      0.0,
      0.0,
      0.375,
      0.375,
      0.375,
      0.375,
      0.375,
      0.0,
      0.0,
      0.0,
      0.0,
      0.0,
      0.0,
      0.0,
      0.0,
      0.0,
      0.0,
      0.0,
      0.0,
      0.0,
      0.0,
      0.0,
      0.0,
      0.0,
      0.0,
      0.0,
      0.0,
      0.125
    ],
    "info_rec": [
      0.0,
      0.0,
      0.0,
      0.0,
      0.5,
      0.5,
      0.5,
      0.5,
      0.5,
      0.0,
      0.0,
      0.0,
      0.0,
      0.0,
      0.0,
      0.0,
      0.0,
      0.0,
      0.0,
      0.0,
      0.0,
      0.0,
      0.0,
      0.0,
      0.0,
      0.0,
      0.0,
      0.0,
      0.0,
      0.5
    ],
    "info_f1": [
      0.0,
      0.0,
      0.0,
      0.0,
      0.42857142857142855,
      0.42857142857142855,
      0.42857142857142855,
      0.42857142857142855,
      0.42857142857142855,
      0.0,
      0.0,
      0.0,
      0.0,
      0.0,
      0.0,
      0.0,
      0.0,
      0.0,
      0.0,
      0.0,
      0.0,
      0.0,
      0.0,
      0.0,
      0.0,
      0.0,
      0.0,
      0.0,
      0.0,
      0.2
    ],
    "info_cmae": [
      2.2573317736387253,
      2.019010007381439,
      1.7821115851402283,
      1.5457330346107483,
      1.5,
      1.5,
      1.5,
      1.5,
      1.5,
      1.5,
      1.5,
      1.5,
      1.5,
      1.5,
      1.5,
      1.5,
      1.5,
      1.5,
      1.5,
      1.5,
      1.5,
      1.5,
      1.5,
      1.5,
      1.5,
      1.5,
      1.5,
      1.5,
      1.5,
      1.5167369842529297
    ],
    "info_mae": [
      1.5073317736387253,
      1.2690100073814392,
      1.0321115851402283,
      0.7957330346107483,
      0.8396610617637634,
      0.9410221576690674,
      1.036484956741333,
      1.1288202404975891,
      1.2195463180541992,
      1.3074593544006348,
      1.3863905668258667,
      1.4590163230895996,
      1.5278512239456177,
      1.5946896076202393,
      1.6606332063674927,
      1.7260686159133911,
      1.7879925966262817,
      1.8397133350372314,
      1.884628176689148,
      1.9252824783325195,
      1.9634644985198975,
      2.0004043579101562,
      2.0368865728378296,
      2.07334041595459,
      2.1100016832351685,
      2.146977424621582,
      2.1843291521072388,
      2.219963788986206,
      2.246515393257141,
      2.2667369842529297
    ]
  }
}