{
  "User": "399",
  "validation_results": {
    "Accuracy": [
      [
        0.3928571343421936,
        0.625,
        0.375
      ]
    ],
    "Precision": [
      [
        0.0357142873108387,
        0.0,
        0.0
      ]
    ],
    "Recall": [
      [
        0.1428571492433548,
        0.0,
        0.0
      ]
    ],
    "F1Score": [
      [
        0.05714285746216774,
        0.0,
        0.0
      ]
    ],
    "info_prec": [
      0.0,
      0.0,
      0.0,
      0.0,
      0.08333333333333333,
      0.08333333333333333,
      0.08333333333333333,
      0.08333333333333333,
      0.08333333333333333,
      0.0,
      0.0,
      0.0,
      0.0,
      0.0,
      0.0,
      0.0,
      0.0,
      0.0,
      0.0,
      0.0,
      0.0,
      0.0,
      0.0,
      0.0,
      0.0,
      0.0,
      0.0,
      0.0,
      0.0,
      0.08333333333333333
    ],
    "info_rec": [
      0.0,
      0.0,
      0.0,
      0.0,
      0.3333333333333333,
      0.3333333333333333,
      0.3333333333333333,
      0.3333333333333333,
      0.3333333333333333,
      0.0,
      0.0,
      0.0,
      0.0,
      0.0,
      0.0,
      0.0,
      0.0,
      0.0,
      0.0,
      0.0,
      0.0,
      0.0,
      0.0,
      0.0,
      0.0,
      0.0,
      0.0,
      0.0,
      0.0,
      0.3333333333333333
    ],
    "info_f1": [
      0.0,
      0.0,
      0.0,
      0.0,
      0.13333333333333333,
      0.13333333333333333,
      0.13333333333333333,
      0.13333333333333333,
      0.13333333333333333,
      0.0,
      0.0,
      0.0,
      0.0,
      0.0,
      0.0,
      0.0,
      0.0,
      0.0,
      0.0,
      0.0,
      0.0,
      0.0,
      0.0,
      0.0,
      0.0,
      0.0,
      0.0,
      0.0,
      0.0,
      0.13333333333333333
    ],
    "info_cmae": [
      3.423998440305392,
      3.1856766740481057,
      2.948778251806895,
      2.712399701277415,
      2.6068926254908242,
      2.539318561553955,
      2.475676695505778,
      2.414119839668274,
      2.353635787963867,
      2.2950270970662436,
      2.2424062887827554,
      2.193989117940267,
      2.148099184036255,
      2.1035402615865073,
      2.0595778624216714,
      2.0159542560577393,
      1.9746716022491455,
      1.940191109975179,
      1.9102478822072346,
      1.883145014444987,
      1.8576903343200684,
      1.8330637613932292,
      1.8087422847747803,
      1.7844397226969402,
      1.759998877843221,
      1.735348383585612,
      1.7104472319285076,
      1.6866908073425293,
      1.6689897378285725,
      1.6722456614176433
    ],
    "info_mae": [
      4.007331773638725,
      3.769010007381439,
      3.5321115851402283,
      3.2957330346107483,
      3.1603389382362366,
      3.0589778423309326,
      2.963515043258667,
      2.871179759502411,
      2.780453681945801,
      2.6925406455993652,
      2.6136094331741333,
      2.5409836769104004,
      2.4721487760543823,
      2.4053103923797607,
      2.3393667936325073,
      2.273931384086609,
      2.2120074033737183,
      2.1602866649627686,
      2.115371823310852,
      2.0747175216674805,
      2.0365355014801025,
      1.9995956420898438,
      1.9631134271621704,
      1.9266595840454102,
      1.8899983167648315,
      1.853022575378418,
      1.8156708478927612,
      1.780036211013794,
      1.7534846067428589,
      1.75
    ]
  }
}