{
  "User": "198",
  "validation_results": {
    "Accuracy": [
      [
        0.8749999403953552,
        0.75,
        0.375
      ]
    ],
    "Precision": [
      [
        0.612500011920929,
        0.5625,
        0.0
      ]
    ],
    "Recall": [
      [
        0.699999988079071,
        0.75,
        0.0
      ]
    ],
    "F1Score": [
      [
        0.653333306312561,
        0.6428571343421936,
        0.0
      ]
    ],
    "info_prec": [
      0.0,
      0.0,
      0.0,
      0.0,
      0.03125,
      0.03125,
      0.03125,
      0.03125,
      0.03125,
      0.0,
      0.0,
      0.0,
      0.0,
      0.0,
      0.0,
      0.0,
      0.0,
      0.0,
      0.0,
      0.0,
      0.0,
      0.0,
      0.0,
      0.0,
      0.0,
      0.0,
      0.0,
      0.0,
      0.0,
      0.09375
    ],
    "info_rec": [
      0.0,
      0.0,
      0.0,
      0.0,
      0.25,
      0.25,
      0.25,
      0.25,
      0.25,
      0.0,
      0.0,
      0.0,
      0.0,
      0.0,
      0.0,
      0.0,
      0.0,
      0.0,
      0.0,
      0.0,
      0.0,
      0.0,
      0.0,
      0.0,
      0.0,
      0.0,
      0.0,
      0.0,
      0.0,
      0.25
    ],
    "info_f1": [
      0.0,
      0.0,
      0.0,
      0.0,
      0.05555555555555555,
      0.05555555555555555,
      0.05555555555555555,
      0.05555555555555555,
      0.05555555555555555,
      0.0,
      0.0,
      0.0,
      0.0,
      0.0,
      0.0,
      0.0,
      0.0,
      0.0,
      0.0,
      0.0,
      0.0,
      0.0,
      0.0,
      0.0,
      0.0,
      0.0,
      0.0,
      0.0,
      0.0,
      0.13636363636363635
    ],
    "info_cmae": [
      3.7573317736387253,
      3.519010007381439,
      3.2821115851402283,
      3.0457330346107483,
      2.9103389382362366,
      2.8089778423309326,
      2.713515043258667,
      2.621179759502411,
      2.530453681945801,
      2.4425406455993652,
      2.3636094331741333,
      2.2909836769104004,
      2.2221487760543823,
      2.1553103923797607,
      2.0893667936325073,
      2.023931384086609,
      1.9620074033737183,
      1.9102866649627686,
      1.865371823310852,
      1.8247175216674805,
      1.7865355014801025,
      1.7495956420898438,
      1.7131134271621704,
      1.6766595840454102,
      1.6399983167648315,
      1.603022575378418,
      1.5656708478927612,
      1.530036211013794,
      1.5034846067428589,
      1.5
    ],
    "info_mae": [
      4.132331773638725,
      3.894010007381439,
      3.6571115851402283,
      3.4207330346107483,
      3.240508407354355,
      3.088466763496399,
      2.9452725648880005,
      2.8067696392536163,
      2.670680522918701,
      2.538810968399048,
      2.4204141497612,
      2.3114755153656006,
      2.2082231640815735,
      2.107965588569641,
      2.009050190448761,
      1.9108970761299133,
      1.8180111050605774,
      1.7404299974441528,
      1.673057734966278,
      1.6120762825012207,
      1.5548032522201538,
      1.4993934631347656,
      1.4446701407432556,
      1.3899893760681152,
      1.3349974751472473,
      1.279533863067627,
      1.2235062718391418,
      1.170054316520691,
      1.1302269101142883,
      1.125
    ]
  }
}