{
  "User": "84",
  "validation_results": {
    "Accuracy": [
      [
        0.6041666865348816,
        0.6513158082962036,
        0.39772725105285645
      ]
    ],
    "Precision": [
      [
        0.1666666716337204,
        0.42105263471603394,
        0.0
      ]
    ],
    "Recall": [
      [
        0.3333333432674408,
        0.42105263471603394,
        0.0
      ]
    ],
    "F1Score": [
      [
        0.2222222238779068,
        0.42105263471603394,
        0.0
      ]
    ],
    "info_prec": [
      0.0,
      0.0,
      0.0,
      0.0,
      0.0,
      0.0,
      0.0,
      0.0,
      0.0,
      0.0625,
      0.0625,
      0.0625,
      0.0625,
      0.0625,
      0.0625,
      0.0625,
      0.0,
      0.0,
      0.0,
      0.0,
      0.0,
      0.0,
      0.0,
      0.0,
      0.0,
      0.0,
      0.0,
      0.0,
      0.0,
      0.125
    ],
    "info_rec": [
      0.0,
      0.0,
      0.0,
      0.0,
      0.0,
      0.0,
      0.0,
      0.0,
      0.0,
      0.25,
      0.25,
      0.25,
      0.25,
      0.25,
      0.25,
      0.25,
      0.0,
      0.0,
      0.0,
      0.0,
      0.0,
      0.0,
      0.0,
      0.0,
      0.0,
      0.0,
      0.0,
      0.0,
      0.0,
      0.25
    ],
    "info_f1": [
      0.0,
      0.0,
      0.0,
      0.0,
      0.0,
      0.0,
      0.0,
      0.0,
      0.0,
      0.1,
      0.1,
      0.1,
      0.1,
      0.1,
      0.1,
      0.1,
      0.0,
      0.0,
      0.0,
      0.0,
      0.0,
      0.0,
      0.0,
      0.0,
      0.0,
      0.0,
      0.0,
      0.0,
      0.0,
      0.16666666666666666
    ],
    "info_cmae": [
      4.007331773638725,
      3.769010007381439,
      3.5321115851402283,
      3.2957330346107483,
      3.070677876472473,
      2.8679556846618652,
      2.677030086517334,
      2.4923595190048218,
      2.3109073638916016,
      2.1925406455993652,
      2.1136094331741333,
      2.0409836769104004,
      1.9721487760543823,
      1.9053103923797607,
      1.8393667936325073,
      1.7739313840866089,
      1.7120074033737183,
      1.6602866649627686,
      1.615371823310852,
      1.5747175216674805,
      1.5365355014801025,
      1.4995956420898438,
      1.4631134271621704,
      1.4266595840454102,
      1.3899983167648315,
      1.353022575378418,
      1.3156708478927612,
      1.280036211013794,
      1.2534846067428589,
      1.25
    ],
    "info_mae": [
      3.6323317736387253,
      3.394010007381439,
      3.1571115851402283,
      2.9207330346107483,
      2.695677876472473,
      2.4929556846618652,
      2.302030086517334,
      2.1173595190048218,
      1.9359073638916016,
      1.8175406455993652,
      1.7386094331741333,
      1.6659836769104004,
      1.5971487760543823,
      1.5303103923797607,
      1.4643667936325073,
      1.3989313840866089,
      1.3370074033737183,
      1.2852866649627686,
      1.240371823310852,
      1.1997175216674805,
      1.1615355014801025,
      1.1245956420898438,
      1.0881134271621704,
      1.0516595840454102,
      1.0149983167648315,
      0.978022575378418,
      0.9406708478927612,
      0.905036211013794,
      0.8784846067428589,
      0.8833684921264648
    ]
  }
}