{
  "User": "160",
  "validation_results": {
    "Accuracy": [
      [
        0.34285715222358704,
        0.6833333373069763,
        0.15000000596046448
      ]
    ],
    "Precision": [
      [
        0.11428571492433548,
        0.4166666567325592,
        0.0
      ]
    ],
    "Recall": [
      [
        0.2857142984867096,
        0.4166666567325592,
        0.0
      ]
    ],
    "F1Score": [
      [
        0.16326531767845154,
        0.4166666567325592,
        0.0
      ]
    ],
    "info_prec": [
      0.0,
      0.0,
      0.0,
      0.0,
      0.05,
      0.05,
      0.05,
      0.05,
      0.05,
      0.0,
      0.0,
      0.0,
      0.0,
      0.0,
      0.0,
      0.0,
      0.0,
      0.0,
      0.0,
      0.0,
      0.0,
      0.0,
      0.0,
      0.0,
      0.0,
      0.0,
      0.0,
      0.0,
      0.0,
      0.05
    ],
    "info_rec": [
      0.0,
      0.0,
      0.0,
      0.0,
      0.25,
      0.25,
      0.25,
      0.25,
      0.25,
      0.0,
      0.0,
      0.0,
      0.0,
      0.0,
      0.0,
      0.0,
      0.0,
      0.0,
      0.0,
      0.0,
      0.0,
      0.0,
      0.0,
      0.0,
      0.0,
      0.0,
      0.0,
      0.0,
      0.0,
      0.25
    ],
    "info_f1": [
      0.0,
      0.0,
      0.0,
      0.0,
      0.08333333333333334,
      0.08333333333333334,
      0.08333333333333334,
      0.08333333333333334,
      0.08333333333333334,
      0.0,
      0.0,
      0.0,
      0.0,
      0.0,
      0.0,
      0.0,
      0.0,
      0.0,
      0.0,
      0.0,
      0.0,
      0.0,
      0.0,
      0.0,
      0.0,
      0.0,
      0.0,
      0.0,
      0.0,
      0.08333333333333334
    ],
    "info_cmae": [
      3.7573317736387253,
      3.519010007381439,
      3.2821115851402283,
      3.0457330346107483,
      2.9103389382362366,
      2.8089778423309326,
      2.713515043258667,
      2.621179759502411,
      2.530453681945801,
      2.4425406455993652,
      2.3636094331741333,
      2.2909836769104004,
      2.2221487760543823,
      2.1553103923797607,
      2.0893667936325073,
      2.023931384086609,
      1.9620074033737183,
      1.9102866649627686,
      1.865371823310852,
      1.8247175216674805,
      1.7865355014801025,
      1.7495956420898438,
      1.7131134271621704,
      1.6766595840454102,
      1.6399983167648315,
      1.603022575378418,
      1.5656708478927612,
      1.530036211013794,
      1.5034846067428589,
      1.5
    ],
    "info_mae": [
      4.157331773638726,
      3.919010007381439,
      3.682111585140228,
      3.445733034610748,
      3.2924067258834837,
      3.170773410797119,
      3.0562180519104003,
      2.945415711402893,
      2.836544418334961,
      2.7310487747192385,
      2.63633131980896,
      2.5491804122924804,
      2.4665785312652586,
      2.386372470855713,
      2.3072401523590087,
      2.2287176609039308,
      2.154408884048462,
      2.0923439979553224,
      2.0384461879730225,
      1.9896610260009766,
      1.943842601776123,
      1.8995147705078126,
      1.8557361125946046,
      1.8119915008544922,
      1.7679979801177979,
      1.7236270904541016,
      1.6788050174713134,
      1.6360434532165526,
      1.6041815280914307,
      1.5966526031494142
    ]
  }
}