{
  "User": "499",
  "validation_results": {
    "Accuracy": [
      [
        0.6000000238418579,
        0.0,
        0.0
      ]
    ],
    "Precision": [
      [
        0.06666667014360428,
        0.0,
        0.0
      ]
    ],
    "Recall": [
      [
        0.20000000298023224,
        0.0,
        0.0
      ]
    ],
    "F1Score": [
      [
        0.10000000149011612,
        0.0,
        0.0
      ]
    ],
    "info_prec": [
      0.16666666666666666,
      0.16666666666666666,
      0.16666666666666666,
      0.16666666666666666,
      0.0,
      0.0,
      0.0,
      0.0,
      0.0,
      0.0,
      0.0,
      0.0,
      0.0,
      0.0,
      0.0,
      0.0,
      0.0,
      0.0,
      0.0,
      0.0,
      0.0,
      0.0,
      0.0,
      0.0,
      0.0,
      0.0,
      0.0,
      0.0,
      0.0,
      0.3333333333333333
    ],
    "info_rec": [
      0.5,
      0.5,
      0.5,
      0.5,
      0.0,
      0.0,
      0.0,
      0.0,
      0.0,
      0.0,
      0.0,
      0.0,
      0.0,
      0.0,
      0.0,
      0.0,
      0.0,
      0.0,
      0.0,
      0.0,
      0.0,
      0.0,
      0.0,
      0.0,
      0.0,
      0.0,
      0.0,
      0.0,
      0.0,
      0.5
    ],
    "info_f1": [
      0.25,
      0.25,
      0.25,
      0.25,
      0.0,
      0.0,
      0.0,
      0.0,
      0.0,
      0.0,
      0.0,
      0.0,
      0.0,
      0.0,
      0.0,
      0.0,
      0.0,
      0.0,
      0.0,
      0.0,
      0.0,
      0.0,
      0.0,
      0.0,
      0.0,
      0.0,
      0.0,
      0.0,
      0.0,
      0.4
    ],
    "info_cmae": [
      2.0,
      2.0,
      2.0,
      2.0,
      2.0,
      2.0,
      2.0,
      2.0,
      2.0,
      2.0,
      2.0,
      2.0,
      2.0,
      2.0,
      2.0,
      2.0,
      2.0,
      2.0,
      2.0,
      2.0,
      2.0,
      2.0,
      2.0,
      2.0,
      2.0,
      2.0,
      2.0,
      2.0,
      2.0,
      2.0167369842529297
    ],
    "info_mae": [
      2.5857772578795752,
      2.5063366691271463,
      2.427370528380076,
      2.3485776782035828,
      2.273559292157491,
      2.2059852282206216,
      2.142343362172445,
      2.0807865063349404,
      2.0203024546305337,
      1.9616937637329102,
      1.9090729554494221,
      1.8606557846069336,
      1.8147658507029216,
      1.7702069282531738,
      1.7262445290883381,
      1.682620922724406,
      1.6413382689158122,
      1.6068577766418457,
      1.5769145488739014,
      1.5498116811116536,
      1.524357000986735,
      1.4997304280598958,
      1.475408951441447,
      1.4511063893636067,
      1.4266655445098877,
      1.4020150502522786,
      1.377113898595174,
      1.353357474009196,
      1.3356564044952393,
      1.350070317586263
    ]
  }
}