{
  "resource_category": "Resourceful user",
  "validation_results": {
    "Accuracy": [
      [
        0.3500000238418579,
        1.0,
        1.0
      ],
      [
        0.3500000238418579,
        1.0,
        1.0
      ],
      [
        0.3500000238418579,
        1.0,
        1.0
      ],
      [
        0.3500000238418579,
        1.0,
        1.0
      ],
      [
        0.3500000238418579,
        1.0,
        1.0
      ],
      [
        0.3500000238418579,
        1.0,
        1.0
      ],
      [
        0.3500000238418579,
        1.0,
        1.0
      ],
      [
        0.3500000238418579,
        1.0,
        1.0
      ],
      [
        0.3500000238418579,
        1.0,
        1.0
      ],
      [
        0.3500000238418579,
        1.0,
        1.0
      ],
      [
        0.3500000238418579,
        1.0,
        1.0
      ],
      [
        0.3500000238418579,
        1.0,
        1.0
      ],
      [
        0.3500000238418579,
        0.5,
        1.0
      ],
      [
        0.3500000238418579,
        1.0,
        1.0
      ],
      [
        0.3500000238418579,
        1.0,
        1.0
      ],
      [
        0.3500000238418579,
        1.0,
        1.0
      ],
      [
        0.3500000238418579,
        1.0,
        1.0
      ],
      [
        0.3500000238418579,
        1.0,
        1.0
      ],
      [
        0.3500000238418579,
        1.0,
        1.0
      ],
      [
        0.3500000238418579,
        1.0,
        1.0
      ],
      [
        0.3500000238418579,
        1.0,
        1.0
      ],
      [
        0.3500000238418579,
        1.0,
        1.0
      ],
      [
        0.3500000238418579,
        1.0,
        1.0
      ],
      [
        0.3500000238418579,
        1.0,
        1.0
      ],
      [
        0.3500000238418579,
        1.0,
        1.0
      ],
      [
        0.3500000238418579,
        1.0,
        1.0
      ],
      [
        0.3500000238418579,
        1.0,
        1.0
      ],
      [
        0.3500000238418579,
        1.0,
        1.0
      ],
      [
        0.3500000238418579,
        1.0,
        1.0
      ],
      [
        0.3500000238418579,
        1.0,
        1.0
      ]
    ],
    "Precision": [
      [
        0.20000000298023224,
        1.0,
        1.0
      ],
      [
        0.20000000298023224,
        1.0,
        1.0
      ],
      [
        0.0,
        1.0,
        1.0
      ],
      [
        0.0,
        1.0,
        1.0
      ],
      [
        0.0,
        1.0,
        1.0
      ],
      [
        0.0,
        1.0,
        1.0
      ],
      [
        0.0,
        1.0,
        1.0
      ],
      [
        0.0,
        1.0,
        1.0
      ],
      [
        0.20000000298023224,
        1.0,
        1.0
      ],
      [
        0.0,
        1.0,
        1.0
      ],
      [
        0.20000000298023224,
        1.0,
        1.0
      ],
      [
        0.20000000298023224,
        1.0,
        1.0
      ],
      [
        0.20000000298023224,
        0.5,
        1.0
      ],
      [
        0.20000000298023224,
        1.0,
        1.0
      ],
      [
        0.20000000298023224,
        1.0,
        1.0
      ],
      [
        0.20000000298023224,
        1.0,
        1.0
      ],
      [
        0.20000000298023224,
        1.0,
        1.0
      ],
      [
        0.20000000298023224,
        1.0,
        1.0
      ],
      [
        0.20000000298023224,
        1.0,
        1.0
      ],
      [
        0.20000000298023224,
        1.0,
        1.0
      ],
      [
        0.20000000298023224,
        1.0,
        1.0
      ],
      [
        0.20000000298023224,
        1.0,
        1.0
      ],
      [
        0.20000000298023224,
        1.0,
        1.0
      ],
      [
        0.20000000298023224,
        1.0,
        1.0
      ],
      [
        0.20000000298023224,
        1.0,
        1.0
      ],
      [
        0.20000000298023224,
        1.0,
        1.0
      ],
      [
        0.20000000298023224,
        1.0,
        1.0
      ],
      [
        0.20000000298023224,
        1.0,
        1.0
      ],
      [
        0.20000000298023224,
        1.0,
        1.0
      ],
      [
        0.20000000298023224,
        1.0,
        1.0
      ]
    ],
    "Recall": [
      [
        0.4000000059604645,
        1.0,
        1.0
      ],
      [
        0.4000000059604645,
        1.0,
        1.0
      ],
      [
        0.0,
        1.0,
        1.0
      ],
      [
        0.0,
        1.0,
        1.0
      ],
      [
        0.0,
        1.0,
        1.0
      ],
      [
        0.0,
        1.0,
        1.0
      ],
      [
        0.0,
        1.0,
        1.0
      ],
      [
        0.0,
        1.0,
        1.0
      ],
      [
        0.4000000059604645,
        1.0,
        1.0
      ],
      [
        0.0,
        1.0,
        1.0
      ],
      [
        0.4000000059604645,
        1.0,
        1.0
      ],
      [
        0.4000000059604645,
        1.0,
        1.0
      ],
      [
        0.4000000059604645,
        0.5,
        1.0
      ],
      [
        0.4000000059604645,
        1.0,
        1.0
      ],
      [
        0.4000000059604645,
        1.0,
        1.0
      ],
      [
        0.4000000059604645,
        1.0,
        1.0
      ],
      [
        0.4000000059604645,
        1.0,
        1.0
      ],
      [
        0.4000000059604645,
        1.0,
        1.0
      ],
      [
        0.4000000059604645,
        1.0,
        1.0
      ],
      [
        0.4000000059604645,
        1.0,
        1.0
      ],
      [
        0.4000000059604645,
        1.0,
        1.0
      ],
      [
        0.4000000059604645,
        1.0,
        1.0
      ],
      [
        0.4000000059604645,
        1.0,
        1.0
      ],
      [
        0.4000000059604645,
        1.0,
        1.0
      ],
      [
        0.4000000059604645,
        1.0,
        1.0
      ],
      [
        0.4000000059604645,
        1.0,
        1.0
      ],
      [
        0.4000000059604645,
        1.0,
        1.0
      ],
      [
        0.4000000059604645,
        1.0,
        1.0
      ],
      [
        0.4000000059604645,
        1.0,
        1.0
      ],
      [
        0.4000000059604645,
        1.0,
        1.0
      ]
    ],