{
  "User": "66",
  "validation_results": {
    "Accuracy": [
      [
        0.6071428656578064,
        0.5,
        0.0
      ],
      [
        0.6071428656578064,
        0.5,
        0.0
      ],
      [
        0.6071428656578064,
        0.5,
        0.0
      ],
      [
        0.6071428656578064,
        0.5,
        0.0
      ],
      [
        0.6071428656578064,
        0.5,
        0.0
      ],
      [
        0.6071428656578064,
        0.5,
        0.0
      ],
      [
        0.6071428656578064,
        0.5,
        0.0
      ],
      [
        0.6071428656578064,
        0.5,
        0.0
      ],
      [
        0.6071428656578064,
        0.5,
        0.0
      ],
      [
        0.6071428656578064,
        0.5,
        0.0
      ],
      [
        0.6071428656578064,
        0.5,
        0.0
      ],
      [
        0.6071428656578064,
        0.5,
        0.0
      ],
      [
        0.6071428656578064,
        0.5,
        0.0
      ],
      [
        0.6071428656578064,
        0.5,
        0.0
      ],
      [
        0.6071428656578064,
        0.5,
        0.0
      ],
      [
        0.6071428656578064,
        0.5,
        0.0
      ],
      [
        0.6071428656578064,
        0.5,
        0.0
      ],
      [
        0.6071428656578064,
        0.5,
        0.0
      ],
      [
        0.6071428656578064,
        0.5,
        0.0
      ],
      [
        0.6071428656578064,
        0.5,
        0.0
      ],
      [
        0.6071428656578064,
        0.5,
        0.0
      ],
      [
        0.6071428656578064,
        0.5,
        0.0
      ],
      [
        0.6071428656578064,
        0.5,
        0.0
      ],
      [
        0.6071428656578064,
        0.5,
        0.0
      ],
      [
        0.6071428656578064,
        0.5,
        0.0
      ],
      [
        0.6071428656578064,
        0.5,
        0.0
      ],
      [
        0.6071428656578064,
        0.5,
        0.0
      ],
      [
        0.6071428656578064,
        0.5,
        0.0
      ],
      [
        0.6071428656578064,
        0.5,
        0.0
      ],
      [
        0.6071428656578064,
        0.5,
        0.0
      ]
    ],
    "Precision": [
      [
        0.3214285671710968,
        0.1666666716337204,
        0.0
      ],
      [
        0.3214285671710968,
        0.1666666716337204,
        0.0
      ],
      [
        0.3214285671710968,
        0.1666666716337204,
        0.0
      ],
      [
        0.3214285671710968,
        0.1666666716337204,
        0.0
      ],
      [
        0.3214285671710968,
        0.1666666716337204,
        0.0
      ],
      [
        0.3214285671710968,
        0.1666666716337204,
        0.0
      ],
      [
        0.3214285671710968,
        0.1666666716337204,
        0.0
      ],
      [
        0.3214285671710968,
        0.1666666716337204,
        0.0
      ],
      [
        0.3214285671710968,
        0.1666666716337204,
        0.0
      ],
      [
        0.3214285671710968,
        0.1666666716337204,
        0.0
      ],
      [
        0.3214285671710968,
        0.1666666716337204,
        0.0
      ],
      [
        0.3214285671710968,
        0.1666666716337204,
        0.0
      ],
      [
        0.3214285671710968,
        0.1666666716337204,
        0.0
      ],
      [
        0.3214285671710968,
        0.1666666716337204,
        0.0
      ],
      [
        0.3214285671710968,
        0.1666666716337204,
        0.0
      ],
      [
        0.3214285671710968,
        0.1666666716337204,
        0.0
      ],
      [
        0.3214285671710968,
        0.1666666716337204,
        0.0
      ],
      [
        0.3214285671710968,
        0.1666666716337204,
        0.0
      ],
      [
        0.3214285671710968,
        0.1666666716337204,
        0.0
      ],
      [
        0.3214285671710968,
        0.1666666716337204,
        0.0
      ],
      [
        0.3214285671710968,
        0.1666666716337204,
        0.0
      ],
      [
        0.3214285671710968,
        0.1666666716337204,
        0.0
      ],
      [
        0.3214285671710968,
        0.1666666716337204,
        0.0
      ],
      [
        0.3214285671710968,
        0.1666666716337204,
        0.0
      ],
      [
        0.3214285671710968,
        0.1666666716337204,
        0.0
      ],
      [
        0.3214285671710968,
        0.1666666716337204,
        0.0
      ],
      [
        0.3214285671710968,
        0.1666666716337204,
        0.0
      ],
      [
        0.3214285671710968,
        0.1666666716337204,
        0.0
      ],
      [
        0.3214285671710968,
        0.1666666716337204,
        0.0
      ],
      [
        0.3214285671710968,
        0.1666666716337204,
        0.0
      ]
    ],
    "Recall": [
      [
        0.4285714328289032,
        0.3333333432674408,
        0.0
      ],
      [
        0.4285714328289032,
        0.3333333432674408,
        0.0
      ],
      [
        0.4285714328289032,
        0.3333333432674408,
        0.0
      ],
      [
        0.4285714328289032,
        0.3333333432674408,
        0.0
      ],
      [
        0.4285714328289032,
        0.3333333432674408,
        0.0
      ],
      [
        0.4285714328289032,
        0.3333333432674408,
        0.0
      ],
      [
        0.4285714328289032,
        0.3333333432674408,
        0.0
      ],
      [
        0.4285714328289032,
        0.3333333432674408,
        0.0
      ],
      [
        0.4285714328289032,
        0.3333333432674408,
        0.0
      ],
      [
        0.4285714328289032,
        0.3333333432674408,
        0.0
      ],
      [
        0.4285714328289032,
        0.3333333432674408,
        0.0
      ],
      [
        0.4285714328289032,
        0.3333333432674408,
        0.0
      ],
      [
        0.4285714328289032,
        0.3333333432674408,
        0.0
      ],
      [
        0.4285714328289032,
        0.3333333432674408,
        0.0
      ],
      [
        0.4285714328289032,
        0.3333333432674408,
        0.0
      ],
      [
        0.4285714328289032,
        0.3333333432674408,
        0.0
      ],
      [
        0.4285714328289032,
        0.3333333432674408,
        0.0
      ],
      [
        0.4285714328289032,
        0.3333333432674408,
        0.0
      ],
      [
        0.4285714328289032,
        0.3333333432674408,
        0.0
      ],
      [
        0.4285714328289032,
        0.3333333432674408,
        0.0
      ],
      [
        0.4285714328289032,
        0.3333333432674408,
        0.0
      ],
      [
        0.4285714328289032,
        0.3333333432674408,
        0.0
      ],
      [
        0.4285714328289032,
        0.3333333432674408,
        0.0
      ],
      [
        0.4285714328289032,
        0.3333333432674408,
        0.0
      ],
      [
        0.4285714328289032,
        0.3333333432674408,
        0.0
      ],
      [
        0.4285714328289032,
        0.3333333432674408,
        0.0
      ],
      [
        0.4285714328289032,
        0.3333333432674408,
        0.0
      ],
      [
        0.4285714328289032,
        0.3333333432674408,
        0.0
      ],
      [
        0.4285714328289032,
        0.3333333432674408,
        0.0
      ],
      [
        0.4285714328289032,
        0.3333333432674408,
        0.0
      ]
    ],