{
  "User": "197",
  "validation_results": {
    "Accuracy": [
      [
        0.5,
        1.0,
        0.8333333730697632
      ],
      [
        0.5,
        1.0,
        0.8333333730697632
      ],
      [
        0.5,
        1.0,
        0.8333333730697632
      ],
      [
        0.5,
        0.5,
        0.8333333730697632
      ],
      [
        0.5,
        0.5,
        0.1666666716337204
      ],
      [
        0.5,
        0.5,
        0.1666666716337204
      ],
      [
        0.5,
        0.5,
        0.1666666716337204
      ],
      [
        0.5,
        0.5,
        0.1666666716337204
      ],
      [
        0.5,
        0.5,
        0.1666666716337204
      ],
      [
        0.5,
        0.5,
        0.1666666716337204
      ],
      [
        0.5,
        0.5,
        0.1666666716337204
      ],
      [
        0.5,
        0.5,
        0.1666666716337204
      ],
      [
        0.5,
        0.5,
        0.1666666716337204
      ],
      [
        0.5,
        0.5,
        0.1666666716337204
      ],
      [
        0.5,
        0.5,
        0.1666666716337204
      ],
      [
        0.5,
        0.5,
        0.1666666716337204
      ],
      [
        0.5,
        0.5,
        0.1666666716337204
      ],
      [
        0.5,
        0.5,
        0.1666666716337204
      ],
      [
        0.5,
        0.5,
        0.1666666716337204
      ],
      [
        0.5,
        0.5,
        0.1666666716337204
      ],
      [
        0.5,
        0.5,
        0.1666666716337204
      ],
      [
        0.5,
        0.5,
        0.1666666716337204
      ],
      [
        0.5,
        0.5,
        0.1666666716337204
      ],
      [
        0.5,
        0.5,
        0.1666666716337204
      ],
      [
        0.5,
        0.5,
        0.1666666716337204
      ],
      [
        0.5,
        0.5,
        0.1666666716337204
      ],
      [
        0.5,
        0.5,
        0.1666666716337204
      ],
      [
        0.5,
        0.5,
        0.1666666716337204
      ],
      [
        0.5,
        0.5,
        0.1666666716337204
      ],
      [
        0.5,
        0.5,
        0.1666666716337204
      ]
    ],
    "Precision": [
      [
        0.25,
        1.0,
        0.8333333730697632
      ],
      [
        0.25,
        1.0,
        0.8333333730697632
      ],
      [
        0.25,
        1.0,
        0.6666666865348816
      ],
      [
        0.0,
        0.5,
        0.6666666865348816
      ],
      [
        0.0,
        0.5,
        0.0
      ],
      [
        0.0,
        0.5,
        0.0
      ],
      [
        0.0,
        0.5,
        0.0
      ],
      [
        0.0,
        0.5,
        0.0
      ],
      [
        0.0,
        0.5,
        0.0
      ],
      [
        0.0,
        0.5,
        0.0
      ],
      [
        0.0,
        0.5,
        0.0
      ],
      [
        0.0,
        0.5,
        0.0
      ],
      [
        0.0,
        0.5,
        0.0
      ],
      [
        0.0,
        0.5,
        0.0
      ],
      [
        0.0,
        0.5,
        0.0
      ],
      [
        0.0,
        0.5,
        0.0
      ],
      [
        0.0,
        0.5,
        0.0
      ],
      [
        0.0,
        0.5,
        0.0
      ],
      [
        0.0,
        0.5,
        0.0
      ],
      [
        0.0,
        0.5,
        0.0
      ],
      [
        0.0,
        0.5,
        0.0
      ],
      [
        0.0,
        0.5,
        0.0
      ],
      [
        0.0,
        0.5,
        0.0
      ],
      [
        0.0,
        0.5,
        0.0
      ],
      [
        0.0,
        0.5,
        0.0
      ],
      [
        0.0,
        0.5,
        0.0
      ],
      [
        0.0,
        0.5,
        0.0
      ],
      [
        0.0,
        0.5,
        0.0
      ],
      [
        0.0,
        0.5,
        0.0
      ],
      [
        0.0,
        0.5,
        0.0
      ]
    ],
    "Recall": [
      [
        0.5,
        1.0,
        1.0
      ],
      [
        0.5,
        1.0,
        1.0
      ],
      [
        0.5,
        1.0,
        0.6666666865348816
      ],
      [
        0.0,
        0.5,
        0.6666666865348816
      ],
      [
        0.0,
        0.5,
        0.0
      ],
      [
        0.0,
        0.5,
        0.0
      ],
      [
        0.0,
        0.5,
        0.0
      ],
      [
        0.0,
        0.5,
        0.0
      ],
      [
        0.0,
        0.5,
        0.0
      ],
      [
        0.0,
        0.5,
        0.0
      ],
      [
        0.0,
        0.5,
        0.0
      ],
      [
        0.0,
        0.5,
        0.0
      ],
      [
        0.0,
        0.5,
        0.0
      ],
      [
        0.0,
        0.5,
        0.0
      ],
      [
        0.0,
        0.5,
        0.0
      ],
      [
        0.0,
        0.5,
        0.0
      ],
      [
        0.0,
        0.5,
        0.0
      ],
      [
        0.0,
        0.5,
        0.0
      ],
      [
        0.0,
        0.5,
        0.0
      ],
      [
        0.0,
        0.5,
        0.0
      ],
      [
        0.0,
        0.5,
        0.0
      ],
      [
        0.0,
        0.5,
        0.0
      ],
      [
        0.0,
        0.5,
        0.0
      ],
      [
        0.0,
        0.5,
        0.0
      ],
      [
        0.0,
        0.5,
        0.0
      ],
      [
        0.0,
        0.5,
        0.0
      ],
      [
        0.0,
        0.5,
        0.0
      ],
      [
        0.0,
        0.5,
        0.0
      ],
      [
        0.0,
        0.5,
        0.0
      ],
      [
        0.0,
        0.5,
        0.0
      ]
    ],
    "F1Score": [
      [
        0.3333333432674408,
        1.0,
        0.8888888955116272
      ],
      [
        0.3333333432674408,
        1.0,
        0.8888888955116272
      ],
      [
        0.3333333432674408,
        1.0,
        0.6666666865348816
      ],
      [
        0.0,
        0.5,
        0.6666666865348816
      ],
      [
        0.0,
        0.5,
        0.0
      ],
      [
        0.0,
        0.5,
        0.0
      ],
      [
        0.0,
        0.5,
        0.0
      ],
      [
        0.0,
        0.5,
        0.0
      ],
      [
        0.0,
        0.5,
        0.0
      ],
      [
        0.0,
        0.5,
        0.0
      ],
      [
        0.0,
        0.5,
        0.0
      ],
      [
        0.0,
        0.5,
        0.0
      ],
      [
        0.0,
        0.5,
        0.0
      ],
      [
        0.0,
        0.5,
        0.0
      ],
      [
        0.0,
        0.5,
        0.0
      ],
      [
        0.0,
        0.5,
        0.0
      ],
      [
        0.0,
        0.5,
        0.0
      ],
      [
        0.0,
        0.5,
        0.0
      ],
      [
        0.0,
        0.5,
        0.0
      ],
      [
        0.0,
        0.5,
        0.0
      ],
      [
        0.0,
        0.5,
        0.0
      ],
      [
        0.0,
        0.5,
        0.0
      ],
      [
        0.0,
        0.5,
        0.0
      ],
      [
        0.0,
        0.5,
        0.0
      ],
      [
        0.0,
        0.5,
        0.0
      ],
      [
        0.0,
        0.5,
        0.0
      ],
      [
        0.0,
        0.5,
        0.0
      ],
      [
        0.0,
        0.5,
        0.0
      ],
      [
        0.0,
        0.5,
        0.0
      ],
      [
        0.0,
        0.5,
        0.0
      ]
    ],
    "info_prec": [
      0.0,
      0.0,
      0.0,
      0.0,
      1.0,
      1.0,
      1.0,
      1.0,
      1.0,
      0.0,
      0.0,
      0.0,
      0.0,
      0.0,
      0.0,
      0.0,
      0.0,
      0.0,
      0.0,
      0.0,
      0.0,
      0.0,
      0.0,
      0.0,
      0.0,
      0.0,
      0.0,
      0.0,
      0.0,
      0.0
    ],