{
  "User": "449",
  "validation_results": {
    "Accuracy": [
      [
        0.5,
        0.8999999761581421,
        0.0
      ],
      [
        0.5,
        0.8999999761581421,
        0.0
      ],
      [
        0.5,
        0.8999999761581421,
        0.0
      ],
      [
        0.5,
        0.5,
        0.0
      ],
      [
        0.5,
        0.5,
        0.0
      ],
      [
        0.5,
        0.5,
        0.0
      ],
      [
        0.5,
        0.5,
        0.0
      ],
      [
        0.5,
        0.5,
        0.0
      ],
      [
        0.5,
        0.5,
        0.0
      ],
      [
        0.5,
        0.5,
        0.0
      ],
      [
        0.5,
        0.5,
        0.0
      ],
      [
        0.5,
        0.5,
        0.0
      ],
      [
        0.5,
        0.5,
        0.0
      ],
      [
        0.5,
        0.5,
        0.0
      ],
      [
        0.5,
        0.5,
        0.0
      ],
      [
        0.5,
        0.5,
        0.0
      ],
      [
        0.5,
        0.5,
        0.0
      ],
      [
        0.5,
        0.5,
        0.0
      ],
      [
        0.5,
        0.5,
        0.0
      ],
      [
        0.5,
        0.5,
        0.0
      ],
      [
        0.5,
        0.5,
        0.0
      ],
      [
        0.5,
        0.5,
        0.0
      ],
      [
        0.5,
        0.5,
        0.0
      ],
      [
        0.5,
        0.5,
        0.0
      ],
      [
        0.5,
        0.5,
        0.0
      ],
      [
        0.5,
        0.5,
        0.0
      ],
      [
        0.5,
        0.5,
        0.0
      ],
      [
        0.5,
        0.5,
        0.0
      ],
      [
        0.5,
        0.5,
        0.0
      ],
      [
        0.5,
        0.5,
        0.0
      ]
    ],
    "Precision": [
      [
        0.125,
        0.800000011920929,
        0.0
      ],
      [
        0.125,
        0.800000011920929,
        0.0
      ],
      [
        0.125,
        0.800000011920929,
        0.0
      ],
      [
        0.125,
        0.4000000059604645,
        0.0
      ],
      [
        0.125,
        0.4000000059604645,
        0.0
      ],
      [
        0.125,
        0.4000000059604645,
        0.0
      ],
      [
        0.125,
        0.4000000059604645,
        0.0
      ],
      [
        0.125,
        0.4000000059604645,
        0.0
      ],
      [
        0.125,
        0.4000000059604645,
        0.0
      ],
      [
        0.125,
        0.4000000059604645,
        0.0
      ],
      [
        0.125,
        0.4000000059604645,
        0.0
      ],
      [
        0.125,
        0.4000000059604645,
        0.0
      ],
      [
        0.125,
        0.4000000059604645,
        0.0
      ],
      [
        0.125,
        0.4000000059604645,
        0.0
      ],
      [
        0.125,
        0.4000000059604645,
        0.0
      ],
      [
        0.125,
        0.4000000059604645,
        0.0
      ],
      [
        0.125,
        0.4000000059604645,
        0.0
      ],
      [
        0.125,
        0.4000000059604645,
        0.0
      ],
      [
        0.125,
        0.4000000059604645,
        0.0
      ],
      [
        0.125,
        0.4000000059604645,
        0.0
      ],
      [
        0.125,
        0.4000000059604645,
        0.0
      ],
      [
        0.125,
        0.4000000059604645,
        0.0
      ],
      [
        0.125,
        0.4000000059604645,
        0.0
      ],
      [
        0.125,
        0.4000000059604645,
        0.0
      ],
      [
        0.125,
        0.4000000059604645,
        0.0
      ],
      [
        0.125,
        0.4000000059604645,
        0.0
      ],
      [
        0.125,
        0.4000000059604645,
        0.0
      ],
      [
        0.125,
        0.4000000059604645,
        0.0
      ],
      [
        0.125,
        0.4000000059604645,
        0.0
      ],
      [
        0.125,
        0.4000000059604645,
        0.0
      ]
    ],
    "Recall": [
      [
        0.25,
        0.800000011920929,
        0.0
      ],
      [
        0.25,
        0.800000011920929,
        0.0
      ],
      [
        0.25,
        0.800000011920929,
        0.0
      ],
      [
        0.25,
        0.4000000059604645,
        0.0
      ],
      [
        0.25,
        0.4000000059604645,
        0.0
      ],
      [
        0.25,
        0.4000000059604645,
        0.0
      ],
      [
        0.25,
        0.4000000059604645,
        0.0
      ],
      [
        0.25,
        0.4000000059604645,
        0.0
      ],
      [
        0.25,
        0.4000000059604645,
        0.0
      ],
      [
        0.25,
        0.4000000059604645,
        0.0
      ],
      [
        0.25,
        0.4000000059604645,
        0.0
      ],
      [
        0.25,
        0.4000000059604645,
        0.0
      ],
      [
        0.25,
        0.4000000059604645,
        0.0
      ],
      [
        0.25,
        0.4000000059604645,
        0.0
      ],
      [
        0.25,
        0.4000000059604645,
        0.0
      ],
      [
        0.25,
        0.4000000059604645,
        0.0
      ],
      [
        0.25,
        0.4000000059604645,
        0.0
      ],
      [
        0.25,
        0.4000000059604645,
        0.0
      ],
      [
        0.25,
        0.4000000059604645,
        0.0
      ],
      [
        0.25,
        0.4000000059604645,
        0.0
      ],
      [
        0.25,
        0.4000000059604645,
        0.0
      ],
      [
        0.25,
        0.4000000059604645,
        0.0
      ],
      [
        0.25,
        0.4000000059604645,
        0.0
      ],
      [
        0.25,
        0.4000000059604645,
        0.0
      ],
      [
        0.25,
        0.4000000059604645,
        0.0
      ],
      [
        0.25,
        0.4000000059604645,
        0.0
      ],
      [
        0.25,
        0.4000000059604645,
        0.0
      ],
      [
        0.25,
        0.4000000059604645,
        0.0
      ],
      [
        0.25,
        0.4000000059604645,
        0.0
      ],
      [
        0.25,
        0.4000000059604645,
        0.0
      ]
    ],