{
  "User": "62",
  "validation_results": {
    "Accuracy": [
      [
        0.8999999761581421,
        1.0,
        1.0
      ],
      [
        0.8999999761581421,
        1.0,
        1.0
      ],
      [
        0.8999999761581421,
        1.0,
        1.0
      ],
      [
        0.5,
        0.0,
        1.0
      ],
      [
        0.5,
        0.0,
        1.0
      ],
      [
        0.5,
        0.0,
        1.0
      ],
      [
        0.5,
        0.0,
        1.0
      ],
      [
        0.5,
        0.0,
        1.0
      ],
      [
        0.5,
        0.0,
        1.0
      ],
      [
        0.5,
        0.0,
        1.0
      ],
      [
        0.5,
        0.0,
        1.0
      ],
      [
        0.5,
        0.0,
        1.0
      ],
      [
        0.5,
        0.0,
        1.0
      ],
      [
        0.5,
        0.0,
        1.0
      ],
      [
        0.5,
        0.0,
        1.0
      ],
      [
        0.5,
        0.0,
        1.0
      ],
      [
        0.5,
        0.0,
        1.0
      ],
      [
        0.5,
        0.0,
        1.0
      ],
      [
        0.5,
        0.0,
        1.0
      ],
      [
        0.5,
        0.0,
        1.0
      ],
      [
        0.5,
        0.0,
        1.0
      ],
      [
        0.5,
        0.0,
        1.0
      ],
      [
        0.5,
        0.0,
        1.0
      ],
      [
        0.5,
        0.0,
        1.0
      ],
      [
        0.5,
        0.0,
        1.0
      ],
      [
        0.5,
        0.0,
        1.0
      ],
      [
        0.5,
        0.0,
        1.0
      ],
      [
        0.5,
        0.0,
        1.0
      ],
      [
        0.5,
        0.0,
        1.0
      ],
      [
        0.5,
        0.0,
        1.0
      ]
    ],
    "Precision": [
      [
        0.8999999761581421,
        1.0,
        1.0
      ],
      [
        0.8999999761581421,
        1.0,
        1.0
      ],
      [
        0.800000011920929,
        1.0,
        1.0
      ],
      [
        0.4000000059604645,
        0.0,
        1.0
      ],
      [
        0.4000000059604645,
        0.0,
        1.0
      ],
      [
        0.4000000059604645,
        0.0,
        1.0
      ],
      [
        0.4000000059604645,
        0.0,
        1.0
      ],
      [
        0.4000000059604645,
        0.0,
        1.0
      ],
      [
        0.4000000059604645,
        0.0,
        1.0
      ],
      [
        0.4000000059604645,
        0.0,
        1.0
      ],
      [
        0.4000000059604645,
        0.0,
        1.0
      ],
      [
        0.4000000059604645,
        0.0,
        1.0
      ],
      [
        0.4000000059604645,
        0.0,
        1.0
      ],
      [
        0.4000000059604645,
        0.0,
        1.0
      ],
      [
        0.4000000059604645,
        0.0,
        1.0
      ],
      [
        0.4000000059604645,
        0.0,
        1.0
      ],
      [
        0.4000000059604645,
        0.0,
        1.0
      ],
      [
        0.4000000059604645,
        0.0,
        1.0
      ],
      [
        0.4000000059604645,
        0.0,
        1.0
      ],
      [
        0.4000000059604645,
        0.0,
        1.0
      ],
      [
        0.4000000059604645,
        0.0,
        1.0
      ],
      [
        0.4000000059604645,
        0.0,
        1.0
      ],
      [
        0.4000000059604645,
        0.0,
        1.0
      ],
      [
        0.4000000059604645,
        0.0,
        1.0
      ],
      [
        0.4000000059604645,
        0.0,
        1.0
      ],
      [
        0.4000000059604645,
        0.0,
        1.0
      ],
      [
        0.4000000059604645,
        0.0,
        1.0
      ],
      [
        0.4000000059604645,
        0.0,
        1.0
      ],
      [
        0.4000000059604645,
        0.0,
        1.0
      ],
      [
        0.4000000059604645,
        0.0,
        1.0
      ]
    ],
    "Recall": [
      [
        1.0,
        1.0,
        1.0
      ],
      [
        1.0,
        1.0,
        1.0
      ],
      [
        0.800000011920929,
        1.0,
        1.0
      ],
      [
        0.4000000059604645,
        0.0,
        1.0
      ],
      [
        0.4000000059604645,
        0.0,
        1.0
      ],
      [
        0.4000000059604645,
        0.0,
        1.0
      ],
      [
        0.4000000059604645,
        0.0,
        1.0
      ],
      [
        0.4000000059604645,
        0.0,
        1.0
      ],
      [
        0.4000000059604645,
        0.0,
        1.0
      ],
      [
        0.4000000059604645,
        0.0,
        1.0
      ],
      [
        0.4000000059604645,
        0.0,
        1.0
      ],
      [
        0.4000000059604645,
        0.0,
        1.0
      ],
      [
        0.4000000059604645,
        0.0,
        1.0
      ],
      [
        0.4000000059604645,
        0.0,
        1.0
      ],
      [
        0.4000000059604645,
        0.0,
        1.0
      ],
      [
        0.4000000059604645,
        0.0,
        1.0
      ],
      [
        0.4000000059604645,
        0.0,
        1.0
      ],
      [
        0.4000000059604645,
        0.0,
        1.0
      ],
      [
        0.4000000059604645,
        0.0,
        1.0
      ],
      [
        0.4000000059604645,
        0.0,
        1.0
      ],
      [
        0.4000000059604645,
        0.0,
        1.0
      ],
      [
        0.4000000059604645,
        0.0,
        1.0
      ],
      [
        0.4000000059604645,
        0.0,
        1.0
      ],
      [
        0.4000000059604645,
        0.0,
        1.0
      ],
      [
        0.4000000059604645,
        0.0,
        1.0
      ],
      [
        0.4000000059604645,
        0.0,
        1.0
      ],
      [
        0.4000000059604645,
        0.0,
        1.0
      ],
      [
        0.4000000059604645,
        0.0,
        1.0
      ],
      [
        0.4000000059604645,
        0.0,
        1.0
      ],
      [
        0.4000000059604645,
        0.0,
        1.0
      ]
    ],