{
  "User": "346",
  "validation_results": {
    "Accuracy": [
      [
        0.10000000149011612,
        0.0,
        1.0
      ],
      [
        0.10000000149011612,
        0.0,
        1.0
      ],
      [
        0.10000000149011612,
        0.0,
        1.0
      ],
      [
        0.10000000149011612,
        0.0,
        1.0
      ],
      [
        0.10000000149011612,
        0.0,
        1.0
      ],
      [
        0.10000000149011612,
        0.0,
        1.0
      ],
      [
        0.10000000149011612,
        0.0,
        1.0
      ],
      [
        0.10000000149011612,
        0.0,
        1.0
      ],
      [
        0.10000000149011612,
        0.0,
        1.0
      ],
      [
        0.10000000149011612,
        0.0,
        1.0
      ],
      [
        0.10000000149011612,
        0.0,
        1.0
      ],
      [
        0.10000000149011612,
        0.0,
        1.0
      ],
      [
        0.10000000149011612,
        0.0,
        1.0
      ],
      [
        0.10000000149011612,
        0.0,
        1.0
      ],
      [
        0.10000000149011612,
        0.0,
        1.0
      ],
      [
        0.10000000149011612,
        0.0,
        1.0
      ],
      [
        0.10000000149011612,
        0.0,
        1.0
      ],
      [
        0.10000000149011612,
        0.0,
        1.0
      ],
      [
        0.10000000149011612,
        0.0,
        1.0
      ],
      [
        0.10000000149011612,
        0.0,
        1.0
      ],
      [
        0.10000000149011612,
        0.0,
        1.0
      ],
      [
        0.10000000149011612,
        0.0,
        1.0
      ],
      [
        0.10000000149011612,
        0.0,
        1.0
      ],
      [
        0.10000000149011612,
        0.0,
        1.0
      ],
      [
        0.10000000149011612,
        0.0,
        1.0
      ],
      [
        0.10000000149011612,
        0.0,
        1.0
      ],
      [
        0.10000000149011612,
        0.0,
        1.0
      ],
      [
        0.10000000149011612,
        0.0,
        1.0
      ],
      [
        0.10000000149011612,
        0.0,
        1.0
      ],
      [
        0.10000000149011612,
        0.0,
        1.0
      ]
    ],
    "Precision": [
      [
        0.0,
        0.0,
        1.0
      ],
      [
        0.0,
        0.0,
        1.0
      ],
      [
        0.0,
        0.0,
        1.0
      ],
      [
        0.0,
        0.0,
        1.0
      ],
      [
        0.0,
        0.0,
        1.0
      ],
      [
        0.0,
        0.0,
        1.0
      ],
      [
        0.0,
        0.0,
        1.0
      ],
      [
        0.0,
        0.0,
        1.0
      ],
      [
        0.0,
        0.0,
        1.0
      ],
      [
        0.0,
        0.0,
        1.0
      ],
      [
        0.0,
        0.0,
        1.0
      ],
      [
        0.0,
        0.0,
        1.0
      ],
      [
        0.0,
        0.0,
        1.0
      ],
      [
        0.0,
        0.0,
        1.0
      ],
      [
        0.0,
        0.0,
        1.0
      ],
      [
        0.0,
        0.0,
        1.0
      ],
      [
        0.0,
        0.0,
        1.0
      ],
      [
        0.0,
        0.0,
        1.0
      ],
      [
        0.0,
        0.0,
        1.0
      ],
      [
        0.0,
        0.0,
        1.0
      ],
      [
        0.0,
        0.0,
        1.0
      ],
      [
        0.0,
        0.0,
        1.0
      ],
      [
        0.0,
        0.0,
        1.0
      ],
      [
        0.0,
        0.0,
        1.0
      ],
      [
        0.0,
        0.0,
        1.0
      ],
      [
        0.0,
        0.0,
        1.0
      ],
      [
        0.0,
        0.0,
        1.0
      ],
      [
        0.0,
        0.0,
        1.0
      ],
      [
        0.0,
        0.0,
        1.0
      ],
      [
        0.0,
        0.0,
        1.0
      ]
    ],
    "Recall": [
      [
        0.0,
        0.0,
        1.0
      ],
      [
        0.0,
        0.0,
        1.0
      ],
      [
        0.0,
        0.0,
        1.0
      ],
      [
        0.0,
        0.0,
        1.0
      ],
      [
        0.0,
        0.0,
        1.0
      ],
      [
        0.0,
        0.0,
        1.0
      ],
      [
        0.0,
        0.0,
        1.0
      ],
      [
        0.0,
        0.0,
        1.0
      ],
      [
        0.0,
        0.0,
        1.0
      ],
      [
        0.0,
        0.0,
        1.0
      ],
      [
        0.0,
        0.0,
        1.0
      ],
      [
        0.0,
        0.0,
        1.0
      ],
      [
        0.0,
        0.0,
        1.0
      ],
      [
        0.0,
        0.0,
        1.0
      ],
      [
        0.0,
        0.0,
        1.0
      ],
      [
        0.0,
        0.0,
        1.0
      ],
      [
        0.0,
        0.0,
        1.0
      ],
      [
        0.0,
        0.0,
        1.0
      ],
      [
        0.0,
        0.0,
        1.0
      ],
      [
        0.0,
        0.0,
        1.0
      ],
      [
        0.0,
        0.0,
        1.0
      ],
      [
        0.0,
        0.0,
        1.0
      ],
      [
        0.0,
        0.0,
        1.0
      ],
      [
        0.0,
        0.0,
        1.0
      ],
      [
        0.0,
        0.0,
        1.0
      ],
      [
        0.0,
        0.0,
        1.0
      ],
      [
        0.0,
        0.0,
        1.0
      ],
      [
        0.0,
        0.0,
        1.0
      ],
      [
        0.0,
        0.0,
        1.0
      ],
      [
        0.0,
        0.0,
        1.0
      ]
    ],
    "F1Score": [
      [
        0.0,
        0.0,
        1.0
      ],
      [
        0.0,
        0.0,
        1.0
      ],
      [
        0.0,
        0.0,
        1.0
      ],
      [
        0.0,
        0.0,
        1.0
      ],
      [
        0.0,
        0.0,
        1.0
      ],
      [
        0.0,
        0.0,
        1.0
      ],
      [
        0.0,
        0.0,
        1.0
      ],
      [
        0.0,
        0.0,
        1.0
      ],
      [
        0.0,
        0.0,
        1.0
      ],
      [
        0.0,
        0.0,
        1.0
      ],
      [
        0.0,
        0.0,
        1.0
      ],
      [
        0.0,
        0.0,
        1.0
      ],
      [
        0.0,
        0.0,
        1.0
      ],
      [
        0.0,
        0.0,
        1.0
      ],
      [
        0.0,
        0.0,
        1.0
      ],
      [
        0.0,
        0.0,
        1.0
      ],
      [
        0.0,
        0.0,
        1.0
      ],
      [
        0.0,
        0.0,
        1.0
      ],
      [
        0.0,
        0.0,
        1.0
      ],
      [
        0.0,
        0.0,
        1.0
      ],
      [
        0.0,
        0.0,
        1.0
      ],
      [
        0.0,
        0.0,
        1.0
      ],
      [
        0.0,
        0.0,
        1.0
      ],
      [
        0.0,
        0.0,
        1.0
      ],
      [
        0.0,
        0.0,
        1.0
      ],
      [
        0.0,
        0.0,
        1.0
      ],
      [
        0.0,
        0.0,
        1.0
      ],
      [
        0.0,
        0.0,
        1.0
      ],
      [
        0.0,
        0.0,
        1.0
      ],
      [
        0.0,
        0.0,
        1.0
      ]
    ],
    "info_prec": [
      0.0,
      0.0,
      0.0,
      0.0,
      0.0,
      0.0,
      0.0,
      0.0,
      0.0,
      0.0,
      0.0,
      0.0,
      0.0,
      0.0,
      0.0,
      0.0,
      0.0,
      0.0,
      0.0,
      0.0,
      0.0,
      0.0,
      0.0,
      0.0,
      0.0,
      0.0,
      0.0,
      0.0,
      0.0,
      0.0
    ],
    "info_rec": [
      0.0,
      0.0,
      0.0,
      0.0,
      0.0,
      0.0,
      0.0,
      0.0,
      0.0,
      0.0,
      0.0,
      0.0,
      0.0,
      0.0,
      0.0,
      0.0,
      0.0,
      0.0,
      0.0,
      0.0,
      0.0,
      0.0,
      0.0,
      0.0,
      0.0,
      0.0,
      0.0,
      0.0,
      0.0,
      0.0
    ],