{
  "User": "448",
  "validation_results": {
    "Accuracy": [
      [
        0.5,
        0.25,
        0.1666666716337204
      ],
      [
        0.5,
        0.25,
        0.1666666716337204
      ],
      [
        0.5,
        0.25,
        0.1666666716337204
      ],
      [
        0.5,
        0.25,
        0.1666666716337204
      ],
      [
        0.5,
        0.25,
        0.1666666716337204
      ],
      [
        0.5,
        0.25,
        0.1666666716337204
      ],
      [
        0.5,
        0.25,
        0.1666666716337204
      ],
      [
        0.5,
        0.25,
        0.1666666716337204
      ],
      [
        0.5,
        0.25,
        0.1666666716337204
      ],
      [
        0.5,
        0.25,
        0.1666666716337204
      ],
      [
        0.5,
        0.25,
        0.1666666716337204
      ],
      [
        0.5,
        0.25,
        0.1666666716337204
      ],
      [
        0.5,
        0.25,
        0.1666666716337204
      ],
      [
        0.5,
        0.25,
        0.1666666716337204
      ],
      [
        0.5,
        0.25,
        0.1666666716337204
      ],
      [
        0.5,
        0.25,
        0.1666666716337204
      ],
      [
        0.5,
        0.25,
        0.1666666716337204
      ],
      [
        0.5,
        0.25,
        0.1666666716337204
      ],
      [
        0.5,
        0.25,
        0.1666666716337204
      ],
      [
        0.5,
        0.25,
        0.1666666716337204
      ],
      [
        0.5,
        0.25,
        0.1666666716337204
      ],
      [
        0.5,
        0.25,
        0.1666666716337204
      ],
      [
        0.5,
        0.25,
        0.1666666716337204
      ],
      [
        0.5,
        0.25,
        0.1666666716337204
      ],
      [
        0.5,
        0.25,
        0.1666666716337204
      ],
      [
        0.5,
        0.25,
        0.1666666716337204
      ],
      [
        0.5,
        0.25,
        0.1666666716337204
      ],
      [
        0.5,
        0.25,
        0.1666666716337204
      ],
      [
        0.5,
        0.25,
        0.1666666716337204
      ],
      [
        0.5,
        0.25,
        0.1666666716337204
      ]
    ],
    "Precision": [
      [
        0.0,
        0.125,
        0.0
      ],
      [
        0.0,
        0.125,
        0.0
      ],
      [
        0.0,
        0.0,
        0.0
      ],
      [
        0.0,
        0.0,
        0.0
      ],
      [
        0.0,
        0.0,
        0.0
      ],
      [
        0.0,
        0.0,
        0.0
      ],
      [
        0.0,
        0.0,
        0.0
      ],
      [
        0.0,
        0.0,
        0.0
      ],
      [
        0.0,
        0.0,
        0.0
      ],
      [
        0.0,
        0.0,
        0.0
      ],
      [
        0.0,
        0.0,
        0.0
      ],
      [
        0.0,
        0.0,
        0.0
      ],
      [
        0.0,
        0.0,
        0.0
      ],
      [
        0.0,
        0.0,
        0.0
      ],
      [
        0.0,
        0.0,
        0.0
      ],
      [
        0.0,
        0.0,
        0.0
      ],
      [
        0.0,
        0.0,
        0.0
      ],
      [
        0.0,
        0.0,
        0.0
      ],
      [
        0.0,
        0.0,
        0.0
      ],
      [
        0.0,
        0.0,
        0.0
      ],
      [
        0.0,
        0.0,
        0.0
      ],
      [
        0.0,
        0.0,
        0.0
      ],
      [
        0.0,
        0.0,
        0.0
      ],
      [
        0.0,
        0.0,
        0.0
      ],
      [
        0.0,
        0.0,
        0.0
      ],
      [
        0.0,
        0.0,
        0.0
      ],
      [
        0.0,
        0.0,
        0.0
      ],
      [
        0.0,
        0.0,
        0.0
      ],
      [
        0.0,
        0.0,
        0.0
      ],
      [
        0.0,
        0.0,
        0.0
      ]
    ],
    "Recall": [
      [
        0.0,
        0.25,
        0.0
      ],
      [
        0.0,
        0.25,
        0.0
      ],
      [
        0.0,
        0.0,
        0.0
      ],
      [
        0.0,
        0.0,
        0.0
      ],
      [
        0.0,
        0.0,
        0.0
      ],
      [
        0.0,
        0.0,
        0.0
      ],
      [
        0.0,
        0.0,
        0.0
      ],
      [
        0.0,
        0.0,
        0.0
      ],
      [
        0.0,
        0.0,
        0.0
      ],
      [
        0.0,
        0.0,
        0.0
      ],
      [
        0.0,
        0.0,
        0.0
      ],
      [
        0.0,
        0.0,
        0.0
      ],
      [
        0.0,
        0.0,
        0.0
      ],
      [
        0.0,
        0.0,
        0.0
      ],
      [
        0.0,
        0.0,
        0.0
      ],
      [
        0.0,
        0.0,
        0.0
      ],
      [
        0.0,
        0.0,
        0.0
      ],
      [
        0.0,
        0.0,
        0.0
      ],
      [
        0.0,
        0.0,
        0.0
      ],
      [
        0.0,
        0.0,
        0.0
      ],
      [
        0.0,
        0.0,
        0.0
      ],
      [
        0.0,
        0.0,
        0.0
      ],
      [
        0.0,
        0.0,
        0.0
      ],
      [
        0.0,
        0.0,
        0.0
      ],
      [
        0.0,
        0.0,
        0.0
      ],
      [
        0.0,
        0.0,
        0.0
      ],
      [
        0.0,
        0.0,
        0.0
      ],
      [
        0.0,
        0.0,
        0.0
      ],
      [
        0.0,
        0.0,
        0.0
      ],
      [
        0.0,
        0.0,
        0.0
      ]
    ],
    "F1Score": [
      [
        0.0,
        0.1666666716337204,
        0.0
      ],
      [
        0.0,
        0.1666666716337204,
        0.0
      ],
      [
        0.0,
        0.0,
        0.0
      ],
      [
        0.0,
        0.0,
        0.0
      ],
      [
        0.0,
        0.0,
        0.0
      ],
      [
        0.0,
        0.0,
        0.0
      ],
      [
        0.0,
        0.0,
        0.0
      ],
      [
        0.0,
        0.0,
        0.0
      ],
      [
        0.0,
        0.0,
        0.0
      ],
      [
        0.0,
        0.0,
        0.0
      ],
      [
        0.0,
        0.0,
        0.0
      ],
      [
        0.0,
        0.0,
        0.0
      ],
      [
        0.0,
        0.0,
        0.0
      ],
      [
        0.0,
        0.0,
        0.0
      ],
      [
        0.0,
        0.0,
        0.0
      ],
      [
        0.0,
        0.0,
        0.0
      ],
      [
        0.0,
        0.0,
        0.0
      ],
      [
        0.0,
        0.0,
        0.0
      ],
      [
        0.0,
        0.0,
        0.0
      ],
      [
        0.0,
        0.0,
        0.0
      ],
      [
        0.0,
        0.0,
        0.0
      ],
      [
        0.0,
        0.0,
        0.0
      ],
      [
        0.0,
        0.0,
        0.0
      ],
      [
        0.0,
        0.0,
        0.0
      ],
      [
        0.0,
        0.0,
        0.0
      ],
      [
        0.0,
        0.0,
        0.0
      ],
      [
        0.0,
        0.0,
        0.0
      ],
      [
        0.0,
        0.0,
        0.0
      ],
      [
        0.0,
        0.0,
        0.0
      ],
      [
        0.0,
        0.0,
        0.0
      ]
    ],
    "info_prec": [
      0.0,
      0.0,
      0.0,
      0.0,
      0.0,
      0.0,
      0.0,
      0.0,
      0.0,
      0.25,
      0.25,
      0.25,
      0.25,
      0.25,
      0.25,
      0.25,
      0.25,
      0.25,
      0.25,
      0.25,
      0.25,
      0.25,
      0.25,
      0.25,
      0.25,
      0.25,
      0.25,
      0.0,
      0.0,
      0.0
    ],
    "info_rec": [
      0.0,
      0.0,
      0.0,
      0.0,
      0.0,
      0.0,
      0.0,
      0.0,
      0.0,
      0.5,
      0.5,
      0.5,
      0.5,
      0.5,
      0.5,
      0.5,
      0.5,
      0.5,
      0.5,
      0.5,
      0.5,
      0.5,
      0.5,
      0.5,
      0.5,
      0.5,
      0.5,
      0.0,
      0.0,
      0.0
    ],