{
  "User": "370",
  "validation_results": {
    "Accuracy": [
      [
        0.5,
        0.5,
        1.0
      ],
      [
        0.5,
        0.5,
        1.0
      ],
      [
        0.5,
        0.5,
        1.0
      ],
      [
        0.5,
        0.5,
        1.0
      ],
      [
        0.5,
        0.5,
        1.0
      ],
      [
        0.5,
        0.5,
        1.0
      ],
      [
        0.5,
        0.5,
        1.0
      ],
      [
        0.5,
        0.5,
        1.0
      ],
      [
        0.5,
        0.5,
        1.0
      ],
      [
        0.5,
        0.5,
        1.0
      ],
      [
        0.5,
        0.5,
        1.0
      ],
      [
        0.5,
        0.5,
        1.0
      ],
      [
        0.5,
        0.5,
        1.0
      ],
      [
        0.5,
        0.5,
        1.0
      ],
      [
        0.5,
        0.5,
        1.0
      ],
      [
        0.5,
        0.5,
        1.0
      ],
      [
        0.5,
        0.5,
        1.0
      ],
      [
        0.5,
        0.5,
        1.0
      ],
      [
        0.5,
        0.5,
        1.0
      ],
      [
        0.5,
        0.5,
        1.0
      ],
      [
        0.5,
        0.5,
        1.0
      ],
      [
        0.5,
        0.5,
        1.0
      ],
      [
        0.5,
        0.5,
        1.0
      ],
      [
        0.5,
        0.5,
        1.0
      ],
      [
        0.5,
        0.5,
        1.0
      ],
      [
        0.5,
        0.5,
        1.0
      ],
      [
        0.5,
        0.5,
        1.0
      ],
      [
        0.5,
        0.5,
        1.0
      ],
      [
        0.5,
        0.5,
        1.0
      ],
      [
        0.5,
        0.5,
        1.0
      ]
    ],
    "Precision": [
      [
        0.0,
        0.25,
        1.0
      ],
      [
        0.0,
        0.25,
        1.0
      ],
      [
        0.0,
        0.0,
        1.0
      ],
      [
        0.0,
        0.0,
        1.0
      ],
      [
        0.0,
        0.0,
        1.0
      ],
      [
        0.0,
        0.0,
        1.0
      ],
      [
        0.1666666716337204,
        0.0,
        1.0
      ],
      [
        0.1666666716337204,
        0.0,
        1.0
      ],
      [
        0.1666666716337204,
        0.0,
        1.0
      ],
      [
        0.1666666716337204,
        0.0,
        1.0
      ],
      [
        0.1666666716337204,
        0.0,
        1.0
      ],
      [
        0.1666666716337204,
        0.0,
        1.0
      ],
      [
        0.1666666716337204,
        0.0,
        1.0
      ],
      [
        0.1666666716337204,
        0.0,
        1.0
      ],
      [
        0.1666666716337204,
        0.0,
        1.0
      ],
      [
        0.1666666716337204,
        0.0,
        1.0
      ],
      [
        0.1666666716337204,
        0.0,
        1.0
      ],
      [
        0.1666666716337204,
        0.0,
        1.0
      ],
      [
        0.1666666716337204,
        0.0,
        1.0
      ],
      [
        0.1666666716337204,
        0.0,
        1.0
      ],
      [
        0.1666666716337204,
        0.0,
        1.0
      ],
      [
        0.1666666716337204,
        0.0,
        1.0
      ],
      [
        0.1666666716337204,
        0.0,
        1.0
      ],
      [
        0.1666666716337204,
        0.0,
        1.0
      ],
      [
        0.1666666716337204,
        0.0,
        1.0
      ],
      [
        0.1666666716337204,
        0.0,
        1.0
      ],
      [
        0.1666666716337204,
        0.0,
        1.0
      ],
      [
        0.1666666716337204,
        0.0,
        1.0
      ],
      [
        0.1666666716337204,
        0.0,
        1.0
      ],
      [
        0.1666666716337204,
        0.0,
        1.0
      ]
    ],
    "Recall": [
      [
        0.0,
        0.5,
        1.0
      ],
      [
        0.0,
        0.5,
        1.0
      ],
      [
        0.0,
        0.0,
        1.0
      ],
      [
        0.0,
        0.0,
        1.0
      ],
      [
        0.0,
        0.0,
        1.0
      ],
      [
        0.0,
        0.0,
        1.0
      ],
      [
        0.3333333432674408,
        0.0,
        1.0
      ],
      [
        0.3333333432674408,
        0.0,
        1.0
      ],
      [
        0.3333333432674408,
        0.0,
        1.0
      ],
      [
        0.3333333432674408,
        0.0,
        1.0
      ],
      [
        0.3333333432674408,
        0.0,
        1.0
      ],
      [
        0.3333333432674408,
        0.0,
        1.0
      ],
      [
        0.3333333432674408,
        0.0,
        1.0
      ],
      [
        0.3333333432674408,
        0.0,
        1.0
      ],
      [
        0.3333333432674408,
        0.0,
        1.0
      ],
      [
        0.3333333432674408,
        0.0,
        1.0
      ],
      [
        0.3333333432674408,
        0.0,
        1.0
      ],
      [
        0.3333333432674408,
        0.0,
        1.0
      ],
      [
        0.3333333432674408,
        0.0,
        1.0
      ],
      [
        0.3333333432674408,
        0.0,
        1.0
      ],
      [
        0.3333333432674408,
        0.0,
        1.0
      ],
      [
        0.3333333432674408,
        0.0,
        1.0
      ],
      [
        0.3333333432674408,
        0.0,
        1.0
      ],
      [
        0.3333333432674408,
        0.0,
        1.0
      ],
      [
        0.3333333432674408,
        0.0,
        1.0
      ],
      [
        0.3333333432674408,
        0.0,
        1.0
      ],
      [
        0.3333333432674408,
        0.0,
        1.0
      ],
      [
        0.3333333432674408,
        0.0,
        1.0
      ],
      [
        0.3333333432674408,
        0.0,
        1.0
      ],
      [
        0.3333333432674408,
        0.0,
        1.0
      ]
    ],
    "F1Score": [
      [
        0.0,
        0.3333333432674408,
        1.0
      ],
      [
        0.0,
        0.3333333432674408,
        1.0
      ],
      [
        0.0,
        0.0,
        1.0
      ],
      [
        0.0,
        0.0,
        1.0
      ],
      [
        0.0,
        0.0,
        1.0
      ],
      [
        0.0,
        0.0,
        1.0
      ],
      [
        0.2222222238779068,
        0.0,
        1.0
      ],
      [
        0.2222222238779068,
        0.0,
        1.0
      ],
      [
        0.2222222238779068,
        0.0,
        1.0
      ],
      [
        0.2222222238779068,
        0.0,
        1.0
      ],
      [
        0.2222222238779068,
        0.0,
        1.0
      ],
      [
        0.2222222238779068,
        0.0,
        1.0
      ],
      [
        0.2222222238779068,
        0.0,
        1.0
      ],
      [
        0.2222222238779068,
        0.0,
        1.0
      ],
      [
        0.2222222238779068,
        0.0,
        1.0
      ],
      [
        0.2222222238779068,
        0.0,
        1.0
      ],
      [
        0.2222222238779068,
        0.0,
        1.0
      ],
      [
        0.2222222238779068,
        0.0,
        1.0
      ],
      [
        0.2222222238779068,
        0.0,
        1.0
      ],
      [
        0.2222222238779068,
        0.0,
        1.0
      ],
      [
        0.2222222238779068,
        0.0,
        1.0
      ],
      [
        0.2222222238779068,
        0.0,
        1.0
      ],
      [
        0.2222222238779068,
        0.0,
        1.0
      ],
      [
        0.2222222238779068,
        0.0,
        1.0
      ],
      [
        0.2222222238779068,
        0.0,
        1.0
      ],
      [
        0.2222222238779068,
        0.0,
        1.0
      ],
      [
        0.2222222238779068,
        0.0,
        1.0
      ],
      [
        0.2222222238779068,
        0.0,
        1.0
      ],
      [
        0.2222222238779068,
        0.0,
        1.0
      ],
      [
        0.2222222238779068,
        0.0,
        1.0
      ]
    ],