{
  "User": "461",
  "validation_results": {
    "Accuracy": [
      [
        0.7777777910232544,
        1.0,
        1.0
      ],
      [
        0.7777777910232544,
        1.0,
        1.0
      ],
      [
        0.1666666716337204,
        1.0,
        1.0
      ],
      [
        0.1666666716337204,
        0.0,
        1.0
      ],
      [
        0.1666666716337204,
        0.0,
        1.0
      ],
      [
        0.1666666716337204,
        0.0,
        1.0
      ],
      [
        0.1666666716337204,
        0.0,
        1.0
      ],
      [
        0.1666666716337204,
        0.0,
        1.0
      ],
      [
        0.1666666716337204,
        0.0,
        1.0
      ],
      [
        0.1666666716337204,
        0.0,
        1.0
      ],
      [
        0.1666666716337204,
        0.0,
        1.0
      ],
      [
        0.1666666716337204,
        0.0,
        1.0
      ],
      [
        0.1666666716337204,
        0.0,
        1.0
      ],
      [
        0.1666666716337204,
        0.0,
        1.0
      ],
      [
        0.1666666716337204,
        0.0,
        1.0
      ],
      [
        0.1666666716337204,
        0.0,
        1.0
      ],
      [
        0.1666666716337204,
        0.0,
        1.0
      ],
      [
        0.1666666716337204,
        0.0,
        1.0
      ],
      [
        0.1666666716337204,
        0.0,
        1.0
      ],
      [
        0.1666666716337204,
        0.0,
        1.0
      ],
      [
        0.1666666716337204,
        0.0,
        1.0
      ],
      [
        0.1666666716337204,
        0.0,
        1.0
      ],
      [
        0.1666666716337204,
        0.0,
        1.0
      ],
      [
        0.1666666716337204,
        0.0,
        1.0
      ],
      [
        0.1666666716337204,
        0.0,
        1.0
      ],
      [
        0.1666666716337204,
        0.0,
        1.0
      ],
      [
        0.1666666716337204,
        0.0,
        1.0
      ],
      [
        0.1666666716337204,
        0.0,
        1.0
      ],
      [
        0.1666666716337204,
        0.0,
        1.0
      ],
      [
        0.1666666716337204,
        0.0,
        1.0
      ]
    ],
    "Precision": [
      [
        0.7777777910232544,
        1.0,
        1.0
      ],
      [
        0.7777777910232544,
        1.0,
        1.0
      ],
      [
        0.0555555559694767,
        1.0,
        1.0
      ],
      [
        0.0555555559694767,
        0.0,
        1.0
      ],
      [
        0.0555555559694767,
        0.0,
        1.0
      ],
      [
        0.0555555559694767,
        0.0,
        1.0
      ],
      [
        0.0555555559694767,
        0.0,
        1.0
      ],
      [
        0.0555555559694767,
        0.0,
        1.0
      ],
      [
        0.0555555559694767,
        0.0,
        1.0
      ],
      [
        0.0555555559694767,
        0.0,
        1.0
      ],
      [
        0.0555555559694767,
        0.0,
        1.0
      ],
      [
        0.0555555559694767,
        0.0,
        1.0
      ],
      [
        0.0555555559694767,
        0.0,
        1.0
      ],
      [
        0.0555555559694767,
        0.0,
        1.0
      ],
      [
        0.0555555559694767,
        0.0,
        1.0
      ],
      [
        0.0555555559694767,
        0.0,
        1.0
      ],
      [
        0.0555555559694767,
        0.0,
        1.0
      ],
      [
        0.0555555559694767,
        0.0,
        1.0
      ],
      [
        0.0555555559694767,
        0.0,
        1.0
      ],
      [
        0.0555555559694767,
        0.0,
        1.0
      ],
      [
        0.0555555559694767,
        0.0,
        1.0
      ],
      [
        0.0555555559694767,
        0.0,
        1.0
      ],
      [
        0.0555555559694767,
        0.0,
        1.0
      ],
      [
        0.0555555559694767,
        0.0,
        1.0
      ],
      [
        0.0555555559694767,
        0.0,
        1.0
      ],
      [
        0.0555555559694767,
        0.0,
        1.0
      ],
      [
        0.0555555559694767,
        0.0,
        1.0
      ],
      [
        0.0555555559694767,
        0.0,
        1.0
      ],
      [
        0.0555555559694767,
        0.0,
        1.0
      ],
      [
        0.0555555559694767,
        0.0,
        1.0
      ]
    ],
    "Recall": [
      [
        1.0,
        1.0,
        1.0
      ],
      [
        1.0,
        1.0,
        1.0
      ],
      [
        0.1666666716337204,
        1.0,
        1.0
      ],
      [
        0.1666666716337204,
        0.0,
        1.0
      ],
      [
        0.1666666716337204,
        0.0,
        1.0
      ],
      [
        0.1666666716337204,
        0.0,
        1.0
      ],
      [
        0.1666666716337204,
        0.0,
        1.0
      ],
      [
        0.1666666716337204,
        0.0,
        1.0
      ],
      [
        0.1666666716337204,
        0.0,
        1.0
      ],
      [
        0.1666666716337204,
        0.0,
        1.0
      ],
      [
        0.1666666716337204,
        0.0,
        1.0
      ],
      [
        0.1666666716337204,
        0.0,
        1.0
      ],
      [
        0.1666666716337204,
        0.0,
        1.0
      ],
      [
        0.1666666716337204,
        0.0,
        1.0
      ],
      [
        0.1666666716337204,
        0.0,
        1.0
      ],
      [
        0.1666666716337204,
        0.0,
        1.0
      ],
      [
        0.1666666716337204,
        0.0,
        1.0
      ],
      [
        0.1666666716337204,
        0.0,
        1.0
      ],
      [
        0.1666666716337204,
        0.0,
        1.0
      ],
      [
        0.1666666716337204,
        0.0,
        1.0
      ],
      [
        0.1666666716337204,
        0.0,
        1.0
      ],
      [
        0.1666666716337204,
        0.0,
        1.0
      ],
      [
        0.1666666716337204,
        0.0,
        1.0
      ],
      [
        0.1666666716337204,
        0.0,
        1.0
      ],
      [
        0.1666666716337204,
        0.0,
        1.0
      ],
      [
        0.1666666716337204,
        0.0,
        1.0
      ],
      [
        0.1666666716337204,
        0.0,
        1.0
      ],
      [
        0.1666666716337204,
        0.0,
        1.0
      ],
      [
        0.1666666716337204,
        0.0,
        1.0
      ],
      [
        0.1666666716337204,
        0.0,
        1.0
      ]
    ],