{
  "User": "310",
  "validation_results": {
    "Accuracy": [
      [
        0.3333333432674408,
        1.0,
        1.0
      ],
      [
        0.3333333432674408,
        1.0,
        1.0
      ],
      [
        0.3333333432674408,
        1.0,
        1.0
      ],
      [
        0.3333333432674408,
        0.0,
        1.0
      ],
      [
        0.3333333432674408,
        0.0,
        1.0
      ],
      [
        0.3333333432674408,
        0.0,
        1.0
      ],
      [
        0.3333333432674408,
        0.0,
        1.0
      ],
      [
        0.3333333432674408,
        0.0,
        1.0
      ],
      [
        0.3333333432674408,
        0.0,
        1.0
      ],
      [
        0.3333333432674408,
        0.0,
        1.0
      ],
      [
        0.3333333432674408,
        0.0,
        1.0
      ],
      [
        0.3333333432674408,
        0.0,
        1.0
      ],
      [
        0.3333333432674408,
        0.0,
        1.0
      ],
      [
        0.3333333432674408,
        0.0,
        1.0
      ],
      [
        0.3333333432674408,
        0.0,
        1.0
      ],
      [
        0.3333333432674408,
        0.0,
        1.0
      ],
      [
        0.3333333432674408,
        0.0,
        1.0
      ],
      [
        0.3333333432674408,
        0.0,
        1.0
      ],
      [
        0.3333333432674408,
        0.0,
        1.0
      ],
      [
        0.3333333432674408,
        0.0,
        1.0
      ],
      [
        0.3333333432674408,
        0.0,
        1.0
      ],
      [
        0.3333333432674408,
        0.0,
        1.0
      ],
      [
        0.3333333432674408,
        0.0,
        1.0
      ],
      [
        0.3333333432674408,
        0.0,
        1.0
      ],
      [
        0.3333333432674408,
        0.0,
        1.0
      ],
      [
        0.3333333432674408,
        0.0,
        1.0
      ],
      [
        0.3333333432674408,
        0.0,
        1.0
      ],
      [
        0.3333333432674408,
        0.0,
        1.0
      ],
      [
        0.3333333432674408,
        0.0,
        1.0
      ],
      [
        0.3333333432674408,
        0.0,
        1.0
      ]
    ],
    "Precision": [
      [
        0.3333333432674408,
        1.0,
        1.0
      ],
      [
        0.3333333432674408,
        1.0,
        1.0
      ],
      [
        0.3333333432674408,
        1.0,
        1.0
      ],
      [
        0.3333333432674408,
        0.0,
        1.0
      ],
      [
        0.3333333432674408,
        0.0,
        1.0
      ],
      [
        0.3333333432674408,
        0.0,
        1.0
      ],
      [
        0.3333333432674408,
        0.0,
        1.0
      ],
      [
        0.3333333432674408,
        0.0,
        1.0
      ],
      [
        0.3333333432674408,
        0.0,
        1.0
      ],
      [
        0.3333333432674408,
        0.0,
        1.0
      ],
      [
        0.3333333432674408,
        0.0,
        1.0
      ],
      [
        0.3333333432674408,
        0.0,
        1.0
      ],
      [
        0.3333333432674408,
        0.0,
        1.0
      ],
      [
        0.3333333432674408,
        0.0,
        1.0
      ],
      [
        0.3333333432674408,
        0.0,
        1.0
      ],
      [
        0.3333333432674408,
        0.0,
        1.0
      ],
      [
        0.3333333432674408,
        0.0,
        1.0
      ],
      [
        0.3333333432674408,
        0.0,
        1.0
      ],
      [
        0.3333333432674408,
        0.0,
        1.0
      ],
      [
        0.3333333432674408,
        0.0,
        1.0
      ],
      [
        0.3333333432674408,
        0.0,
        1.0
      ],
      [
        0.3333333432674408,
        0.0,
        1.0
      ],
      [
        0.3333333432674408,
        0.0,
        1.0
      ],
      [
        0.3333333432674408,
        0.0,
        1.0
      ],
      [
        0.3333333432674408,
        0.0,
        1.0
      ],
      [
        0.3333333432674408,
        0.0,
        1.0
      ],
      [
        0.3333333432674408,
        0.0,
        1.0
      ],
      [
        0.3333333432674408,
        0.0,
        1.0
      ],
      [
        0.3333333432674408,
        0.0,
        1.0
      ],
      [
        0.3333333432674408,
        0.0,
        1.0
      ]
    ],
    "Recall": [
      [
        0.3333333432674408,
        1.0,
        1.0
      ],
      [
        0.3333333432674408,
        1.0,
        1.0
      ],
      [
        0.3333333432674408,
        1.0,
        1.0
      ],
      [
        0.3333333432674408,
        0.0,
        1.0
      ],
      [
        0.3333333432674408,
        0.0,
        1.0
      ],
      [
        0.3333333432674408,
        0.0,
        1.0
      ],
      [
        0.3333333432674408,
        0.0,
        1.0
      ],
      [
        0.3333333432674408,
        0.0,
        1.0
      ],
      [
        0.3333333432674408,
        0.0,
        1.0
      ],
      [
        0.3333333432674408,
        0.0,
        1.0
      ],
      [
        0.3333333432674408,
        0.0,
        1.0
      ],
      [
        0.3333333432674408,
        0.0,
        1.0
      ],
      [
        0.3333333432674408,
        0.0,
        1.0
      ],
      [
        0.3333333432674408,
        0.0,
        1.0
      ],
      [
        0.3333333432674408,
        0.0,
        1.0
      ],
      [
        0.3333333432674408,
        0.0,
        1.0
      ],
      [
        0.3333333432674408,
        0.0,
        1.0
      ],
      [
        0.3333333432674408,
        0.0,
        1.0
      ],
      [
        0.3333333432674408,
        0.0,
        1.0
      ],
      [
        0.3333333432674408,
        0.0,
        1.0
      ],
      [
        0.3333333432674408,
        0.0,
        1.0
      ],
      [
        0.3333333432674408,
        0.0,
        1.0
      ],
      [
        0.3333333432674408,
        0.0,
        1.0
      ],
      [
        0.3333333432674408,
        0.0,
        1.0
      ],
      [
        0.3333333432674408,
        0.0,
        1.0
      ],
      [
        0.3333333432674408,
        0.0,
        1.0
      ],
      [
        0.3333333432674408,
        0.0,
        1.0
      ],
      [
        0.3333333432674408,
        0.0,
        1.0
      ],
      [
        0.3333333432674408,
        0.0,
        1.0
      ],
      [
        0.3333333432674408,
        0.0,
        1.0
      ]
    ],