{
  "User": "167",
  "validation_results": {
    "Accuracy": [
      [
        1.0,
        0.5555555820465088,
        1.0
      ],
      [
        1.0,
        0.5555555820465088,
        1.0
      ],
      [
        1.0,
        0.6666666865348816,
        1.0
      ],
      [
        0.0,
        0.6666666865348816,
        1.0
      ],
      [
        0.0,
        0.6666666865348816,
        1.0
      ],
      [
        0.0,
        0.6666666865348816,
        1.0
      ],
      [
        0.0,
        0.6666666865348816,
        1.0
      ],
      [
        0.0,
        0.6666666865348816,
        1.0
      ],
      [
        0.0,
        0.6666666865348816,
        1.0
      ],
      [
        0.0,
        0.6666666865348816,
        1.0
      ],
      [
        0.0,
        0.6666666865348816,
        1.0
      ],
      [
        0.0,
        0.6666666865348816,
        1.0
      ],
      [
        0.0,
        0.6666666865348816,
        1.0
      ],
      [
        0.0,
        0.6666666865348816,
        1.0
      ],
      [
        0.0,
        0.6666666865348816,
        1.0
      ],
      [
        0.0,
        0.6666666865348816,
        1.0
      ],
      [
        0.0,
        0.6666666865348816,
        1.0
      ],
      [
        0.0,
        0.6666666865348816,
        1.0
      ],
      [
        0.0,
        0.6666666865348816,
        1.0
      ],
      [
        0.0,
        0.6666666865348816,
        1.0
      ],
      [
        0.0,
        0.6666666865348816,
        1.0
      ],
      [
        0.0,
        0.6666666865348816,
        1.0
      ],
      [
        0.0,
        0.6666666865348816,
        1.0
      ],
      [
        0.0,
        0.6666666865348816,
        1.0
      ],
      [
        0.0,
        0.6666666865348816,
        1.0
      ],
      [
        0.0,
        0.6666666865348816,
        1.0
      ],
      [
        0.0,
        0.6666666865348816,
        1.0
      ],
      [
        0.0,
        0.6666666865348816,
        1.0
      ],
      [
        0.0,
        0.6666666865348816,
        1.0
      ],
      [
        0.0,
        0.6666666865348816,
        1.0
      ]
    ],
    "Precision": [
      [
        1.0,
        0.1111111119389534,
        1.0
      ],
      [
        1.0,
        0.1111111119389534,
        1.0
      ],
      [
        1.0,
        0.0,
        1.0
      ],
      [
        0.0,
        0.0,
        1.0
      ],
      [
        0.0,
        0.0,
        1.0
      ],
      [
        0.0,
        0.0,
        1.0
      ],
      [
        0.0,
        0.0,
        1.0
      ],
      [
        0.0,
        0.0,
        1.0
      ],
      [
        0.0,
        0.0,
        1.0
      ],
      [
        0.0,
        0.0,
        1.0
      ],
      [
        0.0,
        0.0,
        1.0
      ],
      [
        0.0,
        0.0,
        1.0
      ],
      [
        0.0,
        0.0,
        1.0
      ],
      [
        0.0,
        0.0,
        1.0
      ],
      [
        0.0,
        0.0,
        1.0
      ],
      [
        0.0,
        0.0,
        1.0
      ],
      [
        0.0,
        0.0,
        1.0
      ],
      [
        0.0,
        0.0,
        1.0
      ],
      [
        0.0,
        0.0,
        1.0
      ],
      [
        0.0,
        0.0,
        1.0
      ],
      [
        0.0,
        0.0,
        1.0
      ],
      [
        0.0,
        0.0,
        1.0
      ],
      [
        0.0,
        0.0,
        1.0
      ],
      [
        0.0,
        0.0,
        1.0
      ],
      [
        0.0,
        0.0,
        1.0
      ],
      [
        0.0,
        0.0,
        1.0
      ],
      [
        0.0,
        0.0,
        1.0
      ],
      [
        0.0,
        0.0,
        1.0
      ],
      [
        0.0,
        0.0,
        1.0
      ],
      [
        0.0,
        0.0,
        1.0
      ]
    ],
    "Recall": [
      [
        1.0,
        0.3333333432674408,
        1.0
      ],
      [
        1.0,
        0.3333333432674408,
        1.0
      ],
      [
        1.0,
        0.0,
        1.0
      ],
      [
        0.0,
        0.0,
        1.0
      ],
      [
        0.0,
        0.0,
        1.0
      ],
      [
        0.0,
        0.0,
        1.0
      ],
      [
        0.0,
        0.0,
        1.0
      ],
      [
        0.0,
        0.0,
        1.0
      ],
      [
        0.0,
        0.0,
        1.0
      ],
      [
        0.0,
        0.0,
        1.0
      ],
      [
        0.0,
        0.0,
        1.0
      ],
      [
        0.0,
        0.0,
        1.0
      ],
      [
        0.0,
        0.0,
        1.0
      ],
      [
        0.0,
        0.0,
        1.0
      ],
      [
        0.0,
        0.0,
        1.0
      ],
      [
        0.0,
        0.0,
        1.0
      ],
      [
        0.0,
        0.0,
        1.0
      ],
      [
        0.0,
        0.0,
        1.0
      ],
      [
        0.0,
        0.0,
        1.0
      ],
      [
        0.0,
        0.0,
        1.0
      ],
      [
        0.0,
        0.0,
        1.0
      ],
      [
        0.0,
        0.0,
        1.0
      ],
      [
        0.0,
        0.0,
        1.0
      ],
      [
        0.0,
        0.0,
        1.0
      ],
      [
        0.0,
        0.0,
        1.0
      ],
      [
        0.0,
        0.0,
        1.0
      ],
      [
        0.0,
        0.0,
        1.0
      ],
      [
        0.0,
        0.0,
        1.0
      ],
      [
        0.0,
        0.0,
        1.0
      ],
      [
        0.0,
        0.0,
        1.0
      ]
    ],
    "F1Score": [
      [
        1.0,
        0.1666666716337204,
        1.0
      ],
      [
        1.0,
        0.1666666716337204,
        1.0
      ],
      [
        1.0,
        0.0,
        1.0
      ],
      [
        0.0,
        0.0,
        1.0
      ],
      [
        0.0,
        0.0,
        1.0
      ],
      [
        0.0,
        0.0,
        1.0
      ],
      [
        0.0,
        0.0,
        1.0
      ],
      [
        0.0,
        0.0,
        1.0
      ],
      [
        0.0,
        0.0,
        1.0
      ],
      [
        0.0,
        0.0,
        1.0
      ],
      [
        0.0,
        0.0,
        1.0
      ],
      [
        0.0,
        0.0,
        1.0
      ],
      [
        0.0,
        0.0,
        1.0
      ],
      [
        0.0,
        0.0,
        1.0
      ],
      [
        0.0,
        0.0,
        1.0
      ],
      [
        0.0,
        0.0,
        1.0
      ],
      [
        0.0,
        0.0,
        1.0
      ],
      [
        0.0,
        0.0,
        1.0
      ],
      [
        0.0,
        0.0,
        1.0
      ],
      [
        0.0,
        0.0,
        1.0
      ],
      [
        0.0,
        0.0,
        1.0
      ],
      [
        0.0,
        0.0,
        1.0
      ],
      [
        0.0,
        0.0,
        1.0
      ],
      [
        0.0,
        0.0,
        1.0
      ],
      [
        0.0,
        0.0,
        1.0
      ],
      [
        0.0,
        0.0,
        1.0
      ],
      [
        0.0,
        0.0,
        1.0
      ],
      [
        0.0,
        0.0,
        1.0
      ],
      [
        0.0,
        0.0,
        1.0
      ],
      [
        0.0,
        0.0,
        1.0
      ]
    ],
    "info_prec": [
      0.0,
      0.0,
      0.0,
      0.0,
      0.1111111111111111,
      0.1111111111111111,
      0.1111111111111111,
      0.1111111111111111,
      0.1111111111111111,
      0.1111111111111111,
      0.1111111111111111,
      0.1111111111111111,
      0.1111111111111111,
      0.1111111111111111,
      0.1111111111111111,
      0.0,
      0.0,
      0.0,
      0.0,
      0.0,
      0.0,
      0.0,
      0.0,
      0.0,
      0.0,
      0.0,
      0.0,
      0.0,
      0.0,
      0.0
    ],