{
  "User": "84",
  "validation_results": {
    "Accuracy": [
      [
        0.5555555820465088,
        0.7083333730697632,
        0.375
      ],
      [
        0.5555555820465088,
        0.7083333730697632,
        0.375
      ],
      [
        0.5555555820465088,
        0.7083333730697632,
        0.375
      ],
      [
        0.5555555820465088,
        0.625,
        0.375
      ],
      [
        0.5555555820465088,
        0.625,
        0.375
      ],
      [
        0.5555555820465088,
        0.625,
        0.375
      ],
      [
        0.5555555820465088,
        0.625,
        0.375
      ],
      [
        0.5555555820465088,
        0.625,
        0.375
      ],
      [
        0.5555555820465088,
        0.625,
        0.375
      ],
      [
        0.5555555820465088,
        0.625,
        0.375
      ],
      [
        0.5555555820465088,
        0.625,
        0.375
      ],
      [
        0.5555555820465088,
        0.625,
        0.375
      ],
      [
        0.5555555820465088,
        0.625,
        0.375
      ],
      [
        0.5555555820465088,
        0.625,
        0.375
      ],
      [
        0.5555555820465088,
        0.625,
        0.375
      ],
      [
        0.5555555820465088,
        0.625,
        0.375
      ],
      [
        0.5555555820465088,
        0.625,
        0.375
      ],
      [
        0.5555555820465088,
        0.625,
        0.375
      ],
      [
        0.5555555820465088,
        0.625,
        0.375
      ],
      [
        0.5555555820465088,
        0.625,
        0.375
      ],
      [
        0.5555555820465088,
        0.625,
        0.375
      ],
      [
        0.5555555820465088,
        0.625,
        0.375
      ],
      [
        0.5555555820465088,
        0.625,
        0.375
      ],
      [
        0.5555555820465088,
        0.625,
        0.375
      ],
      [
        0.5555555820465088,
        0.625,
        0.375
      ],
      [
        0.5555555820465088,
        0.625,
        0.375
      ],
      [
        0.5555555820465088,
        0.625,
        0.375
      ],
      [
        0.5555555820465088,
        0.625,
        0.375
      ],
      [
        0.5555555820465088,
        0.625,
        0.375
      ],
      [
        0.5555555820465088,
        0.625,
        0.375
      ]
    ],
    "Precision": [
      [
        0.1111111119389534,
        0.5416666865348816,
        0.0416666679084301
      ],
      [
        0.1111111119389534,
        0.5416666865348816,
        0.0416666679084301
      ],
      [
        0.1111111119389534,
        0.5416666865348816,
        0.0416666679084301
      ],
      [
        0.1111111119389534,
        0.375,
        0.0416666679084301
      ],
      [
        0.1111111119389534,
        0.375,
        0.0416666679084301
      ],
      [
        0.1111111119389534,
        0.375,
        0.0416666679084301
      ],
      [
        0.1111111119389534,
        0.375,
        0.0416666679084301
      ],
      [
        0.1111111119389534,
        0.375,
        0.0416666679084301
      ],
      [
        0.1111111119389534,
        0.375,
        0.0416666679084301
      ],
      [
        0.1111111119389534,
        0.375,
        0.0416666679084301
      ],
      [
        0.1111111119389534,
        0.375,
        0.0416666679084301
      ],
      [
        0.1111111119389534,
        0.375,
        0.0416666679084301
      ],
      [
        0.1111111119389534,
        0.375,
        0.0416666679084301
      ],
      [
        0.1111111119389534,
        0.375,
        0.0416666679084301
      ],
      [
        0.1111111119389534,
        0.375,
        0.0416666679084301
      ],
      [
        0.1111111119389534,
        0.375,
        0.0416666679084301
      ],
      [
        0.1111111119389534,
        0.375,
        0.0416666679084301
      ],
      [
        0.1111111119389534,
        0.375,
        0.0416666679084301
      ],
      [
        0.1111111119389534,
        0.375,
        0.0416666679084301
      ],
      [
        0.1111111119389534,
        0.375,
        0.0416666679084301
      ],
      [
        0.1111111119389534,
        0.375,
        0.0416666679084301
      ],
      [
        0.1111111119389534,
        0.375,
        0.0416666679084301
      ],
      [
        0.1111111119389534,
        0.375,
        0.0416666679084301
      ],
      [
        0.1111111119389534,
        0.375,
        0.0416666679084301
      ],
      [
        0.1111111119389534,
        0.375,
        0.0416666679084301
      ],
      [
        0.1111111119389534,
        0.375,
        0.0416666679084301
      ],
      [
        0.1111111119389534,
        0.375,
        0.0416666679084301
      ],
      [
        0.1111111119389534,
        0.375,
        0.0416666679084301
      ],
      [
        0.1111111119389534,
        0.375,
        0.0416666679084301
      ],
      [
        0.1111111119389534,
        0.375,
        0.0416666679084301
      ]
    ],
    "Recall": [
      [
        0.3333333432674408,
        0.625,
        0.125
      ],
      [
        0.3333333432674408,
        0.625,
        0.125
      ],
      [
        0.3333333432674408,
        0.625,
        0.125
      ],
      [
        0.3333333432674408,
        0.375,
        0.125
      ],
      [
        0.3333333432674408,
        0.375,
        0.125
      ],
      [
        0.3333333432674408,
        0.375,
        0.125
      ],
      [
        0.3333333432674408,
        0.375,
        0.125
      ],
      [
        0.3333333432674408,
        0.375,
        0.125
      ],
      [
        0.3333333432674408,
        0.375,
        0.125
      ],
      [
        0.3333333432674408,
        0.375,
        0.125
      ],
      [
        0.3333333432674408,
        0.375,
        0.125
      ],
      [
        0.3333333432674408,
        0.375,
        0.125
      ],
      [
        0.3333333432674408,
        0.375,
        0.125
      ],
      [
        0.3333333432674408,
        0.375,
        0.125
      ],
      [
        0.3333333432674408,
        0.375,
        0.125
      ],
      [
        0.3333333432674408,
        0.375,
        0.125
      ],
      [
        0.3333333432674408,
        0.375,
        0.125
      ],
      [
        0.3333333432674408,
        0.375,
        0.125
      ],
      [
        0.3333333432674408,
        0.375,
        0.125
      ],
      [
        0.3333333432674408,
        0.375,
        0.125
      ],
      [
        0.3333333432674408,
        0.375,
        0.125
      ],
      [
        0.3333333432674408,
        0.375,
        0.125
      ],
      [
        0.3333333432674408,
        0.375,
        0.125
      ],
      [
        0.3333333432674408,
        0.375,
        0.125
      ],
      [
        0.3333333432674408,
        0.375,
        0.125
      ],
      [
        0.3333333432674408,
        0.375,
        0.125
      ],
      [
        0.3333333432674408,
        0.375,
        0.125
      ],
      [
        0.3333333432674408,
        0.375,
        0.125
      ],
      [
        0.3333333432674408,
        0.375,
        0.125
      ],
      [
        0.3333333432674408,
        0.375,
        0.125
      ]
    ],