{
  "User": "114",
  "validation_results": {
    "Accuracy": [
      [
        0.5,
        0.5,
        0.5
      ],
      [
        0.5,
        0.5,
        0.5
      ],
      [
        0.5,
        0.5,
        0.5
      ],
      [
        0.5,
        0.5,
        0.5
      ],
      [
        0.5,
        0.5,
        0.5
      ],
      [
        0.5,
        0.5,
        0.5
      ],
      [
        0.5,
        0.5,
        0.5
      ],
      [
        0.5,
        0.5,
        0.5
      ],
      [
        0.5,
        0.5,
        0.5
      ],
      [
        0.5,
        0.5,
        0.5
      ],
      [
        0.5,
        0.5,
        0.5
      ],
      [
        0.5,
        0.5,
        0.5
      ],
      [
        0.5,
        0.5,
        0.5
      ],
      [
        0.5,
        0.5,
        0.5
      ],
      [
        0.5,
        0.5,
        0.5
      ],
      [
        0.5,
        0.5,
        0.5
      ],
      [
        0.5,
        0.5,
        0.5
      ],
      [
        0.5,
        0.5,
        0.5
      ],
      [
        0.5,
        0.5,
        0.5
      ],
      [
        0.5,
        0.5,
        0.5
      ],
      [
        0.5,
        0.5,
        0.5
      ],
      [
        0.5,
        0.5,
        0.5
      ],
      [
        0.5,
        0.5,
        0.5
      ],
      [
        0.5,
        0.5,
        0.5
      ],
      [
        0.5,
        0.5,
        0.5
      ],
      [
        0.5,
        0.5,
        0.5
      ],
      [
        0.5,
        0.5,
        0.5
      ],
      [
        0.5,
        0.5,
        0.5
      ],
      [
        0.5,
        0.5,
        0.5
      ],
      [
        0.5,
        0.5,
        0.5
      ]
    ],
    "Precision": [
      [
        0.5,
        0.10000000149011612,
        0.10000000149011612
      ],
      [
        0.5,
        0.10000000149011612,
        0.10000000149011612
      ],
      [
        0.5,
        0.10000000149011612,
        0.10000000149011612
      ],
      [
        0.25,
        0.10000000149011612,
        0.10000000149011612
      ],
      [
        0.25,
        0.10000000149011612,
        0.10000000149011612
      ],
      [
        0.25,
        0.10000000149011612,
        0.10000000149011612
      ],
      [
        0.25,
        0.10000000149011612,
        0.10000000149011612
      ],
      [
        0.25,
        0.10000000149011612,
        0.10000000149011612
      ],
      [
        0.25,
        0.10000000149011612,
        0.10000000149011612
      ],
      [
        0.25,
        0.10000000149011612,
        0.10000000149011612
      ],
      [
        0.25,
        0.10000000149011612,
        0.10000000149011612
      ],
      [
        0.25,
        0.10000000149011612,
        0.10000000149011612
      ],
      [
        0.25,
        0.10000000149011612,
        0.10000000149011612
      ],
      [
        0.25,
        0.10000000149011612,
        0.10000000149011612
      ],
      [
        0.25,
        0.10000000149011612,
        0.10000000149011612
      ],
      [
        0.25,
        0.10000000149011612,
        0.10000000149011612
      ],
      [
        0.25,
        0.10000000149011612,
        0.10000000149011612
      ],
      [
        0.25,
        0.10000000149011612,
        0.10000000149011612
      ],
      [
        0.25,
        0.10000000149011612,
        0.10000000149011612
      ],
      [
        0.25,
        0.10000000149011612,
        0.10000000149011612
      ],
      [
        0.25,
        0.10000000149011612,
        0.10000000149011612
      ],
      [
        0.25,
        0.10000000149011612,
        0.10000000149011612
      ],
      [
        0.25,
        0.10000000149011612,
        0.10000000149011612
      ],
      [
        0.25,
        0.10000000149011612,
        0.10000000149011612
      ],
      [
        0.25,
        0.10000000149011612,
        0.10000000149011612
      ],
      [
        0.25,
        0.10000000149011612,
        0.10000000149011612
      ],
      [
        0.25,
        0.10000000149011612,
        0.10000000149011612
      ],
      [
        0.25,
        0.10000000149011612,
        0.10000000149011612
      ],
      [
        0.25,
        0.10000000149011612,
        0.10000000149011612
      ],
      [
        0.25,
        0.10000000149011612,
        0.10000000149011612
      ]
    ],
    "Recall": [
      [
        1.0,
        0.20000000298023224,
        0.20000000298023224
      ],
      [
        1.0,
        0.20000000298023224,
        0.20000000298023224
      ],
      [
        1.0,
        0.20000000298023224,
        0.20000000298023224
      ],
      [
        0.5,
        0.20000000298023224,
        0.20000000298023224
      ],
      [
        0.5,
        0.20000000298023224,
        0.20000000298023224
      ],
      [
        0.5,
        0.20000000298023224,
        0.20000000298023224
      ],
      [
        0.5,
        0.20000000298023224,
        0.20000000298023224
      ],
      [
        0.5,
        0.20000000298023224,
        0.20000000298023224
      ],
      [
        0.5,
        0.20000000298023224,
        0.20000000298023224
      ],
      [
        0.5,
        0.20000000298023224,
        0.20000000298023224
      ],
      [
        0.5,
        0.20000000298023224,
        0.20000000298023224
      ],
      [
        0.5,
        0.20000000298023224,
        0.20000000298023224
      ],
      [
        0.5,
        0.20000000298023224,
        0.20000000298023224
      ],
      [
        0.5,
        0.20000000298023224,
        0.20000000298023224
      ],
      [
        0.5,
        0.20000000298023224,
        0.20000000298023224
      ],
      [
        0.5,
        0.20000000298023224,
        0.20000000298023224
      ],
      [
        0.5,
        0.20000000298023224,
        0.20000000298023224
      ],
      [
        0.5,
        0.20000000298023224,
        0.20000000298023224
      ],
      [
        0.5,
        0.20000000298023224,
        0.20000000298023224
      ],
      [
        0.5,
        0.20000000298023224,
        0.20000000298023224
      ],
      [
        0.5,
        0.20000000298023224,
        0.20000000298023224
      ],
      [
        0.5,
        0.20000000298023224,
        0.20000000298023224
      ],
      [
        0.5,
        0.20000000298023224,
        0.20000000298023224
      ],
      [
        0.5,
        0.20000000298023224,
        0.20000000298023224
      ],
      [
        0.5,
        0.20000000298023224,
        0.20000000298023224
      ],
      [
        0.5,
        0.20000000298023224,
        0.20000000298023224
      ],
      [
        0.5,
        0.20000000298023224,
        0.20000000298023224
      ],
      [
        0.5,
        0.20000000298023224,
        0.20000000298023224
      ],
      [
        0.5,
        0.20000000298023224,
        0.20000000298023224
      ],
      [
        0.5,
        0.20000000298023224,
        0.20000000298023224
      ]
    ],