{
  "User": "232",
  "validation_results": {
    "Accuracy": [
      [
        0.6666666865348816,
        1.0,
        1.0
      ],
      [
        0.6666666865348816,
        1.0,
        1.0
      ],
      [
        0.6666666865348816,
        1.0,
        1.0
      ],
      [
        0.5,
        1.0,
        1.0
      ],
      [
        0.5,
        1.0,
        1.0
      ],
      [
        0.5,
        1.0,
        0.0
      ],
      [
        0.5,
        1.0,
        0.0
      ],
      [
        0.5,
        1.0,
        0.0
      ],
      [
        0.5,
        1.0,
        0.0
      ],
      [
        0.5,
        1.0,
        0.0
      ],
      [
        0.5,
        1.0,
        0.0
      ],
      [
        0.4166666865348816,
        1.0,
        0.0
      ],
      [
        0.4166666865348816,
        1.0,
        0.0
      ],
      [
        0.4166666865348816,
        1.0,
        0.0
      ],
      [
        0.4166666865348816,
        1.0,
        0.0
      ],
      [
        0.4166666865348816,
        1.0,
        0.0
      ],
      [
        0.4166666865348816,
        1.0,
        0.0
      ],
      [
        0.4166666865348816,
        1.0,
        0.0
      ],
      [
        0.4166666865348816,
        1.0,
        0.0
      ],
      [
        0.4166666865348816,
        1.0,
        0.0
      ],
      [
        0.4166666865348816,
        1.0,
        0.0
      ],
      [
        0.4166666865348816,
        1.0,
        0.0
      ],
      [
        0.4166666865348816,
        1.0,
        0.0
      ],
      [
        0.4166666865348816,
        1.0,
        0.0
      ],
      [
        0.4166666865348816,
        1.0,
        0.0
      ],
      [
        0.4166666865348816,
        1.0,
        0.0
      ],
      [
        0.4166666865348816,
        1.0,
        0.0
      ],
      [
        0.4166666865348816,
        1.0,
        0.0
      ],
      [
        0.4166666865348816,
        1.0,
        0.0
      ],
      [
        0.4166666865348816,
        1.0,
        0.0
      ]
    ],
    "Precision": [
      [
        0.3333333432674408,
        1.0,
        1.0
      ],
      [
        0.3333333432674408,
        1.0,
        1.0
      ],
      [
        0.3333333432674408,
        1.0,
        1.0
      ],
      [
        0.0,
        1.0,
        1.0
      ],
      [
        0.0,
        1.0,
        1.0
      ],
      [
        0.0,
        1.0,
        0.0
      ],
      [
        0.0,
        1.0,
        0.0
      ],
      [
        0.0,
        1.0,
        0.0
      ],
      [
        0.0,
        1.0,
        0.0
      ],
      [
        0.0,
        1.0,
        0.0
      ],
      [
        0.0,
        1.0,
        0.0
      ],
      [
        0.0833333358168602,
        1.0,
        0.0
      ],
      [
        0.0833333358168602,
        1.0,
        0.0
      ],
      [
        0.0833333358168602,
        1.0,
        0.0
      ],
      [
        0.0833333358168602,
        1.0,
        0.0
      ],
      [
        0.0833333358168602,
        1.0,
        0.0
      ],
      [
        0.0833333358168602,
        1.0,
        0.0
      ],
      [
        0.0833333358168602,
        1.0,
        0.0
      ],
      [
        0.0833333358168602,
        1.0,
        0.0
      ],
      [
        0.0833333358168602,
        1.0,
        0.0
      ],
      [
        0.0833333358168602,
        1.0,
        0.0
      ],
      [
        0.0833333358168602,
        1.0,
        0.0
      ],
      [
        0.0833333358168602,
        1.0,
        0.0
      ],
      [
        0.0833333358168602,
        1.0,
        0.0
      ],
      [
        0.0833333358168602,
        1.0,
        0.0
      ],
      [
        0.0833333358168602,
        1.0,
        0.0
      ],
      [
        0.0833333358168602,
        1.0,
        0.0
      ],
      [
        0.0833333358168602,
        1.0,
        0.0
      ],
      [
        0.0833333358168602,
        1.0,
        0.0
      ],
      [
        0.0833333358168602,
        1.0,
        0.0
      ]
    ],
    "Recall": [
      [
        0.5,
        1.0,
        1.0
      ],
      [
        0.5,
        1.0,
        1.0
      ],
      [
        0.5,
        1.0,
        1.0
      ],
      [
        0.0,
        1.0,
        1.0
      ],
      [
        0.0,
        1.0,
        1.0
      ],
      [
        0.0,
        1.0,
        0.0
      ],
      [
        0.0,
        1.0,
        0.0
      ],
      [
        0.0,
        1.0,
        0.0
      ],
      [
        0.0,
        1.0,
        0.0
      ],
      [
        0.0,
        1.0,
        0.0
      ],
      [
        0.0,
        1.0,
        0.0
      ],
      [
        0.25,
        1.0,
        0.0
      ],
      [
        0.25,
        1.0,
        0.0
      ],
      [
        0.25,
        1.0,
        0.0
      ],
      [
        0.25,
        1.0,
        0.0
      ],
      [
        0.25,
        1.0,
        0.0
      ],
      [
        0.25,
        1.0,
        0.0
      ],
      [
        0.25,
        1.0,
        0.0
      ],
      [
        0.25,
        1.0,
        0.0
      ],
      [
        0.25,
        1.0,
        0.0
      ],
      [
        0.25,
        1.0,
        0.0
      ],
      [
        0.25,
        1.0,
        0.0
      ],
      [
        0.25,
        1.0,
        0.0
      ],
      [
        0.25,
        1.0,
        0.0
      ],
      [
        0.25,
        1.0,
        0.0
      ],
      [
        0.25,
        1.0,
        0.0
      ],
      [
        0.25,
        1.0,
        0.0
      ],
      [
        0.25,
        1.0,
        0.0
      ],
      [
        0.25,
        1.0,
        0.0
      ],
      [
        0.25,
        1.0,
        0.0
      ]
    ],
    "F1Score": [
      [
        0.4000000059604645,
        1.0,
        1.0
      ],
      [
        0.4000000059604645,
        1.0,
        1.0
      ],
      [
        0.4000000059604645,
        1.0,
        1.0
      ],
      [
        0.0,
        1.0,
        1.0
      ],
      [
        0.0,
        1.0,
        1.0
      ],
      [
        0.0,
        1.0,
        0.0
      ],
      [
        0.0,
        1.0,
        0.0
      ],
      [
        0.0,
        1.0,
        0.0
      ],
      [
        0.0,
        1.0,
        0.0
      ],
      [
        0.0,
        1.0,
        0.0
      ],
      [
        0.0,
        1.0,
        0.0
      ],
      [
        0.125,
        1.0,
        0.0
      ],
      [
        0.125,
        1.0,
        0.0
      ],
      [
        0.125,
        1.0,
        0.0
      ],
      [
        0.125,
        1.0,
        0.0
      ],
      [
        0.125,
        1.0,
        0.0
      ],
      [
        0.125,
        1.0,
        0.0
      ],
      [
        0.125,
        1.0,
        0.0
      ],
      [
        0.125,
        1.0,
        0.0
      ],
      [
        0.125,
        1.0,
        0.0
      ],
      [
        0.125,
        1.0,
        0.0
      ],
      [
        0.125,
        1.0,
        0.0
      ],
      [
        0.125,
        1.0,
        0.0
      ],
      [
        0.125,
        1.0,
        0.0
      ],
      [
        0.125,
        1.0,
        0.0
      ],
      [
        0.125,
        1.0,
        0.0
      ],
      [
        0.125,
        1.0,
        0.0
      ],
      [
        0.125,
        1.0,
        0.0
      ],
      [
        0.125,
        1.0,
        0.0
      ],
      [
        0.125,
        1.0,
        0.0
      ]
    ],
    "info_prec": [
      0.0,
      0.0,
      0.0,
      0.0,
      0.0,
      0.0,
      0.0,
      0.0,
      0.0,
      0.0,
      0.0,
      0.0,
      0.0,
      0.0,
      0.0,
      0.0,
      0.0,
      0.0,
      0.0,
      0.0,
      0.0,
      0.0,
      0.0,
      0.0,
      0.0,
      0.0,
      0.0,
      0.0,
      0.0,
      0.0
    ],